Response,Error,original_title,Title,Year,Rated,Released,Runtime,Genre,Director,Writer,Actors,Plot,Language,Country,Awards,Poster,Ratings,Metascore,imdbRating,imdbVotes,imdbID,Type,DVD,BoxOffice,Production,Website,totalSeasons
False,Movie not found!,Five Came Back: The Reference Films,,,,,,,,,,,,,,,,,,,,,,,,,
True,,Life of Brian,Monty Python's Life of Brian,1979,R,17 Aug 1979,94 min,Comedy,Terry Jones,"Graham Chapman, John Cleese, Terry Gilliam","Graham Chapman, John Cleese, Michael Palin","Born on the original Christmas in the stable next door to Jesus Christ, Brian of Nazareth spends his life being mistaken for a messiah.","English, Latin",United Kingdom,N/A,https://m.media-amazon.com/images/M/MV5BNDMzY2E4NjEtMTJiZC00Y2UzLWFiM2MtZWVhNTg5OGQxNjk1XkEyXkFqcGc@._V1_SX300.jpg,"[{'Source': 'Internet Movie Database', 'Value': '8.0/10'}, {'Source': 'Rotten Tomatoes', 'Value': '96%'}, {'Source': 'Metacritic', 'Value': '77/100'}]",77,8.0,"430,381",tt0079470,movie,N/A,"$20,206,622",N/A,N/A,
False,Movie not found!,Alexandria… Why?,,,,,,,,,,,,,,,,,,,,,,,,,
False,Movie not found!,Saladin the Victorious,,,,,,,,,,,,,,,,,,,,,,,,,
False,Movie not found!,"Beirut, Oh Beirut",,,,,,,,,,,,,,,,,,,,,,,,,
False,Movie not found!,The Return of the Prodigal Son,,,,,,,,,,,,,,,,,,,,,,,,,
True,,GoodFellas,Goodfellas,1990,R,21 Sep 1990,145 min,"Biography, Crime, Drama",Martin Scorsese,"Nicholas Pileggi, Martin Scorsese","Robert De Niro, Ray Liotta, Joe Pesci","The story of Henry Hill and his life in the mafia, covering his relationship with his wife Karen and his mob partners Jimmy Conway and Tommy DeVito.","English, Italian, Hebrew, Yiddish",United States,Won 1 Oscar. 44 wins & 38 nominations total,https://m.media-amazon.com/images/M/MV5BN2E5NzI2ZGMtY2VjNi00YTRjLWI1MDUtZGY5OWU1MWJjZjRjXkEyXkFqcGc@._V1_SX300.jpg,"[{'Source': 'Internet Movie Database', 'Value': '8.7/10'}, {'Source': 'Rotten Tomatoes', 'Value': '93%'}, {'Source': 'Metacritic', 'Value': '92/100'}]",92,8.7,"1,350,647",tt0099685,movie,N/A,"$46,909,721",N/A,N/A,
True,,Lean On Me,Lean on Me,1989,PG-13,03 Mar 1989,108 min,"Biography, Drama",John G. Avildsen,Michael Schiffer,"Morgan Freeman, Beverly Todd, Robert Guillaume",The dedicated but tyrannical Joe Clark is appointed the principal of a decaying inner-city school he is determined to improve by any and all means.,"English, Spanish, Portuguese",United States,3 wins & 6 nominations,https://m.media-amazon.com/images/M/MV5BN2RmMzFkNDgtMjkxOC00NmRlLTlmNTgtYzkwYjdiYzZiZmU4XkEyXkFqcGc@._V1_SX300.jpg,"[{'Source': 'Internet Movie Database', 'Value': '7.4/10'}, {'Source': 'Rotten Tomatoes', 'Value': '71%'}, {'Source': 'Metacritic', 'Value': '58/100'}]",58,7.4,"23,396",tt0097722,movie,N/A,"$31,906,454",N/A,N/A,
True,,Eddie Murphy Raw,Eddie Murphy: Raw,1987,R,18 Dec 1987,93 min,"Documentary, Comedy",Robert Townsend,"Eddie Murphy, Keenen Ivory Wayans","Eddie Murphy, Tatyana Ali, Billie Allen",Eddie Murphy in a stand-up performance recorded live. For an hour and a half he talks about his favourite subjects: sex and women.,English,United States,N/A,https://m.media-amazon.com/images/M/MV5BNTAxM2E4MGUtMGMyYS00ZGEyLThjMmQtNjQ1MmQ5ZTEyMzgyXkEyXkFqcGc@._V1_SX300.jpg,"[{'Source': 'Internet Movie Database', 'Value': '7.6/10'}, {'Source': 'Rotten Tomatoes', 'Value': '79%'}, {'Source': 'Metacritic', 'Value': '54/100'}]",54,7.6,"21,341",tt0092948,movie,N/A,"$50,504,655",N/A,N/A,
True,,Too Young The Hero,Too Young the Hero,1988,Not Rated,27 Mar 1988,100 min,"Biography, Drama, War",Buzz Kulik,"Calvin Graham, Gary Thomas, David J. Kinghorn","Ricky Schroder, Jon DeVries, Debra Mooney","The true story of Calvin Graham who at the age of twelve, but looking quite a lot older, succeeded in joining the navy during World War II. In spite of his young age, he received a Purple Heart for his bravery in the Naval Battle ...",English,United States,2 nominations total,https://m.media-amazon.com/images/M/MV5BNDY4ZjEyOWItY2IzOC00NTI4LTk0MTEtNDNkYzYzMmYxMjRlXkEyXkFqcGc@._V1_SX300.jpg,"[{'Source': 'Internet Movie Database', 'Value': '6.7/10'}]",N/A,6.7,593,tt0096286,movie,N/A,N/A,N/A,N/A,
True,,"Alexandria, Again and Forever",Alexandria: Again and Forever,1989,Not Rated,20 Jun 1990,100 min,Drama,Youssef Chahine,"Youssef Chahine, Yousry Nasrallah","Youssra, Youssef Chahine, Hussein Fahmy","During a hunger strike by the Egyptian film industry, Yehia, a famous Egyptian director, finds himself obsessed with Amir, the leading man in one of his movies, and Nadia, a woman he desires to work with.",Arabic,"France, Egypt",1 win & 1 nomination,https://m.media-amazon.com/images/M/MV5BMWYxNzdlOGYtOTliMC00Mzc1LWE4MjMtYjkxZjlhOWY3ZWQ1XkEyXkFqcGdeQXVyMjI4NzAzNjg@._V1_SX300.jpg,"[{'Source': 'Internet Movie Database', 'Value': '6.5/10'}, {'Source': 'Rotten Tomatoes', 'Value': '100%'}]",N/A,6.5,811,tt0099858,movie,N/A,N/A,N/A,N/A,
False,Movie not found!,The Little Wars,,,,,,,,,,,,,,,,,,,,,,,,,
True,,Mission: Impossible,Mission: Impossible - Ghost Protocol,2011,PG-13,21 Dec 2011,132 min,"Action, Adventure, Thriller",Brad Bird,"Bruce Geller, Josh Appelbaum, André Nemec","Tom Cruise, Jeremy Renner, Simon Pegg","The IMF is shut down when it's implicated in the bombing of the Kremlin, causing Ethan Hunt and his new team to go rogue to clear their organization's name.","English, Russian, French, Arabic, Swedish","United States, United Arab Emirates, Russia, Canada, Czech Republic, India",5 wins & 30 nominations total,https://m.media-amazon.com/images/M/MV5BMTY4MTUxMjQ5OV5BMl5BanBnXkFtZTcwNTUyMzg5Ng@@._V1_SX300.jpg,"[{'Source': 'Internet Movie Database', 'Value': '7.4/10'}, {'Source': 'Rotten Tomatoes', 'Value': '94%'}, {'Source': 'Metacritic', 'Value': '73/100'}]",73,7.4,"555,260",tt1229238,movie,N/A,"$209,397,903",N/A,N/A,
True,,InuYasha,Inuyasha,2000–2004,TV-14,31 Aug 2002,24 min,"Animation, Action, Adventure",N/A,Rumiko Takahashi,"Kappei Yamaguchi, Richard Ian Cox, Sarah Hauser",A teenage girl periodically travels back in time to feudal Japan to help a young half-demon recover the shards of a jewel of great power.,Japanese,Japan,2 wins & 1 nomination total,https://m.media-amazon.com/images/M/MV5BZjQxYThmNGEtNzU2ZS00NjZmLWEzNTItMWM2NmU0ZTc5NjY3XkEyXkFqcGc@._V1_SX300.jpg,"[{'Source': 'Internet Movie Database', 'Value': '7.9/10'}]",N/A,7.9,"19,166",tt0290223,series,,,,,7
False,Movie not found!,My First Errand,,,,,,,,,,,,,,,,,,,,,,,,,
True,,Jerry Seinfeld: I'm Telling You for the Last Time,Jerry Seinfeld: 'I'm Telling You for the Last Time',1998,TV-14,09 Aug 1998,75 min,Comedy,Marty Callner,Jerry Seinfeld,"Jerry Seinfeld, Michael Barryte, Grace Bustos","Live from New York City, Jerry Seinfeld, aided and abetted by a host of friends and fellow comedians, performs his 1998 Emmy-nominated performance on Broadway.",English,United States,Nominated for 2 Primetime Emmys. 4 nominations total,https://m.media-amazon.com/images/M/MV5BNDM4OTY0NTAyMF5BMl5BanBnXkFtZTcwNTcxMDQyMQ@@._V1_SX300.jpg,"[{'Source': 'Internet Movie Database', 'Value': '7.8/10'}]",N/A,7.8,"6,303",tt0500140,movie,N/A,N/A,N/A,N/A,
True,,Mann,Jaan-E-Mann: Let's Fall in Love... Again,2006,Not Rated,20 Oct 2006,165 min,"Comedy, Drama, Musical",Shirish Kunder,Shirish Kunder,"Salman Khan, Akshay Kumar, Preity G Zinta","Follows a love triangle between Agastya, Suhaan and Piya.","Hindi, English",India,2 nominations,https://m.media-amazon.com/images/M/MV5BZjVhMzNhZTEtMDRhMS00OTUyLTk1NDktYzUwN2U3ZWU0OGNhXkEyXkFqcGc@._V1_SX300.jpg,"[{'Source': 'Internet Movie Database', 'Value': '6.1/10'}, {'Source': 'Rotten Tomatoes', 'Value': '50%'}, {'Source': 'Metacritic', 'Value': '40/100'}]",40,6.1,"9,309",tt0456481,movie,N/A,"$650,000",N/A,N/A,
True,,Sam Kinison: Family Entertainment Hour,The Sam Kinison Family Entertainment Hour,1991,Not Rated,13 Jul 1991,50 min,"Documentary, Comedy, Music",Walter C. Miller,Sam Kinison,"Sam Kinison, Arthur Eckdahl, Randy Hansen","Catch Sam Kinison in his last recorded special. Filmed live at the Wiltern Theatre, Sam's not only provides the screaming comedy you've come to love him for, but he bookends this special with rock performances!",English,United States,N/A,https://m.media-amazon.com/images/M/MV5BMTg5ODE3NDA2NV5BMl5BanBnXkFtZTcwMjUxNTEyMQ@@._V1_SX300.jpg,"[{'Source': 'Internet Movie Database', 'Value': '6.4/10'}]",N/A,6.4,318,tt0249934,movie,N/A,N/A,N/A,N/A,
True,,Hum Saath Saath Hain,Hum Saath-Saath Hain,1999,Not Rated,05 Nov 1999,177 min,"Drama, Musical",Sooraj R. Barjatya,Sooraj R. Barjatya,"Mohnish Behl, Salman Khan, Saif Ali Khan","Ramkishen and Mamta have three sons Vivek , Prem and Vinod and a daughter Sangeeta. This family is part of a joint family whose close knit bond is challenged by a misunderstanding.",Hindi,India,1 win & 6 nominations total,https://m.media-amazon.com/images/M/MV5BMTc2NDQ5OTIzNl5BMl5BanBnXkFtZTgwMTI5ODUzNzE@._V1_SX300.jpg,"[{'Source': 'Internet Movie Database', 'Value': '6.3/10'}]",N/A,6.3,"10,224",tt0216817,movie,N/A,"$2,005,094",N/A,N/A,
False,Movie not found!,Monty Python: Live at Aspen,,,,,,,,,,,,,,,,,,,,,,,,,
False,Movie not found!,Minsara Kanavu,,,,,,,,,,,,,,,,,,,,,,,,,
True,,Tim Allen: Rewires America,Tim Allen Rewires America,1991,Not Rated,07 Dec 1991,30 min,"Documentary, Comedy",Ellen Brown,Tim Allen,Tim Allen,"In his second Showtime stand-up comedy special taped at The Power Center for the Performing Arts in Ann Arbor, Michigan, Tim Allen proudly grunts his way through a discussion of ""men stuff.""",English,United States,1 nomination,https://m.media-amazon.com/images/M/MV5BYzJhOTc0OWQtYWUzMC00ZjBiLTg1MTctZTc4ZDdhNjllYTJmXkEyXkFqcGc@._V1_SX300.jpg,[],N/A,N/A,219,tt0294967,movie,N/A,N/A,N/A,N/A,
False,Movie not found!,Bill Hicks: One Night Stand,,,,,,,,,,,,,,,,,,,,,,,,,
False,Movie not found!,Sinbad: Nothin' but the Funk,,,,,,,,,,,,,,,,,,,,,,,,,
True,,Before the Flying Circus,Monty Python: Before the Flying Circus,2008,Not Rated,N/A,55 min,Documentary,Will Yapp,N/A,"Robert Bathurst, Eric Idle, John Cleese","The pre-Monty Python years of the six members of the group. Covers their school and university days, their first individual forays into comedy, how the parts slowly came together and Monty Python's eventual formation.",English,United Kingdom,N/A,https://m.media-amazon.com/images/M/MV5BMDM5MjA3YzEtOTE0ZS00NzVlLWE5NWEtZjdlMGUzNTg0NDVjXkEyXkFqcGc@._V1_SX300.jpg,"[{'Source': 'Internet Movie Database', 'Value': '7.3/10'}]",N/A,7.3,218,tt9230920,movie,N/A,N/A,N/A,N/A,
False,Movie not found!,Have You Ever Seen Fireflies? - Theatre Play,,,,,,,,,,,,,,,,,,,,,,,,,
True,,DEATH NOTE,Death Note,2006–2007,TV-14,21 Oct 2007,24 min,"Animation, Crime, Drama",N/A,N/A,"Mamoru Miyano, Brad Swaile, Vincent Tong",An intelligent high school student goes on a secret crusade to eliminate criminals from the world after discovering a notebook capable of killing anyone whose name is written into it.,"Japanese, English",Japan,2 wins & 1 nomination total,https://m.media-amazon.com/images/M/MV5BYTgyZDhmMTEtZDFhNi00MTc4LTg3NjUtYWJlNGE5Mzk2NzMxXkEyXkFqcGc@._V1_SX300.jpg,"[{'Source': 'Internet Movie Database', 'Value': '8.9/10'}]",N/A,8.9,"440,716",tt0877057,series,,,,,1
True,,Blade Runner: The Final Cut,Blade Runner: The Final Cut (2007),2007,N/A,17 Sep 2018,N/A,N/A,N/A,N/A,N/A,N/A,N/A,N/A,N/A,https://m.media-amazon.com/images/M/MV5BM2M0NjUwNzktZWFiMy00NjMyLWE4MGQtMWRhZjY2MjQ4OTA2XkEyXkFqcGc@._V1_SX300.jpg,[],N/A,N/A,N/A,tt24742930,movie,N/A,N/A,N/A,N/A,
False,Movie not found!,Apocalypse Now Redux,,,,,,,,,,,,,,,,,,,,,,,,,
True,,Transformers: Prime,Transformers Prime,2010–2013,TV-Y7,26 Nov 2010,1 min,"Animation, Action, Adventure",N/A,"Duane Capizzi, Jeff Kline, Alex Kurtzman","Peter Cullen, Sumalee Montano, Jeffrey Combs",In this new set of adventures the Autobots live on Earth and maintain their secret identity. They are joined by 3 teens as they battle the Decepticons.,English,United States,14 wins & 26 nominations total,https://m.media-amazon.com/images/M/MV5BMjRiODgwNmYtZjk3Ny00YTFiLTgxM2MtNmVjMWEwZTNjYjkyXkEyXkFqcGc@._V1_SX300.jpg,"[{'Source': 'Internet Movie Database', 'Value': '8.1/10'}]",N/A,8.1,"9,765",tt1659175,series,,,,,3
True,,Code Geass: Lelouch of the Rebellion,Code Geass: Lelouch of the Rebellion I - Initiation,2017,N/A,21 Oct 2017,135 min,"Animation, Action, Sci-Fi","Noriaki Akitaya, Gorô Taniguchi","Gorô Taniguchi, Clamp, Ichirô Ôkouchi","Jun Fukuyama, Takahiro Sakurai, Yukana",A remake of first 17 episodes of code geass R1.,Japanese,Japan,N/A,https://m.media-amazon.com/images/M/MV5BNjEyMzA0NDctNTQwMy00NDQ0LWExYjctOWYzMDcyYWYyMzFiXkEyXkFqcGc@._V1_SX300.jpg,"[{'Source': 'Internet Movie Database', 'Value': '7.3/10'}]",N/A,7.3,789,tt8100900,movie,N/A,N/A,N/A,N/A,
False,Movie not found!,Miss Congeniality 2: Armed and Fabulous,,,,,,,,,,,,,,,,,,,,,,,,,
True,,Octonauts,The Octonauts,2010–2021,TV-Y,04 Oct 2010,11 min,"Animation, Adventure, Comedy",N/A,N/A,"Ross Breen, Keith Wickham, Simon Greenall","An intrepid band of explorers roam the oceans in search of adventure and fun. Led by a valiant polar bear and a daredevil kitten, these eight talented critters are always ready to embark on an exciting new mission.",English,"United States, Ireland, United Kingdom, Canada",2 wins & 7 nominations total,https://m.media-amazon.com/images/M/MV5BMTMwYWM1OTQtNzcxNi00MGIwLWI0ZWUtMmJmZWI5ZjU1OTFkXkEyXkFqcGc@._V1_SX300.jpg,"[{'Source': 'Internet Movie Database', 'Value': '7.6/10'}]",N/A,7.6,"1,694",tt1710177,series,,,,,4
True,,Total Drama Island,Total Drama Island: Reboot,2023–2024,TV-PG,20 Oct 2023,N/A,"Animation, Action, Adventure",N/A,"Tom McGillis, Jennifer Pertsch","Terry McGurrin, Deven Christian Mack, Eman Ayaz",The most funny and dangerous reality cartoon show Total Drama is back with even more dangerous challenges.,English,Canada,3 nominations total,https://m.media-amazon.com/images/M/MV5BYzBlZWRlMDUtOTU2OS00NTNhLTk1ZjUtODNhMDM1Nzg5MGRiXkEyXkFqcGc@._V1_SX300.jpg,"[{'Source': 'Internet Movie Database', 'Value': '7.4/10'}]",N/A,7.4,675,tt29116817,series,,,,,1
False,Movie not found!,No Direction Home: Bob Dylan,,,,,,,,,,,,,,,,,,,,,,,,,
True,,Life As We Know It,Life as We Know It,2010,PG-13,08 Oct 2010,114 min,"Comedy, Drama, Romance",Greg Berlanti,"Ian Deitchman, Kristin Rusk Robinson","Katherine Heigl, Josh Duhamel, Josh Lucas",Two single adults become caregivers to an orphaned girl when their mutual best friends die in an accident.,English,United States,2 nominations total,https://m.media-amazon.com/images/M/MV5BMTc1OTQzNzE0Nl5BMl5BanBnXkFtZTcwNDU4NDk3Mw@@._V1_SX300.jpg,"[{'Source': 'Internet Movie Database', 'Value': '6.5/10'}, {'Source': 'Rotten Tomatoes', 'Value': '29%'}, {'Source': 'Metacritic', 'Value': '39/100'}]",39,6.5,"142,715",tt1055292,movie,N/A,"$53,374,681",N/A,N/A,
False,Movie not found!,Dreamer: Inspired By a True Story,,,,,,,,,,,,,,,,,,,,,,,,,
True,,Monty Python: Almost the Truth (The Lawyer's Cut),Monty Python: Almost the Truth - The Lawyer's Cut,2009,TV-G,18 Oct 2009,54 min,"Documentary, Biography",N/A,N/A,"Eric Idle, John Cleese, Michael Palin",A documentary on the history on British comedy group Monty Python. Features interviews with the five surviving members plus other comedians and artists whose careers they have influenced.,English,United Kingdom,Nominated for 2 Primetime Emmys. 2 nominations total,https://m.media-amazon.com/images/M/MV5BNmNlMDUwMGMtMTllOS00MmVjLTg2YTEtYmM5NjFkOWI4NzU1XkEyXkFqcGc@._V1_SX300.jpg,"[{'Source': 'Internet Movie Database', 'Value': '8.1/10'}]",N/A,8.1,"1,938",tt1422182,series,,,,,1
True,,Den-noh Coil,Den-Noh Coil,2007,TV-14,12 May 2007,N/A,"Animation, Adventure, Comedy",N/A,Mitsuo Iso,"Hilary Haag, Monica Rial, Tiffany Grant","Eleven years after the introduction of internet-connected, augmented reality eyeglasses and visors, Yuuko Okonogi moves with her family to Daikoku City, the technological center of the emerging half-virtual world.",Japanese,Japan,1 win total,https://m.media-amazon.com/images/M/MV5BY2FkYjFlMDgtZWZkYi00ZGM5LThiZGEtNzhmMWJjN2I1YThmXkEyXkFqcGc@._V1_SX300.jpg,"[{'Source': 'Internet Movie Database', 'Value': '7.7/10'}]",N/A,7.7,"1,079",tt1033796,series,,,,,1
True,,Naruto Shippuden the Movie,Naruto Shippuden the Movie: Blood Prison,2011,TV-14,18 Feb 2014,108 min,"Animation, Action, Mystery",Masahiko Murata,"Akira Higashiyama, Masashi Kishimoto","Junko Takeuchi, Chie Nakamura, Rikiya Koyama",Naruto Uzumaki is framed and sent to an inescapable prison where he must escape by any means necessary.,Japanese,Japan,1 nomination total,https://m.media-amazon.com/images/M/MV5BZTgwZDkyODktYjk0My00NTVhLWIxMmQtMGY4ODYzMTlhYmE5XkEyXkFqcGc@._V1_SX300.jpg,"[{'Source': 'Internet Movie Database', 'Value': '7.1/10'}]",N/A,7.1,"6,406",tt1999167,movie,N/A,N/A,N/A,N/A,
False,Movie not found!,The Legend of the Nahuala,,,,,,,,,,,,,,,,,,,,,,,,,
False,Movie not found!,Zig and Sharko,,,,,,,,,,,,,,,,,,,,,,,,,
True,,Bo on the Go!,Bo on the GO!,2007–,TV-Y,03 Sep 2007,22 min,"Animation, Family, Fantasy",N/A,"Michael Donovan, Jeff Rosen, Cheryl Wagner","Andrew Sabiston, Catherine O'Connor, Jim Fowler",A girl named Bo and Deezy the dragon encourage viewers to move with them to help them overcome obstacles in their adventures.,English,Canada,N/A,https://m.media-amazon.com/images/M/MV5BZjJjOTM0MzItY2VkNi00MmM0LTllZWMtNDg2OTU5MDk3ZmE2XkEyXkFqcGc@._V1_SX300.jpg,"[{'Source': 'Internet Movie Database', 'Value': '4.5/10'}]",N/A,4.5,172,tt1516172,series,,,,,3
True,,Kabhi Khushi Kabhie Gham,Kabhi Khushi Kabhie Gham...,2001,Not Rated,14 Dec 2001,210 min,"Drama, Musical, Romance",Karan Johar,"Karan Johar, Sheena Parikh","Shah Rukh Khan, Kajol, Amitabh Bachchan","After marrying a poor woman, rich Rahul is disowned by his father and moves to London to build a new life. Years later, his now-grown younger brother Rohan embarks on a mission to bring Rahul back home and reunite the family.","Hindi, English, Punjabi, Urdu","India, United Kingdom",27 wins & 47 nominations,https://m.media-amazon.com/images/M/MV5BN2MyZGVhNmMtY2JkNy00ZmIzLTkwOGItY2NiM2MyOGMxODkzXkEyXkFqcGc@._V1_SX300.jpg,"[{'Source': 'Internet Movie Database', 'Value': '7.4/10'}, {'Source': 'Rotten Tomatoes', 'Value': '100%'}]",N/A,7.4,"58,366",tt0248126,movie,N/A,"$2,902,000",N/A,N/A,
True,,Kung Fu Panda Awesome Secrets,Dreamworks Kung Fu Panda Awesome Secrets,2008,TV-PG,N/A,30 min,"Animation, Action, Comedy",N/A,N/A,N/A,"In this pair of adventures, Po tells the story of how masters Thundering Rhino, Storming Ox and Croc met and takes on Shifu's biggest challenge yet.",English,United States,N/A,https://m.media-amazon.com/images/M/MV5BNWMxZjI1ZGEtMWE3Zi00NjNmLTg4OWYtZWE1MzU2NmNhZTdmXkEyXkFqcGdeQXVyNDY5MTUyNjU@._V1_SX300.jpg,"[{'Source': 'Internet Movie Database', 'Value': '6.4/10'}]",N/A,6.4,148,tt6963796,series,,,,,1
False,Movie not found!,"Cairo 6,7,8",,,,,,,,,,,,,,,,,,,,,,,,,
True,,El Escamoso,Pedro el escamoso,2001–,TV-14,24 Aug 2001,60 min,Drama,N/A,Claudia Sánchez Morales,"Wilson Rangel, Miguel Varoni, Javier Gómez","A colombian macho guy with feelings, a heart-breaker, an unintentional womanizer and a avid dancer.",Spanish,Colombia,N/A,https://m.media-amazon.com/images/M/MV5BMjE4NzAwODM3MV5BMl5BanBnXkFtZTcwMDM5MzkyMQ@@._V1_SX300.jpg,"[{'Source': 'Internet Movie Database', 'Value': '7.4/10'}]",N/A,7.4,447,tt0283770,series,,,,,1
True,,Tayo the Little Bus,"Tayo, the Little Bus",2010–,TV-G,23 Aug 2010,N/A,"Animation, Comedy, Family",N/A,N/A,"Patricia Kalis, Jul Kohler, Aramis Merlin",Little Tayo is the most high-spirited bus around. He travels the city every day and often runs into interesting encounters on the road.,"Indonesian, Japanese, Korean, English","South Korea, Canada",N/A,https://m.media-amazon.com/images/M/MV5BZTc3NDFmZWUtN2VhOC00MzA0LWFmM2EtNjZjMTVkMmRkODY2XkEyXkFqcGc@._V1_SX300.jpg,"[{'Source': 'Internet Movie Database', 'Value': '5.3/10'}]",N/A,5.3,252,tt3270208,series,,,,,6
False,Movie not found!,Bleach the Movie: Fade to Black,,,,,,,,,,,,,,,,,,,,,,,,,
False,Movie not found!,Naruto Shippuden the Movie: The Lost Tower,,,,,,,,,,,,,,,,,,,,,,,,,
True,,Naruto Shippuden the Movie: Bonds,Naruto Shippuden: The Movie - Bonds,2008,TV-14,25 Oct 2011,98 min,"Animation, Action, Fantasy",Hajime Kamegaki,"Masashi Kishimoto, Junki Takegami, Masahiro Hikokubo","Junko Takeuchi, Chie Nakamura, Noriaki Sugiyama","Sky ninja attack Konoha seeking revenge, as Konoha nearly destroyed their Sky Country in the last Shinobi World War, though they survived.",Japanese,Japan,N/A,https://m.media-amazon.com/images/M/MV5BNTE2ODAyNTkxNl5BMl5BanBnXkFtZTgwNTAzMjA2MDE@._V1_SX300.jpg,"[{'Source': 'Internet Movie Database', 'Value': '6.8/10'}]",N/A,6.8,"5,911",tt1160524,movie,N/A,N/A,N/A,N/A,
False,Movie not found!,Naruto Shippuden the Movie: The Will of Fire,,,,,,,,,,,,,,,,,,,,,,,,,
True,,DreamWorks Spooky Stories,Dreamworks Spooky Stories,2012,TV-PG,26 Oct 2012,84 min,"Animation, Action, Adventure, Comedy, Family, Fantasy, Sci-Fi",N/A,N/A,Gavin Magnus,"In these spooktacular stories, your favorite DreamWorks characters from the blockbuster hits Shrek and Monsters vs. Aliens return in these chilling tales for the whole family.",English,USA,N/A,https://m.media-amazon.com/images/M/MV5BMTY3MjgyOTc4MV5BMl5BanBnXkFtZTgwMDEyNDAxMzE@._V1_SX300.jpg,"[{'Source': 'Internet Movie Database', 'Value': '6.8/10'}]",N/A,6.8,465,tt3608838,movie,N/A,N/A,Fox,N/A,
False,Movie not found!,Sivaji: The Boss,,,,,,,,,,,,,,,,,,,,,,,,,
True,,Inuyasha the Movie 2: The Castle Beyond the Looking Glass,InuYasha the Movie 2: The Castle Beyond the Looking Glass,2002,Not Rated,28 Dec 2004,99 min,"Animation, Action, Comedy",Toshiya Shinohara,"Rumiko Takahashi, Katsuyuki Sumizawa","Kappei Yamaguchi, Satsuki Yukino, Kôji Tsujitani","After seemingly defeating their common enemy, Naraku, what appears to be the near-end of their journey instead leads Inuyasha and Kagome facing against a new threat.","Japanese, English",Japan,N/A,https://m.media-amazon.com/images/M/MV5BMWM0MjhkMWMtMzhmYS00NmI3LWI2NWQtNjVlMjVhNTVjZjc4XkEyXkFqcGc@._V1_SX300.jpg,"[{'Source': 'Internet Movie Database', 'Value': '7.3/10'}]",N/A,7.3,"2,402",tt0366621,movie,N/A,N/A,N/A,N/A,
False,Movie not found!,Naruto: Ninja Clash in the Land of Snow,,,,,,,,,,,,,,,,,,,,,,,,,
True,,Taxi No. 9 2 11,Taxi No. 9 2 11: Nau Do Gyarah,2006,Not Rated,24 Feb 2006,116 min,"Comedy, Drama, Thriller",Milan Luthria,Rajat Arora,"John Abraham, Nana Patekar, Sonali Kulkarni",A cabbie (Patekar) and businessman (Abraham) both in need of big money partake in a two-hour adventure together.,Hindi,"India, United States, Canada",1 win & 6 nominations total,https://m.media-amazon.com/images/M/MV5BMTlkYjIxNGUtZjk1ZC00MmU1LWEzMDUtMWNhNDBkNDI5NDRkXkEyXkFqcGc@._V1_SX300.jpg,"[{'Source': 'Internet Movie Database', 'Value': '7.3/10'}]",N/A,7.3,"11,149",tt0476884,movie,N/A,"$292,794",N/A,N/A,
False,Movie not found!,"One Piece: Episode of Chopper Plus: Bloom in the Winter, Miracle Cherry Blossom",,,,,,,,,,,,,,,,,,,,,,,,,
False,Movie not found!,Naruto: Guardians of the Crescent Moon Kingdom,,,,,,,,,,,,,,,,,,,,,,,,,
True,,Nuevo Rico Nuevo Pobre,"Nuevo rico, nuevo pobre",2007–,TV-MA,06 Jun 2021,N/A,Comedy,N/A,Claudia Sánchez Morales,"Martín Karpan, Carolina Acevedo, Jhon Álex Toro","Brayan and Andrés lives turn upside down when a nurse about to die decides to confess to Antonia, a woman from high society, that when she assisted her in the birth of her son she made a very small mistake: she exchanged her baby.",N/A,Colombia,N/A,https://m.media-amazon.com/images/M/MV5BY2JiZDExNDAtNTU3My00OTk0LWE5N2MtYWJkODY1YmJlMTcyXkEyXkFqcGc@._V1_SX300.jpg,"[{'Source': 'Internet Movie Database', 'Value': '7.1/10'}]",N/A,7.1,292,tt1233451,series,,,,,1
True,,"LSD: Love, Sex aur Dhokha","LSD: Love, Sex Aur Dhokha",2010,Not Rated,19 Mar 2010,155 min,"Comedy, Crime, Drama",Dibakar Banerjee,"Dibakar Banerjee, Kanu Behl","Nushrratt Bharuccha, Anshuman Jha, Neha Chauhan","A video camcorder, a store security camera, and concealed cameras candidly expose lives in three loosely-linked tales.","Hindi, Punjabi, English",India,7 wins & 10 nominations,https://m.media-amazon.com/images/M/MV5BZmEyMjMyNWYtMmRkOC00NzE3LWE3ZDgtZjNmMjk3YmJjNDAyXkEyXkFqcGc@._V1_SX300.jpg,"[{'Source': 'Internet Movie Database', 'Value': '7.1/10'}]",N/A,7.1,"6,310",tt1608777,movie,N/A,N/A,N/A,N/A,
False,Movie not found!,One Piece: The Desert Princess and the Pirates: Adventure in Alabasta,,,,,,,,,,,,,,,,,,,,,,,,,
False,Movie not found!,Trailer Park Boys: Say Goodnight to the Bad Guys,,,,,,,,,,,,,,,,,,,,,,,,,
False,Movie not found!,Naruto: Legend of the Stone of Gelel,,,,,,,,,,,,,,,,,,,,,,,,,
True,,Manorama Six Feet Under,Manorama: Six Feet Under,2007,Not Rated,21 Sep 2007,137 min,"Crime, Drama, Mystery",Navdeep Singh,"Devika Bhagat, Navdeep Singh, Manoj Tapadia","Abhay Deol, Gul Panag, Raima Sen","Manorama, wife of an irrigation minister, tasks Satyaveer to find if her husband is cheating. As Satyaveer starts investigating, he gets trapped in a web of lies and must uncover the entire truth.",Hindi,India,2 nominations total,https://m.media-amazon.com/images/M/MV5BMzdhMjI4NWItOWMwMy00ZWYzLWI3ODItNzNlNTNjNTkwZmZjXkEyXkFqcGc@._V1_SX300.jpg,"[{'Source': 'Internet Movie Database', 'Value': '7.5/10'}]",N/A,7.5,"8,953",tt0920464,movie,N/A,N/A,N/A,N/A,
True,,Dhobi Ghat,Untold Indore and Beyond - Dhobi Ghat,2017,N/A,15 Mar 2017,N/A,"Documentary, Short","Anushtha Agrawal, Pranjal Joshi",Anushtha Agrawal,N/A,"To know someone's life better, it is important to be among them. Taking a closer look into a community's lifestyle and culture, helps us to explore magnificent angles which otherwise remain unseen. That is why we have travelled to...","English, Hindi",India,N/A,https://m.media-amazon.com/images/M/MV5BMmY2ZGFiMGEtMGMyMS00MjViLWI4OTgtZjJkMzBlNTFjODFlXkEyXkFqcGdeQXVyOTA5OTA2NDY@._V1_SX300.jpg,[],N/A,N/A,N/A,tt8843396,movie,N/A,N/A,N/A,N/A,
True,,Inuyasha the Movie 3: Swords of an Honorable Ruler,InuYasha the Movie 3: Swords of an Honorable Ruler,2003,Not Rated,01 May 2006,99 min,"Animation, Action, Adventure",Toshiya Shinohara,"Rumiko Takahashi, Katsuyuki Sumizawa","Kappei Yamaguchi, Satsuki Yukino, Kôji Tsujitani","After 700 years the sword Sounga, who belonged to the Great Dog Demon, is unleashed, tearing a rift in the barrier between the underworld and the earth and stirring the restless souls.",Japanese,Japan,N/A,https://m.media-amazon.com/images/M/MV5BMzI3Mzk1Mjg5OV5BMl5BanBnXkFtZTcwNzMzNjAzMQ@@._V1_SX300.jpg,"[{'Source': 'Internet Movie Database', 'Value': '7.6/10'}]",N/A,7.6,"2,472",tt0396659,movie,N/A,N/A,N/A,N/A,
True,,Bluffmaster!,Bluffmaster,2005,Not Rated,16 Dec 2005,137 min,"Comedy, Crime, Drama",Rohan Sippy,"Rajat Arora, Shridhar Raghavan","Abhishek Bachchan, Priyanka Chopra Jonas, Riteish Deshmukh","A conman Roy, gets dumped by his girl-friend. Then he finds out he has a fatal disease. On the verge of death, he resolves to do some good, by helping his apprentice Dittu hoodwink the mobster who hurt his (Dittu's) family.",Hindi,India,1 win & 4 nominations total,https://m.media-amazon.com/images/M/MV5BMjE4MGEzMmItZDIzYy00YmY0LTgzNjAtODY0MDc4OGM3MGJiXkEyXkFqcGc@._V1_SX300.jpg,"[{'Source': 'Internet Movie Database', 'Value': '6.6/10'}]",N/A,6.6,"6,831",tt0476527,movie,N/A,"$718,956",N/A,N/A,
True,,Madness in the Desert,Madness in the Desert: Paris to Dakar Rally,2013,N/A,24 Feb 2013,59 min,"Documentary, Sport","Richard Heap, John L Matthews, John L. Matthews","Richard Heap, John L. Matthews","Thierry Sabine, Mark Thatcher",The story of the Paris to Dakar Rally started by Thiery Sabine,English,United Kingdom,N/A,https://m.media-amazon.com/images/M/MV5BMjY1M2UwMTUtNTEzNi00MDU0LWFlYzYtNmEyY2MwODBjODE0L2ltYWdlXkEyXkFqcGdeQXVyNTM0MTIyMjQ@._V1_SX300.jpg,"[{'Source': 'Internet Movie Database', 'Value': '7.7/10'}]",N/A,7.7,56,tt3278006,movie,N/A,N/A,N/A,N/A,
False,Movie not found!,Einsatzgruppen: The Nazi Death Squads,,,,,,,,,,,,,,,,,,,,,,,,,
False,Movie not found!,The Figurine (Araromire),,,,,,,,,,,,,,,,,,,,,,,,,
False,Movie not found!,The Trailer Park Boys Xmas Special,,,,,,,,,,,,,,,,,,,,,,,,,
False,Movie not found!,Tim Minchin: So F**king Rock Live,,,,,,,,,,,,,,,,,,,,,,,,,
False,Movie not found!,Thomas & Friends: Thomas and the Jet Engine,,,,,,,,,,,,,,,,,,,,,,,,,
False,Movie not found!,At Dolphin Bay,,,,,,,,,,,,,,,,,,,,,,,,,
True,,Peepli Live,Peepli [Live],2010,Not Rated,13 Aug 2010,95 min,"Comedy, Drama","Anusha Rizvi, Mahmood Farooqui","Bhadwai, Swanand Kirkire, Noon Meem Rashet","Onkar Das Manikpuri, Raghubir Yadav, Shalini Vatsa",An impoverished farmer's threat to end his life invites attention from politicians and media.,"Hindi, English",India,4 wins & 24 nominations total,https://m.media-amazon.com/images/M/MV5BNDc1YTEwYmUtYTIxMC00Mjg4LWJmODctNGNiYjNjMTA3NjY5XkEyXkFqcGc@._V1_SX300.jpg,"[{'Source': 'Internet Movie Database', 'Value': '7.4/10'}, {'Source': 'Rotten Tomatoes', 'Value': '86%'}, {'Source': 'Metacritic', 'Value': '69/100'}]",69,7.4,"12,960",tt1447508,movie,N/A,"$757,951",N/A,N/A,
False,Movie not found!,Banyuki,,,,,,,,,,,,,,,,,,,,,,,,,
False,Movie not found!,Main Aurr Mrs Khanna,,,,,,,,,,,,,,,,,,,,,,,,,
False,Movie not found!,Frank & Cindy,,,,,,,,,,,,,,,,,,,,,,,,,
True,,EMI,Emi,2025,N/A,04 Apr 2025,126 min,"Drama, Family",Sadasivam Chinnaraj,Sadasivam Chinnaraj,"Aadhavan, Mohan Babu, Sadasivam Chinnaraj","A diverse group of people navigate the harsh realities of debt, loans, and financial hardship in modern society, as their personal lives and relationships face mounting pressure from monetary struggles.",Tamil,India,N/A,https://m.media-amazon.com/images/M/MV5BNjdhZDdkZTMtMDAzZi00OGFmLThlMzQtZjM1MDdjNTAzZTAwXkEyXkFqcGc@._V1_SX300.jpg,[],N/A,N/A,566,tt36153671,movie,N/A,N/A,N/A,N/A,
False,Movie not found!,Autumn's Concerto,,,,,,,,,,,,,,,,,,,,,,,,,
True,,Mission Istaanbul,Mission Istaanbul: Darr Ke Aagey Jeet Hai!,2008,N/A,25 Jul 2008,130 min,"Action, Adventure, Drama",Apoorva Lakhia,"Shabbir Ahmed, Chirantan Bhatt, Ege","Vivek Oberoi, Zayed Khan, Shriya Saran",A news reporter must uncover the secret on the 13th floor of a News Station.,"Hindi, English",India,1 nomination,https://m.media-amazon.com/images/M/MV5BZjUxNTk4MjctYTc5OC00MjBhLTg3OGUtOWY0MDlmOWIyMWUwXkEyXkFqcGc@._V1_SX300.jpg,"[{'Source': 'Internet Movie Database', 'Value': '3.5/10'}]",N/A,3.5,"1,276",tt1179781,movie,N/A,N/A,N/A,N/A,
True,,The Prince Who Turns into a Frog,The Prince Who Turns Into A Frog,2005–,N/A,05 Jun 2005,70 min,"Comedy, Drama, Romance",N/A,N/A,"Joe Chen, Ming-Dow, Shao-wei Wang",A ruthless and wealthy heir becomes a kindhearted person after he lost his memory and falls in love with a poor girl with wealthy aspirations.,Mandarin,Taiwan,N/A,https://m.media-amazon.com/images/M/MV5BYTU5OTRjNDYtZjAxOC00YTgwLWJiMzctYTFhOGUxNTMyMmM5XkEyXkFqcGc@._V1_SX300.jpg,"[{'Source': 'Internet Movie Database', 'Value': '7.0/10'}]",N/A,7.0,191,tt1454440,series,,,,,1
False,Movie not found!,Old Thieves: The Legend of Artegio,,,,,,,,,,,,,,,,,,,,,,,,,
True,,Well Done Abba,Well Done Abba!,2009,N/A,26 Mar 2010,144 min,Comedy,Shyam Benegal,"Jayant Kripalani, Sanjeev, Jeelani Bano","Boman Irani, Minissha Lamba, Sammir Dattani","A mild mannered chauffeur finds that the government in his parched village is giving loans to dig one's own well. After fudged photographs and bribes, he has no loan amount left to build his well. Aggrieved, he protests by abjurin...",Hindi,India,2 wins & 5 nominations,https://m.media-amazon.com/images/M/MV5BZWM1YzEzZjItMzI5OS00NWRkLTgwZDYtMzMxZGEzNzc4MDliXkEyXkFqcGc@._V1_SX300.jpg,"[{'Source': 'Internet Movie Database', 'Value': '7.2/10'}]",N/A,7.2,"2,019",tt1397492,movie,N/A,N/A,N/A,N/A,
False,Movie not found!,Pomegranates and Myrrh,,,,,,,,,,,,,,,,,,,,,,,,,
True,,Koi Aap Sa,Koi Aap Sa: But Lovers Have to Be Friends,2005,N/A,14 Oct 2005,142 min,"Comedy, Drama, Romance",Partho Mitra,"Mahesh Pandey, Sameer, Dheeraj Sarna","Aftab Shivdasani, Anita Hassanandani Reddy, Dipannita Sharma","An emotional Mumbai-based football player, Rohan, seeks the assistance of childhood friend, Simran, to successfully woo fellow-collegian, Preeti. Simran herself is about to be engaged to U.S.-based Vicky. After the engagement cere...",Hindi,India,N/A,https://m.media-amazon.com/images/M/MV5BMzdiNTA4ZDMtZDNjMi00N2NkLWJlZDItMjM2MTFjODc4MTkxXkEyXkFqcGc@._V1_SX300.jpg,"[{'Source': 'Internet Movie Database', 'Value': '5.6/10'}]",N/A,5.6,309,tt0488840,movie,N/A,N/A,N/A,N/A,
True,,Dhoondte Reh Jaaoge,Dhoondte Reh Jaaoge!,1998,N/A,N/A,N/A,"Comedy, Drama, Family, Romance",Kumar Bhatia,"Kumar Bhatia (screenplay), Kumar Bhatia (story)","Amar Upadhyay, Antara Mali, Tinnu Anand, Prem Chopra","A hitman, an evil priest, two thieves, college students, et al gather at a hotel to witness the auction of a priceless diamond.",Hindi,India,N/A,N/A,"[{'Source': 'Internet Movie Database', 'Value': '5.0/10'}]",N/A,5.0,38,tt0317355,movie,N/A,N/A,N/A,N/A,
False,Movie not found!,Le Robe De Mariage Des Cieux,,,,,,,,,,,,,,,,,,,,,,,,,
True,,Bheem vs Aliens,Chhota Bheem: Bheem vs Aliens,2010,N/A,N/A,69 min,"Animation, Action, Adventure",Rajiv Chilaka,Darsana Radhakrishnan,"Vatsal Dubey, Rupa Bhimani, Julie Tejwani","Aliens from a planet called Zeake attack Dholakpur. They destroy the palace and take King Indravarma and Princess Indumati captive. The aliens then proceed to Pehalwanpur. Kyto, the alien leader challenges Bheem to a game to relea...",N/A,N/A,N/A,https://m.media-amazon.com/images/M/MV5BOWYyZDYwZjItZWIxMS00NzRlLTljN2MtODBlN2M1Y2Y1YjM3XkEyXkFqcGc@._V1_SX300.jpg,"[{'Source': 'Internet Movie Database', 'Value': '7.6/10'}]",N/A,7.6,158,tt6442436,movie,N/A,N/A,N/A,N/A,
False,Movie not found!,Pablo Escobar: The Drug Lord,,,,,,,,,,,,,,,,,,,,,,,,,
True,,One Piece Film: Z,One Piece Film Z,2012,TV-14,15 Dec 2012,108 min,"Animation, Action, Adventure",Tatsuya Nagamine,"Eiichiro Oda, Osamu Suzuki","Mayumi Tanaka, Kazuya Nakai, Akemi Okamura",A former Marine stands in the way of the Straw Hat Pirates.,Japanese,Japan,4 nominations,https://m.media-amazon.com/images/M/MV5BNjY3ODNiZjgtY2RmNS00MjAyLWIwMzUtNTE0ZWIxNDU3YThhXkEyXkFqcGc@._V1_SX300.jpg,"[{'Source': 'Internet Movie Database', 'Value': '7.7/10'}]",N/A,7.7,"10,157",tt2375379,movie,N/A,N/A,N/A,N/A,
True,,TIGER & BUNNY,Tiger & Bunny,2011–2022,TV-14,08 Apr 2022,1 min,"Animation, Action, Adventure",N/A,N/A,"Hiroaki Hirata, Masakazu Morita, Wally Wingert","In a world where superheroes have corporate sponsors and are the stars of their own reality TV show, a new superhero team is born as the veteran hero Wild Tiger is assigned to be partners with rookie Barnaby Brooks Jr.",Japanese,Japan,4 wins & 3 nominations total,https://m.media-amazon.com/images/M/MV5BYzNjMGRhMzktM2M3Zi00NTVlLTk1NDYtYzRlZDM2YzAxOTc5XkEyXkFqcGc@._V1_SX300.jpg,"[{'Source': 'Internet Movie Database', 'Value': '7.4/10'}]",N/A,7.4,"1,794",tt2061527,series,,,,,2
True,,EastSiders,Eastsiders,2012–2019,Not Rated,14 Dec 2012,1 min,Drama,N/A,Kit Williamson,"Kit Williamson, Van Hansis, Matthew McKelligon","EastSiders is a two-time Daytime-Emmy-nominated series created by Kit Williamson, starring Williamson and Van Hansis as a couple experiencing life and relationships in Silver Lake.","English, Swiss German",United States,7 wins & 30 nominations,https://m.media-amazon.com/images/M/MV5BOTc1NDg1OTM1OF5BMl5BanBnXkFtZTcwMzIzNzI2OQ@@._V1_SX300.jpg,"[{'Source': 'Internet Movie Database', 'Value': '6.9/10'}]",N/A,6.9,"3,146",tt2558816,series,,,,,4
True,,LEGO Friends,Lego Friends,2013–2017,TV-G,01 Aug 2013,4 min,Animation,N/A,N/A,"Alexa Kahn, Erica Mendez, Marin M. Miller",Five Best Friends Go on Many Fun Lego adventures.,English,N/A,N/A,https://m.media-amazon.com/images/M/MV5BMDhiNTUyMzYtNGU3ZS00NTFmLWE5MDQtNjMyYzM3ODJiOTQ4XkEyXkFqcGc@._V1_SX300.jpg,"[{'Source': 'Internet Movie Database', 'Value': '5.3/10'}]",N/A,5.3,237,tt4049416,series,,,,,4
False,Movie not found!,Inventing David Geffen,,,,,,,,,,,,,,,,,,,,,,,,,
True,,LEGO City,Lego City,2011–,N/A,01 Mar 2011,14 min,Animation,N/A,N/A,N/A,"Action packed adventure in LEGO City. This short form content is language independent with simple, funny, classic, global appeal.",N/A,N/A,N/A,https://m.media-amazon.com/images/M/MV5BMTQ4NzMxOTE3NV5BMl5BanBnXkFtZTgwMjU5NTk2MzE@._V1_SX300.jpg,"[{'Source': 'Internet Movie Database', 'Value': '5.3/10'}]",N/A,5.3,92,tt4168604,series,,,,,1
True,,FRED 3: Camp Fred,Fred 3: Camp Fred,2012,16+,28 Jul 2012,81 min,"Comedy, Family",Jonathan Judge,"Drew Hancock, Lucas Cruikshank","Lucas Cruikshank, Jake Weary, Siobhan Fallon Hogan","When school is out, Fred Figglehorn experiences a summer camp nightmare.",English,United States,2 nominations,https://m.media-amazon.com/images/M/MV5BZGZmZWI0OTEtYWM5NS00OGVmLWJiMzAtYmVlYTljNmZhYzM1XkEyXkFqcGc@._V1_SX300.jpg,"[{'Source': 'Internet Movie Database', 'Value': '2.1/10'}]",N/A,2.1,"3,014",tt2395219,movie,04 Dec 2012,N/A,N/A,N/A,
False,Movie not found!,Chillar Party,,,,,,,,,,,,,,,,,,,,,,,,,
False,Movie not found!,Tiger & Bunny: The Beginning,,,,,,,,,,,,,,,,,,,,,,,,,
False,Movie not found!,Tim Minchin and the Heritage Orchestra: Live at the Royal Albert Hall,,,,,,,,,,,,,,,,,,,,,,,,,
True,,Game,Game of Thrones,2011–2019,TV-MA,17 Apr 2011,57 min,"Action, Adventure, Drama",N/A,"David Benioff, D.B. Weiss","Emilia Clarke, Peter Dinklage, Kit Harington","Nine noble families fight for control over the lands of Westeros, while an ancient enemy returns after being dormant for millennia.",English,"United States, United Kingdom",Won 59 Primetime Emmys. 395 wins & 655 nominations total,https://m.media-amazon.com/images/M/MV5BMTNhMDJmNmYtNDQ5OS00ODdlLWE0ZDAtZTgyYTIwNDY3OTU3XkEyXkFqcGc@._V1_SX300.jpg,"[{'Source': 'Internet Movie Database', 'Value': '9.2/10'}]",N/A,9.2,"2,472,832",tt0944947,series,,,,,8
True,,Lavell Crawford: Can a Brother Get Some Love?,Lavell Crawford: Can a Brother Get Some Love,2011,Not Rated,12 Aug 2011,81 min,"Documentary, Comedy",Michael Drumm,N/A,"Lavell Crawford, Kareem Taylor","Lavell Crawford is quickly climbing the comedic ranks, taking second place in NBC's Last Comic Standing, he one of the fastest rising stars in Comedy. In ""Can a Brother Get Some Love"" Lavell takes the stage at the Historic Roberts...",English,United States,N/A,https://m.media-amazon.com/images/M/MV5BMjI2MzkzMTMzNF5BMl5BanBnXkFtZTcwMjA1MzE4OA@@._V1_SX300.jpg,"[{'Source': 'Internet Movie Database', 'Value': '7.0/10'}]",N/A,7.0,241,tt2084872,movie,06 Feb 2012,N/A,eOne Entertainment Distribution,N/A,
False,Movie not found!,Chhota Bheem & Krishna in Mayanagari,,,,,,,,,,,,,,,,,,,,,,,,,
False,Movie not found!,Chhota Bheem In Dholakpur to Kathmandu,,,,,,,,,,,,,,,,,,,,,,,,,
False,Movie not found!,Drunken to Love You,,,,,,,,,,,,,,,,,,,,,,,,,
True,,An Elf's Story,An Elf's Story: The Elf on the Shelf,2010,Not Rated,26 Nov 2011,26 min,"Animation, Family, Fantasy",Chad Eikhoff,"Chanda Bell, Carol Aebersold, Christa Pitts","Brendan Dooling, Michael May, Doug Williams",An elf attempts to help a boy believe.,English,United States,N/A,https://m.media-amazon.com/images/M/MV5BMTc3MTE1Njc2Nl5BMl5BanBnXkFtZTcwOTA2MzA3Nw@@._V1_SX300.jpg,"[{'Source': 'Internet Movie Database', 'Value': '5.1/10'}]",N/A,5.1,730,tt2094761,movie,N/A,N/A,Big Canoe Entertainment,N/A,
True,,Bbuddah Hoga Terra Baap,Bbuddah... Hoga Terra Baap,2011,Not Rated,01 Jul 2011,114 min,"Action, Comedy, Crime",Puri Jagannadh,"Inaamulhaq, Puri Jagannadh, Ajay Kumar","Amitabh Bachchan, Hema Malini, Sonu Sood","A quick-tempered, flamboyantly-dressed, retired hit-man returns to India for one last job. Just don't call him ""Buddah""","Hindi, English",India,5 nominations,https://m.media-amazon.com/images/M/MV5BZWE1NmViZjQtMTU2NS00NzE0LWJmYWUtMjk0ZWFhYzkwMDYzXkEyXkFqcGdeQXVyNDUzOTQ5MjY@._V1_SX300.jpg,"[{'Source': 'Internet Movie Database', 'Value': '5.6/10'}]",N/A,5.6,"3,053",tt1869296,movie,N/A,N/A,N/A,N/A,
False,Movie not found!,Masha's tales,,,,,,,,,,,,,,,,,,,,,,,,,
False,Movie not found!,Chota Bheem Aur Ganesh in the Amazing Odyssey,,,,,,,,,,,,,,,,,,,,,,,,,
False,Movie not found!,Chhota Bheem: Journey to Petra,,,,,,,,,,,,,,,,,,,,,,,,,
False,Movie not found!,Blitz Patrollie,,,,,,,,,,,,,,,,,,,,,,,,,
True,,"Love, Now",Love Now,2007,N/A,15 Aug 2007,116 min,"Adventure, Drama, Romance",Yun-su Chong,"Jin Kim, Seon-mi Kim","Uhm Junghwa, Park Yong-woo, Lee Dong-geon","Vibrant and charming, but as passionate as one can get when it comes to work, fashion consultant Yu-Na (Uhm Jung-Hwa) lead on a cheerful life with her husband - humorous and sentimental hotelier, Min-Jae (Park Yong-Woo). But with ...",Korean,"South Korea, Hong Kong",3 nominations,https://m.media-amazon.com/images/M/MV5BODc0MzAxMzg5NF5BMl5BanBnXkFtZTgwNTc2NzE1MjE@._V1_SX300.jpg,"[{'Source': 'Internet Movie Database', 'Value': '6.0/10'}]",N/A,6.0,428,tt1159223,movie,N/A,N/A,N/A,N/A,
False,Movie not found!,"Darling, Something's Wrong with Your Head",,,,,,,,,,,,,,,,,,,,,,,,,
True,,Are You The One?,Are You the One?,2014–,TV-14,21 Jan 2014,41 min,"Game-Show, Reality-TV, Romance",N/A,N/A,"Ryan Devlin, Terrence Jenkins, Bria Hamilton",Contestants stay for 10 weeks in a holiday destination to win $1 million and hopefully find love.,English,United States,3 nominations total,https://m.media-amazon.com/images/M/MV5BOTA5Nzk4ZjQtMTBiOS00ZDYyLThiNmItYzY2NzQxODRkOTIwXkEyXkFqcGc@._V1_SX300.jpg,"[{'Source': 'Internet Movie Database', 'Value': '6.5/10'}]",N/A,6.5,"3,233",tt3484274,series,,,,,9
False,Movie not found!,Scary Movie 5,,,,,,,,,,,,,,,,,,,,,,,,,
False,Movie not found!,Texas Chainsaw 3D,,,,,,,,,,,,,,,,,,,,,,,,,
True,,Metallica: Through the Never,Metallica Through the Never,2013,R,04 Oct 2013,93 min,Music,Nimród Antal,"Nimród Antal, James Hetfield, Lars Ulrich","Dane DeHaan, James Hetfield, Lars Ulrich","Trip, a young roadie for Metallica, is sent on an urgent mission during the band's show. But what seems like a simple assignment turns into a surreal adventure.",English,United States,1 win & 3 nominations total,https://m.media-amazon.com/images/M/MV5BMjQwNjk5MTk4Ml5BMl5BanBnXkFtZTcwNTgwNDA5OQ@@._V1_SX300.jpg,"[{'Source': 'Internet Movie Database', 'Value': '7.1/10'}, {'Source': 'Rotten Tomatoes', 'Value': '82%'}, {'Source': 'Metacritic', 'Value': '61/100'}]",61,7.1,"18,585",tt2172935,movie,N/A,"$3,419,967",N/A,N/A,
False,Movie not found!,Mako: Island of Secrets,,,,,,,,,,,,,,,,,,,,,,,,,
False,Movie not found!,Jackass Presents: Bad Grandpa .5,,,,,,,,,,,,,,,,,,,,,,,,,
False,Movie not found!,Senora Acero,,,,,,,,,,,,,,,,,,,,,,,,,
False,Movie not found!,We Steal Secrets: The Story of WikiLeaks,,,,,,,,,,,,,,,,,,,,,,,,,
False,Movie not found!,BoJack Horseman Christmas Special,,,,,,,,,,,,,,,,,,,,,,,,,
True,,Dragons: Dawn Of The Dragon Racers,Dragons: Dawn of the Dragon Racers,2014,TV-PG,11 Nov 2014,26 min,"Animation, Short, Adventure, Comedy, Family, Fantasy","Elaine Bogan, John Sanford","Cressida Cowell (based upon the ""How to Train Your Dragon"" book series by), Art Edler Brown, Douglas Sloan","Jay Baruchel, America Ferrera, Christopher Mintz-Plasse, T.J. Miller","Dawn of the Dragon Racers, is a short film describing how Dragon Racing was invented. Hiccup and all his friends from the dragon academy fight about who really invented it.",English,USA,2 nominations.,https://m.media-amazon.com/images/M/MV5BNDRhYTRjOTQtMGYzYy00MjI5LWI1Y2EtMjQ3OWVlMjk0NmE5XkEyXkFqcGdeQXVyNTM3MDMyMDQ@._V1_SX300.jpg,"[{'Source': 'Internet Movie Database', 'Value': '7.0/10'}]",N/A,7.0,"2,232",tt4191768,movie,N/A,N/A,N/A,N/A,
True,,LEGO Marvel Super Heroes: Maximum Overload,Lego Marvel Super Heroes: Maximum Overload,2013,N/A,05 Nov 2013,22 min,"Animation, Short, Action",N/A,N/A,"Drake Bell, Steve Blum, Greg Cipes",Spider-Man and Marvel's Super Heroes take on a mischievous Loki and a team of super villains.,English,United States,N/A,https://m.media-amazon.com/images/M/MV5BOTZlYTMxYjEtOTFkMi00MDY4LWE5Y2UtZjY3OWI0YmRhY2Y1XkEyXkFqcGc@._V1_SX300.jpg,"[{'Source': 'Internet Movie Database', 'Value': '6.3/10'}]",N/A,6.3,"1,744",tt3322904,series,,,,,1
False,Movie not found!,Birth Reborn,,,,,,,,,,,,,,,,,,,,,,,,,
True,,Monty Python: Live (Mostly),Monty Python Live (Mostly),2014,Not Rated,20 Jul 2014,137 min,"Documentary, Comedy, Musical","Eric Idle, Aubrey Powell","Graham Chapman, John Cleese, Terry Gilliam","John Cleese, Terry Gilliam, Eric Idle","The reunion of the Monty Python team on stage for the first time in over 30 years, and for the very last time ever.","Spanish, English",United Kingdom,N/A,https://m.media-amazon.com/images/M/MV5BMTAzMDQ5NjAtZmRjYy00MDU1LWJiYzUtODQyOTQwMmQ0YzQ5XkEyXkFqcGc@._V1_SX300.jpg,"[{'Source': 'Internet Movie Database', 'Value': '7.6/10'}]",N/A,7.6,"2,855",tt3872778,movie,N/A,N/A,N/A,N/A,
True,,Dokidoki! PreCure,DokiDoki! PreCure,2013–2014,TV-Y7,18 Aug 2017,N/A,"Animation, Action, Adventure",N/A,N/A,"Mayumi Tanaka, Atsuko Tanaka, Kazuhiro Yamaji",5 teenage girls unleash their inner superheroes to stop King Mercenare from taking over the world.,Japanese,Japan,N/A,https://m.media-amazon.com/images/M/MV5BMTJkZjdjZDUtZTMxYy00OGJiLThiZDUtN2IyMTMwNzkxNzc1XkEyXkFqcGc@._V1_SX300.jpg,"[{'Source': 'Internet Movie Database', 'Value': '6.5/10'}]",N/A,6.5,275,tt4621212,series,,,,,1
False,Movie not found!,LEGO DC Comics Super Heroes: Batman Be-Leaguered,,,,,,,,,,,,,,,,,,,,,,,,,
True,,The Boss: Anatomy of a Crime,"The Boss, Anatomy of a Crime",2014,N/A,26 Feb 2015,90 min,"Crime, Drama",Sebastián Schindel,"Nicolás Batlle, Pablo Del Teso, Elías Neuman","Guillermo Pfening, Andrea Garrote, Joaquín Furriel","With dreams of a better life, a humble but illiterate labourer and his wife leave their poor village in Santiago to move to Buenos Aires. However, a sinister boss' promise of a bright future will come at a high price.",Spanish,"Argentina, Venezuela",14 wins & 14 nominations total,https://m.media-amazon.com/images/M/MV5BMjc3N2I2ZTYtNDE5Yy00NmQyLWJkZmYtZjJmNTk3MjJkZmMzXkEyXkFqcGc@._V1_SX300.jpg,"[{'Source': 'Internet Movie Database', 'Value': '7.3/10'}]",N/A,7.3,"2,744",tt3854234,movie,N/A,N/A,N/A,N/A,
False,Movie not found!,Once Upon a Time in Mumbai Dobaara!,,,,,,,,,,,,,,,,,,,,,,,,,
True,,Jim Jefferies: Bare,Jim Jefferies: BARE,2014,TV-MA,29 Aug 2014,77 min,Comedy,Shannon Hartman,Jim Jefferies,Jim Jefferies,Covers topics from gun control to family values.,English,United States,N/A,https://m.media-amazon.com/images/M/MV5BMDY0OGQ1MmQtN2ZkOS00MWFkLTkyODctZDc5N2JhNzQ1MmNlXkEyXkFqcGc@._V1_SX300.jpg,"[{'Source': 'Internet Movie Database', 'Value': '8.0/10'}]",N/A,8.0,"5,889",tt3958494,movie,N/A,N/A,N/A,N/A,
True,,Kai Po Che!,Kai Po Che,2013,Not Rated,22 Feb 2013,120 min,"Drama, Sport",Abhishek Kapoor,"Chetan Bhagat, Abhishek Kapoor, Supratik Sen","Amit Sadh, Sushant Singh Rajput, Rajkummar Rao",Three friends growing up in India at the turn of the millennium set out to open a training academy to produce the country's next cricket stars.,Hindi,India,12 wins & 36 nominations total,https://m.media-amazon.com/images/M/MV5BMTgwNTAwMjEzMF5BMl5BanBnXkFtZTcwNzMzODY4OA@@._V1_SX300.jpg,"[{'Source': 'Internet Movie Database', 'Value': '7.8/10'}, {'Source': 'Rotten Tomatoes', 'Value': '80%'}, {'Source': 'Metacritic', 'Value': '40/100'}]",40,7.8,"39,396",tt2213054,movie,N/A,"$1,122,527",N/A,N/A,
True,,Satyagraha,Satyagraha,2013,N/A,30 Aug 2013,152 min,Drama,Prakash Jha,"Prakash Jha, Anjum Rajabali","Amitabh Bachchan, Ajay Devgn, Kareena Kapoor",A corporate go-getter sees his priorities shift when a personal tragedy brings him face-to-face with political corruption.,Hindi,India,2 nominations total,https://m.media-amazon.com/images/M/MV5BMjA0NjA4OTExMF5BMl5BanBnXkFtZTgwMDQ2MTQwMDE@._V1_SX300.jpg,"[{'Source': 'Internet Movie Database', 'Value': '5.9/10'}]",N/A,5.9,"5,492",tt2275802,movie,N/A,"$738,525",N/A,N/A,
True,,Buddies,Buddies,2012,N/A,01 Mar 2013,94 min,"Adventure, Comedy, Drama",Marcelo Galvão,Marcelo Galvão,"Ariel Goldenberg, Rita Pokk, Breno Viola","Three young people with Down syndrome decide to run away in search of three simple wishes: Stalone wants to see the sea, Aninha looks for a husband and Marcio needs to fly.",Portuguese,Brazil,13 wins & 3 nominations,https://m.media-amazon.com/images/M/MV5BMWIyNjc5YTYtNDFlMS00ZTBiLThjMDgtNTgzOWUxOGQ1NmQ5XkEyXkFqcGdeQXVyMTkzODUwNzk@._V1_SX300.jpg,"[{'Source': 'Internet Movie Database', 'Value': '6.5/10'}]",N/A,6.5,"1,116",tt1179259,movie,N/A,N/A,N/A,N/A,
True,,Khoobsurat,Khoobsurat,2014,TV-14,19 Sep 2014,130 min,"Comedy, Romance",Shashanka Ghosh,"D.N. Mukherjee, Indira Bisht, Juhi Chaturvedi","Sonam Kapoor, Fawad Khan, Ratna Pathak Shah",A hopelessly romantic physiotherapist meets a handsome young Rajput prince who is the complete opposite of her and engaged to someone else.,Hindi,India,4 wins & 13 nominations,https://m.media-amazon.com/images/M/MV5BMTU0MzI0MzAxM15BMl5BanBnXkFtZTgwNzk0MTA2MjE@._V1_SX300.jpg,"[{'Source': 'Internet Movie Database', 'Value': '6.4/10'}, {'Source': 'Rotten Tomatoes', 'Value': '80%'}]",N/A,6.4,"9,288",tt3554418,movie,N/A,"$710,508",N/A,N/A,
True,,Sammy & Co,Sammy & Co,2014–,N/A,20 Jul 2014,10 min,Animation,N/A,N/A,N/A,"The heroes of this animated series are Ricky and Ella, two young turtles who live in a paradisiacal atoll. Together they experience a lot of incredible adventures.",French,France,N/A,https://m.media-amazon.com/images/M/MV5BODRlOTdhYzktY2VjYS00ZWJiLWE1MTctZDAxN2JlMGVmOTgzXkEyXkFqcGc@._V1_SX300.jpg,"[{'Source': 'Internet Movie Database', 'Value': '5.1/10'}]",N/A,5.1,43,tt2580128,series,,,,,2
True,,The Perfect Dictatorship,The Perfect Dictatorship,2014,TV-MA,16 Oct 2014,143 min,"Comedy, Drama",Luis Estrada,"Luis Estrada, Jaime Sampietro","Damián Alcázar, Alfonso Herrera, Joaquín Cosio","After accepting a colossal bribe, a powerful TV conglomerate gins up fake news stories to enhance the image of a notoriously corrupt politician.",Spanish,Mexico,3 wins & 19 nominations,https://m.media-amazon.com/images/M/MV5BMTNmNDlkZDUtZjA2Zi00ZWUyLThiNGMtNjk2YzEwZjBiYjI0XkEyXkFqcGc@._V1_SX300.jpg,"[{'Source': 'Internet Movie Database', 'Value': '7.2/10'}]",N/A,7.2,"6,315",tt3970854,movie,N/A,N/A,N/A,N/A,
True,,Bride for Rent,Bride for Rent,2014,N/A,15 Jan 2014,115 min,"Comedy, Romance",Mae Czarina Cruz,"Charlene Grace Bernardo, Carmi Raymundo","Kim Chiu, Xian Lim, Empoy Marquez","A young man trying to get at his inheritance hires a woman to play his bride. But though it's just supposed to be an act, things get unexpectedly real between them.","Filipino, Tagalog",Philippines,N/A,https://m.media-amazon.com/images/M/MV5BNTRkZmQxMTYtNGQyNS00MDE1LTllN2ItZjIxZGIxZmZiMzA5XkEyXkFqcGc@._V1_SX300.jpg,"[{'Source': 'Internet Movie Database', 'Value': '6.3/10'}]",N/A,6.3,684,tt3469386,movie,N/A,N/A,N/A,N/A,
True,,Selfie,Selfie,2014,TV-14,19 Aug 2014,19S min,"Comedy, Romance",N/A,Emily Kapnek,"Karen Gillan, John Cho, Allyn Rachel","After being the subject of an embarrassing viral video, a self-involved 20-something enlists the help of a marketing expert to revamp her image in the real world.",English,United States,1 nomination total,https://m.media-amazon.com/images/M/MV5BMTc0MzgwMjc1MV5BMl5BanBnXkFtZTgwNjExMTE5MjE@._V1_SX300.jpg,"[{'Source': 'Internet Movie Database', 'Value': '7.2/10'}]",N/A,7.2,"13,233",tt3549044,series,,,,,1
True,,Chashme Baddoor,Chashme Baddoor,2013,Not Rated,05 Apr 2013,121 min,"Comedy, Drama",David Dhawan,"David Dhawan, Renuka Kunzru, Sai Paranjpye","Ali Zafar, Siddharth, Divyendu Sharma","When pretty new neighbor Seema falls for their shy roommate Sid, jealous womanizers Omi and Jai plot to break up the new lovebirds.",Hindi,India,1 win & 5 nominations total,https://m.media-amazon.com/images/M/MV5BMjI1Nzc0MDM0M15BMl5BanBnXkFtZTcwNzA3NzQxOQ@@._V1_SX300.jpg,"[{'Source': 'Internet Movie Database', 'Value': '5.4/10'}]",N/A,5.4,"5,404",tt2229848,movie,N/A,N/A,N/A,N/A,
True,,Bombay Talkies,Bombay Talkies,2013,Not Rated,03 May 2013,127 min,"Crime, Drama","Zoya Akhtar, Dibakar Banerjee, Karan Johar","Zoya Akhtar, Dibakar Banerjee, Karan Johar","Rani Mukerji, Randeep Hooda, Saqib Saleem",One hundred years of Hindi cinema is celebrated in four short stories showcasing the power of film.,"Hindi, English",India,4 nominations,https://m.media-amazon.com/images/M/MV5BODQ5NTk3MDQ2OF5BMl5BanBnXkFtZTcwMTEyNjE0OQ@@._V1_SX300.jpg,"[{'Source': 'Internet Movie Database', 'Value': '6.6/10'}, {'Source': 'Rotten Tomatoes', 'Value': '73%'}]",N/A,6.6,"5,842",tt2797242,movie,N/A,N/A,N/A,N/A,
True,,Humpty Sharma Ki Dulhania,Humpty Sharma Ki Dulhania,2014,Not Rated,11 Jul 2014,133 min,"Comedy, Drama, Romance",Shashank Khaitan,Shashank Khaitan,"Varun Dhawan, Alia Bhatt, Ashutosh Rana","A girl from Ambala, Kavya Pratap Singh, is about to be married. When she visits Delhi to shop for her 'dhai lakh ka Ghagra, she meets Humpty Sharma, a carefree Delhiite, and falls in love with him.","Hindi, English",India,5 wins & 14 nominations,https://m.media-amazon.com/images/M/MV5BMjE3MDA4NjMxN15BMl5BanBnXkFtZTgwMzc4NzkxMjE@._V1_SX300.jpg,"[{'Source': 'Internet Movie Database', 'Value': '6.0/10'}]",N/A,6.0,"14,387",tt3678938,movie,N/A,"$380,011",N/A,N/A,
True,,Ragini MMS 2,Ragini MMS 2,2014,Not Rated,21 Mar 2014,119 min,Horror,Bhushan Patel,"Tanveer Bookwala, Ishita Moitra","Sunny Leone, Saahil Prem, Parvin Dabas",A sleazy film director's decision to shoot his latest erotic horror movie in a notorious haunted house angers the vengeful spirit of its past inhabitant.,"English, Hindi, Marathi",India,5 wins & 6 nominations,https://m.media-amazon.com/images/M/MV5BZjlhZGNjMTYtNDBjZS00MGEwLWEzODQtMzE0NjZkMzcwNzc1XkEyXkFqcGc@._V1_SX300.jpg,"[{'Source': 'Internet Movie Database', 'Value': '3.8/10'}]",N/A,3.8,"3,167",tt2609218,movie,N/A,N/A,N/A,N/A,
True,,Mission Blue,Mission Blue,2014,N/A,15 Aug 2014,95 min,"Documentary, Drama","Robert Nixon, Fisher Stevens","Mark Monroe, Jack Youngelson","Barbara Block, James Cameron, Michael deGruy","Feature documentary about legendary oceanographer, marine biologist, environmentalist, and National Geographic Explorer-in-Residence Sylvia Earle and her campaign to create a global network of protected marine sanctuaries.",English,"United States, Bermuda, Ecuador",1 win & 3 nominations,https://m.media-amazon.com/images/M/MV5BMTExNzg4MDU2OTleQTJeQWpwZ15BbWU4MDk0MTY5MjIx._V1_SX300.jpg,"[{'Source': 'Internet Movie Database', 'Value': '7.9/10'}, {'Source': 'Metacritic', 'Value': '77/100'}]",77,7.9,"2,168",tt2004304,movie,N/A,N/A,N/A,N/A,
True,,Chennai Express,Chennai Express,2013,Not Rated,08 Aug 2013,141 min,"Action, Comedy, Romance",Rohit Shetty,"K. Subhash, Yunus Sajawal, Robin Bhatt","Deepika Padukone, Shah Rukh Khan, Sathyaraj",A man travelling to Rameswaram via Chennai express for his late grandfather's ashes immersion finds himself in trouble after helping a don's daughter and her cousins board the train.,"Hindi, Tamil, English, Marathi",India,33 wins & 55 nominations total,https://m.media-amazon.com/images/M/MV5BMjE2OTEyOTA3OV5BMl5BanBnXkFtZTcwNjI4MDk3OQ@@._V1_SX300.jpg,"[{'Source': 'Internet Movie Database', 'Value': '6.2/10'}, {'Source': 'Rotten Tomatoes', 'Value': '53%'}, {'Source': 'Metacritic', 'Value': '45/100'}]",45,6.2,"68,743",tt2112124,movie,N/A,"$5,307,960",N/A,N/A,
True,,Silent,Silent Hill,2006,R,21 Apr 2006,125 min,"Horror, Mystery",Christophe Gans,Roger Avary,"Radha Mitchell, Laurie Holden, Sean Bean","Rose Da Silva takes her adopted daughter, Sharon, to the town of Silent Hill in an attempt to cure her of her ailment. After a violent car crash, Sharon disappears and Rose begins a horrific journey to get her back.",English,"Canada, France, Japan, United States",8 nominations total,https://m.media-amazon.com/images/M/MV5BYTczZmZlZmEtODU4ZS00YzgzLThiMDUtMGE0ZmJhYzdhZGY5XkEyXkFqcGc@._V1_SX300.jpg,"[{'Source': 'Internet Movie Database', 'Value': '6.5/10'}, {'Source': 'Rotten Tomatoes', 'Value': '34%'}, {'Source': 'Metacritic', 'Value': '31/100'}]",31,6.5,"255,425",tt0384537,movie,N/A,"$46,982,632",N/A,N/A,
True,,The Meaning of Monty Python,The Meaning of Monty Python,2013,Not Rated,08 Oct 2013,60 min,Documentary,Albert Sharpe,N/A,"John Cleese, Terry Gilliam, Eric Idle, Terry Jones","Five Pythons reflect on their creative process, politics, television and the making of their award-winning final film, ""The Meaning of Life.""",English,UK,N/A,https://m.media-amazon.com/images/M/MV5BMDE5ZmQ1NGUtMmVjMS00YjA4LWI5MWMtY2I4NWExZjRiNjM2XkEyXkFqcGdeQXVyNTM3MDMyMDQ@._V1_SX300.jpg,"[{'Source': 'Internet Movie Database', 'Value': '7.7/10'}]",N/A,7.7,294,tt3260850,movie,N/A,N/A,N/A,N/A,
True,,Saheb Biwi Aur Gangster Returns,Saheb Biwi Aur Gangster Returns,2013,Not Rated,08 Mar 2013,142 min,"Action, Crime, Drama",Tigmanshu Dhulia,"Tigmanshu Dhulia, Kamal Pandey","Jimmy Shergill, Mahie Gill, Irrfan Khan","Saheb, his wife, and a gangster who returns to take revenge.",Hindi,India,3 wins & 4 nominations total,https://m.media-amazon.com/images/M/MV5BMTgwNjEyMDQyOV5BMl5BanBnXkFtZTcwNTU5OTcwOQ@@._V1_SX300.jpg,"[{'Source': 'Internet Movie Database', 'Value': '6.7/10'}, {'Source': 'Rotten Tomatoes', 'Value': '83%'}]",N/A,6.7,"4,184",tt2362778,movie,N/A,N/A,N/A,N/A,
True,,Raja Natwarlal,Raja Natwarlal,2014,Not Rated,29 Aug 2014,141 min,"Crime, Thriller",Kunal Deshmukh,"Parveez Sheikh, Sanjay Masoomm, Kunal Deshmukh","Emraan Hashmi, Humaima Malik, Paresh Rawal",A small-time con man seeks assistance from his mentor with the intention of settling scores with a gangster.,Hindi,India,1 win,https://m.media-amazon.com/images/M/MV5BMzZhMTYxYzMtNjhjZC00YmU5LTg5MjUtOTUyNTJmN2Q1MDMxXkEyXkFqcGc@._V1_SX300.jpg,"[{'Source': 'Internet Movie Database', 'Value': '6.2/10'}]",N/A,6.2,"4,606",tt3483712,movie,N/A,"$131,105",N/A,N/A,
True,,My Beautiful Broken Brain,My Beautiful Broken Brain,2014,TV-14,18 Mar 2016,86 min,"Documentary, Biography","Sophie Robinson, Lotje Sodderland",Sophie Robinson,"David Lynch, Sophie Robinson, Hente Sodderland","After suffering a stroke at age 34, a woman documents her struggles, setbacks and eventual breakthrough as she relearns to speak, read and write.",English,United Kingdom,2 wins & 6 nominations total,https://m.media-amazon.com/images/M/MV5BMTEzMDM3OTkxNzBeQTJeQWpwZ15BbWU4MDQ4MDg3NDQx._V1_SX300.jpg,"[{'Source': 'Internet Movie Database', 'Value': '7.0/10'}]",N/A,7.0,"2,517",tt3815136,movie,N/A,N/A,N/A,N/A,
True,,Jim Gaffigan: Obsessed,Jim Gaffigan: Obsessed,2014,TV-14,27 Apr 2014,60 min,"Documentary, Comedy",Jay Chapman,"Jim Gaffigan, Jeannie Gaffigan",Jim Gaffigan,"Jim Gaffigan bursts back on the scene with this eagerly anticipated fourth comedy special. Dubbed the ""King of Clean Comedy"" by The Wall Street Journal, Jim's obsession with all things food comes to fruition on ""Obsessed"" as he ta...",English,United States,1 win total,https://m.media-amazon.com/images/M/MV5BMjA1MDc3NzkyNl5BMl5BanBnXkFtZTgwNDYzNjM3MTE@._V1_SX300.jpg,"[{'Source': 'Internet Movie Database', 'Value': '7.6/10'}, {'Source': 'Rotten Tomatoes', 'Value': '100%'}]",N/A,7.6,"2,529",tt3481550,movie,N/A,N/A,N/A,N/A,
True,,Jeff Dunham: All Over the Map,Jeff Dunham: All Over the Map,2014,TV-14,16 Nov 2014,83 min,Comedy,Rob Dipple,Jeff Dunham,"Jeff Dunham, Jeff Rothpan","In this documentary/stand-up special, Jeff takes his friends in the suitcase all around the world, performing in places such as Iceland, Norway, Abu Dhabi, United Arab Emirates, London, and Israel.",English,United States,N/A,https://m.media-amazon.com/images/M/MV5BMDI1OGZhNzctNzUwZS00ZTNjLTljYzEtNzFkMGI1NGFkZDQ0XkEyXkFqcGc@._V1_SX300.jpg,"[{'Source': 'Internet Movie Database', 'Value': '7.1/10'}]",N/A,7.1,"1,008",tt4209802,movie,N/A,N/A,N/A,N/A,
True,,Eyes of a Thief,Eyes of a Thief,2014,Not Rated,01 Oct 2014,98 min,Drama,Najwa Najjar,Najwa Najjar,"Kal Naga, Souad Massi, Suhail Haddad",A father with a dangerous secret searches for his daughter.,Arabic,"Occupied Palestinian Territory, France, Algeria",2 wins,https://m.media-amazon.com/images/M/MV5BNDIwODE3MjcwOV5BMl5BanBnXkFtZTgwNTYxMjU5MzE@._V1_SX300.jpg,"[{'Source': 'Internet Movie Database', 'Value': '6.5/10'}]",N/A,6.5,518,tt2993406,movie,N/A,N/A,N/A,N/A,
True,,Miss Granny,Miss Granny,2014,PG-13,22 Jan 2014,124 min,"Comedy, Fantasy, Music",Hwang Dong-hyuk,"Dong-ik Shin, Yoon-jeong Hong, Hee-seon Dong","Shim Eun-kyung, Na Moon-hee, Park In-hwan",A 74-year-old widow realizes she is becoming a burden on her family. She mysteriously regains her physical appearance from the age of 20.,Korean,South Korea,8 wins & 10 nominations total,https://m.media-amazon.com/images/M/MV5BYzMwNWNjZTctYzZjNy00NjkzLTk5OGItZTBkN2FhM2I0MTc2XkEyXkFqcGc@._V1_SX300.jpg,"[{'Source': 'Internet Movie Database', 'Value': '7.2/10'}, {'Source': 'Rotten Tomatoes', 'Value': '83%'}]",N/A,7.2,"4,513",tt3516378,movie,N/A,N/A,N/A,N/A,
True,,Aziz Ansari: Buried Alive,Aziz Ansari: Buried Alive,2013,TV-MA,01 Nov 2013,80 min,Comedy,"Will Lovelace, Dylan Southern",Aziz Ansari,Aziz Ansari,"Aziz Ansari focuses his unique viewpoint on pending adulthood, babies, marriage and love in the modern era.",English,United States,1 nomination,https://m.media-amazon.com/images/M/MV5BNzAyNTYyODI5Nl5BMl5BanBnXkFtZTgwMzkwMzY1MDE@._V1_SX300.jpg,"[{'Source': 'Internet Movie Database', 'Value': '7.2/10'}, {'Source': 'Rotten Tomatoes', 'Value': '100%'}]",N/A,7.2,"4,165",tt2836450,movie,N/A,N/A,N/A,N/A,
True,,Print the Legend,Print the Legend,2014,N/A,26 Sep 2014,100 min,"Documentary, Biography, Drama","Luis Lopez, Clay Tweel","Steven Klein, Luis Lopez, Clay Tweel","Chris Anderson, Bruce Bradshaw, Craig Broady","Follows the people racing to bring the hot new 3D printing technology to your home, documenting the ""Macintosh Moment"" of this revolution and exploring what it takes to live the American Dream.",English,United States,2 wins & 1 nomination total,https://m.media-amazon.com/images/M/MV5BMTc3MDk5Nzg1NV5BMl5BanBnXkFtZTgwOTA1NTE3MjE@._V1_SX300.jpg,"[{'Source': 'Internet Movie Database', 'Value': '7.0/10'}]",N/A,7.0,"2,071",tt3557464,movie,N/A,N/A,N/A,N/A,
True,,The Butterfly's Dream,The Butterfly's Dream,2013,N/A,22 Feb 2013,138 min,"Biography, Drama, History",Yilmaz Erdogan,Yilmaz Erdogan,"Kivanç Tatlitug, Mert Firat, Belçim Bilgin","In a small Turkish town, two young tuberculous poets try to survive while publishing their poems. As they both fall in love, their life would never be the same.",Turkish,Turkey,15 wins & 7 nominations,https://m.media-amazon.com/images/M/MV5BNzk4MDM3NmEtMTUzYi00ZTI2LWFhYTQtNTMzN2ViMGVlZTE3XkEyXkFqcGc@._V1_SX300.jpg,"[{'Source': 'Internet Movie Database', 'Value': '7.6/10'}]",N/A,7.6,"24,804",tt2608224,movie,N/A,N/A,N/A,N/A,
True,,Tea Time,Tea Time,2015,N/A,N/A,7 min,"Animation, Short, Comedy","Thomas Bourret, Vincent Delmon, François Gris","Thomas Bourret, Vincent Delmon, François Gris","Xavier Fagnon, Barbara Tissier",A grandma decides to replace her old home robot by a new model.,French,France,N/A,https://m.media-amazon.com/images/M/MV5BMjYxNjY1YWQtOGZiZi00NmFlLWE2MTAtNmViNDJhNDE1NzRkXkEyXkFqcGdeQXVyMTM2MzAwOA@@._V1_SX300.jpg,"[{'Source': 'Internet Movie Database', 'Value': '6.5/10'}]",N/A,6.5,99,tt6641402,movie,N/A,N/A,N/A,N/A,
True,,Mitt,Mitt,2014,N/A,24 Jan 2014,94 min,"Documentary, Biography, Family",Greg Whiteley,Greg Whiteley,"Mitt Romney, Candy Crowley, Eric Draper",Mitt Romney and his family are followed through their U.S. Presidential campaigns for the Republic Party.,English,United States,N/A,https://m.media-amazon.com/images/M/MV5BNDkwMzA0NzIzMV5BMl5BanBnXkFtZTgwMjY1ODY3MDE@._V1_SX300.jpg,"[{'Source': 'Internet Movie Database', 'Value': '6.9/10'}, {'Source': 'Rotten Tomatoes', 'Value': '83%'}, {'Source': 'Metacritic', 'Value': '64/100'}]",64,6.9,"2,660",tt1757800,movie,N/A,N/A,N/A,N/A,
True,,Trailer Park Boys - Live in F**kin' Dublin,Trailer Park Boys: Live in F**kin' Dublin,2014,TV-MA,01 Jun 2014,81 min,Comedy,"Jeremy Chipper, Mike Smith, John Paul Tremblay","Mike Smith, John Paul Tremblay, Robb Wells","John Paul Tremblay, Robb Wells, Mike Smith",The boys head to Ireland after winning a contest to see Rush but are arrested by immigration and must perform a community service puppet show.,English,Canada,N/A,https://m.media-amazon.com/images/M/MV5BZjU4MjQ1ZjItZWM5Yi00ZWI5LTk1NGUtYTI4MzczOWRkMzc4XkEyXkFqcGc@._V1_SX300.jpg,"[{'Source': 'Internet Movie Database', 'Value': '6.2/10'}]",N/A,6.2,"1,748",tt3580052,movie,N/A,N/A,N/A,N/A,
True,,Ungli,Ungli,2014,Not Rated,28 Nov 2014,114 min,"Crime, Drama, Thriller",Renzil D'Silva,"Renzil D'Silva, Milap Zaveri","Sanjay Dutt, Emraan Hashmi, Kangana Ranaut",A gang of friends decide to take justice into their own hands.,Hindi,India,2 wins & 2 nominations,https://m.media-amazon.com/images/M/MV5BOTUwNTA4MTctNDhjYi00NTA5LTgwMjYtNWNlMmQ2OWU3NTI4XkEyXkFqcGc@._V1_SX300.jpg,"[{'Source': 'Internet Movie Database', 'Value': '5.8/10'}, {'Source': 'Rotten Tomatoes', 'Value': '0%'}]",N/A,5.8,"4,242",tt2392447,movie,N/A,N/A,N/A,N/A,
True,,When Love Happens,When Love Happens,2014,N/A,24 Oct 2014,109 min,Romance,Seyi Babatope,"Seyi Babatope, Temitope Bolade, Diche Enunwa","Shaffy Bello, Kc Ejelonu, Keppy Ekpenyong-Bassey","In this feel-good romcom from Nollywood, a successful events planner, Mo, is a trusted matchmaker for her friends. But privately, Mo dreams of finding herself a special man - one who may come along sooner than she thinks.",English,Nigeria,N/A,https://m.media-amazon.com/images/M/MV5BNzk1MjIzMTAtNDczNC00ZDBkLWI5Y2YtOWI1M2I3OWRlNTA2XkEyXkFqcGc@._V1_SX300.jpg,"[{'Source': 'Internet Movie Database', 'Value': '4.8/10'}]",N/A,4.8,143,tt4094916,movie,N/A,N/A,N/A,N/A,
True,,Marc Maron: Thinky Pain,Marc Maron: Thinky Pain,2013,Not Rated,15 Oct 2013,95 min,Comedy,Lance Bangs,Marc Maron,"Marc Maron, Sam Lipsyte, Tom Scharpling","Marc Maron returns to his old stomping grounds for an intimate special in which he takes stock of himself. More than ever, Maron is raw and hilariously honest as he dissects his own neuroses and self-loathing while providing outra...",English,United States,N/A,https://m.media-amazon.com/images/M/MV5BNTAwZDIyMWItNTRjZi00NTgwLTk5MWEtNmU0MTRiNTgwNjU4XkEyXkFqcGc@._V1_SX300.jpg,"[{'Source': 'Internet Movie Database', 'Value': '7.3/10'}]",N/A,7.3,"1,978",tt3004634,movie,N/A,N/A,N/A,N/A,
True,,From One Second to the Next,From One Second to the Next,2013,N/A,07 Aug 2013,34 min,"Documentary, Short",Werner Herzog,N/A,"Valetta Bradford, Xzavier Davis-Bilbo, Aurie Parris",Stories of serious traffic accidents caused by texting and driving are told by the perpetrators and surviving victims.,English,United States,N/A,https://m.media-amazon.com/images/M/MV5BNjUwMDI2ZTQtNmE4NC00MjJmLTlhYTUtZmExYmFjNzRiMjlkXkEyXkFqcGc@._V1_SX300.jpg,"[{'Source': 'Internet Movie Database', 'Value': '7.3/10'}]",N/A,7.3,"1,360",tt3108864,movie,N/A,N/A,N/A,N/A,
True,,"Raja, Rasoi Aur Anya Kahaniyaan","Raja, Rasoi Aur Anya Kahaniyaan",2014–2022,N/A,24 Dec 2014,45 min,History,N/A,N/A,"Pushpesh Pant, Manwendra Tripathy","Explore the history and flavors of regional Indian cuisine, from traditional Kashmiri feasts to the vegetarian dishes of Gujarat.",Hindi,India,N/A,https://m.media-amazon.com/images/M/MV5BODMyM2E1MjAtNDkxOC00MTUxLTljMTYtNTM2NTg1ZDM1NDMwXkEyXkFqcGc@._V1_SX300.jpg,"[{'Source': 'Internet Movie Database', 'Value': '8.8/10'}]",N/A,8.8,402,tt6953924,series,,,,,4
True,,Coming Soon,Coming Soon,2014,N/A,02 Oct 2014,134 min,"Comedy, Drama, Romance",Cem Yilmaz,Cem Yilmaz,"Cem Yilmaz, Tülin Özen, Zafer Algöz","Pirated DVD seller Zafer who is formerly an extra in movies; swore to give up illegal works when his wife wanted to get divorce. To win his family back, he and his old-fashioned crew decided to make a movie called ""Summit - The En...",Turkish,Turkey,1 win & 6 nominations total,https://m.media-amazon.com/images/M/MV5BMTg0ODQ4OTE0OF5BMl5BanBnXkFtZTgwNzQwMTk3MjE@._V1_SX300.jpg,"[{'Source': 'Internet Movie Database', 'Value': '7.3/10'}]",N/A,7.3,"36,653",tt3698408,movie,N/A,N/A,N/A,N/A,
True,,Dazzling Mirage,Dazzling Mirage,2014,N/A,09 Oct 2014,117 min,Drama,Tunde Kelani,"Olayinka Abimbola Egbokhare, Ade Solanke","Adejumoke Aderounmu, Dupe Adetuwo, Kunle Afolayan",N/A,English,Nigeria,1 win & 1 nomination,https://m.media-amazon.com/images/M/MV5BZjUzMzM4NWUtNmMwZi00ODBkLWJiZTctYTBhZmMyZGM5NTExXkEyXkFqcGc@._V1_SX300.jpg,"[{'Source': 'Internet Movie Database', 'Value': '4.3/10'}]",N/A,4.3,15,tt10183654,movie,N/A,N/A,N/A,N/A,
True,,Boss & Me,Boss & Me,2014,N/A,08 Jun 2014,45 min,"Comedy, Drama, Romance",N/A,Man Gu,"Zanilia Zhao, Hans Zhang, Youming Huang","The president of a large corporation and a blood donor he hired for his sister fall in love, but a childhood crush stands in their way.",Chinese,China,3 wins,https://m.media-amazon.com/images/M/MV5BYzJkZDE1ODMtZWM2MS00MmYzLWJjYzAtOWVjYzA5ZDM0ZmRjXkEyXkFqcGc@._V1_SX300.jpg,"[{'Source': 'Internet Movie Database', 'Value': '7.2/10'}]",N/A,7.2,663,tt6186406,series,,,,,1
True,,Born in Gaza,Born in Gaza,2014,N/A,16 May 2019,54 min,Documentary,Hernán Zin,Hernán Zin,"Walaa Eltiti, Yazeed Faruja","Filmed shortly after the 2014 Gaza war, this documentary examines how violence has transformed the lives of 10 Palestinian children.","English, Arabic",Spain,2 wins & 3 nominations,https://m.media-amazon.com/images/M/MV5BZjUwMTVmMmYtYTE5Mi00NTBlLWE3NDktNzkyODA5ODQxMzgwXkEyXkFqcGc@._V1_SX300.jpg,"[{'Source': 'Internet Movie Database', 'Value': '7.7/10'}]",N/A,7.7,"2,804",tt4205416,movie,N/A,N/A,N/A,N/A,
True,,Tiger & Bunny: The Rising,Tiger & Bunny: The Rising,2014,TV-14,14 Mar 2014,108 min,"Animation, Action, Adventure","Kiyotaka Suzuki, Yoshitomo Yonetani",Masafumi Nishida,"Hiroaki Hirata, Masakazu Morita, Yûichi Nakamura","Kotetsu T. Kaburagi, a.k.a. Wild Tiger, and Barnaby Brooks Jr. resume their careers as heroes fighting crime. But their partnership comes to a sudden end when Apollon Media's new owner Mark Schneider fires Kotetsu and moves Barnab...",Japanese,Japan,1 win & 4 nominations,https://m.media-amazon.com/images/M/MV5BMTk4MjMyNTk5NF5BMl5BanBnXkFtZTgwMTU0MjYyMTE@._V1_SX300.jpg,"[{'Source': 'Internet Movie Database', 'Value': '6.8/10'}]",N/A,6.8,421,tt3204012,movie,N/A,"$34,471",N/A,N/A,
True,,My Own Man,My Own Man,2014,TV-14,31 Dec 2014,82 min,"Documentary, Comedy, Drama",David Sampliner,David Sampliner,N/A,"When a man discovers he will be the father to a boy, his fear and insecurities send him on an emotional, humorous quest for his own manhood.",English,United States,N/A,https://m.media-amazon.com/images/M/MV5BYzNiYTlkZDUtNDFlOC00MzI1LWI3ZGUtNTU1NDljOGFlMjMxXkEyXkFqcGc@._V1_SX300.jpg,"[{'Source': 'Internet Movie Database', 'Value': '6.4/10'}]",N/A,6.4,468,tt3356434,movie,N/A,N/A,N/A,N/A,
True,,SDU: Sex Duties Unit,SDU: Sex Duties Unit,2013,N/A,25 Jul 2013,94 min,"Action, Comedy",Gary Wing-Lun Mak,"Yee-sum Luk, Ho-Cheung Pang","Chapman To, Shawn Yue, Matt Chow","4 Hong Kong cops launch a ""Sex War Operation"" and trying to fooling around in Macau in one night, but things doesn't appear like they expected.",Cantonese,Hong Kong,N/A,https://m.media-amazon.com/images/M/MV5BOWE3YTUxZmQtZjUxZi00ZWQ5LWIxYWUtMTI3MWY2ODc0NmZhXkEyXkFqcGc@._V1_SX300.jpg,"[{'Source': 'Internet Movie Database', 'Value': '5.8/10'}]",N/A,5.8,576,tt3044248,movie,N/A,N/A,N/A,N/A,
True,,City of God: 10 Years Later,City of God: 10 Years Later,2013,PG-13,20 Oct 2014,70 min,Documentary,"Cavi Borges, Luciano Vidigal","Maria do Rosário Caetano, Carla Osório, André Sampaio","Alexandre Rodrigues, Leandro Firmino, Roberta Rodrigues",A film documentary about the fate of the young actors of the award winning film City of God by Fernando Meirelles and Katia Lund. It shows how their lives unfolded after the film's worldwide success.,Portuguese,Brazil,2 wins,https://m.media-amazon.com/images/M/MV5BMTQ4MDk2OTE1NV5BMl5BanBnXkFtZTgwNDI0OTk5MjE@._V1_SX300.jpg,"[{'Source': 'Internet Movie Database', 'Value': '6.4/10'}]",N/A,6.4,"1,536",tt4103686,movie,N/A,N/A,N/A,N/A,
True,,October 1,October 1,2014,PG-13,03 Oct 2014,148 min,"Crime, Drama, Mystery",Kunle Afolayan,Tunde Babalola,"Sadiq Daba, Kayode Olaiya, Ademola Adedoyin","As Nigeria prepares for independence from the British in 1960, a seasoned police detective rushes to find the serial killer slaughtering its native young women.","English, Ibo, Yoruba, Hausa",Nigeria,4 wins & 5 nominations,https://m.media-amazon.com/images/M/MV5BMzQ1NzA4MTA4N15BMl5BanBnXkFtZTgwMzk1NzYzMDE@._V1_SX300.jpg,"[{'Source': 'Internet Movie Database', 'Value': '6.4/10'}]",N/A,6.4,543,tt3206616,movie,N/A,N/A,N/A,N/A,
True,,The Amazing Praybeyt Benjamin,The Amazing Praybeyt Benjamin,2014,TV-PG,25 Dec 2014,105 min,"Action, Comedy, Fantasy",Wenn V. Deramas,"Keiko Aquino, Danno Kristoper C. Mariquit, Wenn V. Deramas","Vice Ganda, James Bimby Aquino, Richard Yap",A soldier who once saved the entire country is assigned to guard a genius child whose intellect is needed to foil the plans of an evil villain.,"Filipino, Tagalog, English, French",Philippines,2 wins & 3 nominations,https://m.media-amazon.com/images/M/MV5BZjBkYTZjNzgtOGNiZS00ZWRkLTk0ZTUtNjZmZjllNGNlN2IzXkEyXkFqcGdeQXVyNTI5NjIyMw@@._V1_SX300.jpg,"[{'Source': 'Internet Movie Database', 'Value': '4.1/10'}]",N/A,4.1,225,tt3828220,movie,N/A,N/A,N/A,N/A,
True,,Against the Tide,Against the Tide,2023,N/A,20 Jan 2023,97 min,Documentary,Sarvnik Kaur,Sarvnik Kaur,"Rakesh Koli, Ganesh Nakhawa",Bombay fishermen Rakesh and Ganesh are inheritors of the Koli knowledge system of harvesting the sea following the moon and the tides. Rakesh has kept faith in the traditional fishing methods; Ganesh has instead embraced technology.,"Marathi, Hindi, English","India, France",5 wins & 9 nominations,https://m.media-amazon.com/images/M/MV5BYmU1ZTYxNGItNmU1OS00OWU5LTkxY2MtMWVjNGFjMDQzMTk3XkEyXkFqcGc@._V1_SX300.jpg,"[{'Source': 'Internet Movie Database', 'Value': '6.9/10'}, {'Source': 'Rotten Tomatoes', 'Value': '95%'}]",N/A,6.9,161,tt24082466,movie,N/A,N/A,N/A,N/A,
True,,Free to Play,Free to Play,2014,N/A,14 Apr 2021,75 min,"Documentary, Action",Valve,N/A,"Benedict Lim, Clinton Loomis, Danil Ishutin","Follow three professional video game players as they overcome personal adversity, family pressures, and the realities of life to compete in a $1,000,000 tournament that could change their lives forever.","English, Chinese, Russian, Czech, Bulgarian, Japanese, German, Spanish",United States,N/A,https://m.media-amazon.com/images/M/MV5BMTYxMjk0OTUwMF5BMl5BanBnXkFtZTgwNTY0ODIzMDE@._V1_SX300.jpg,"[{'Source': 'Internet Movie Database', 'Value': '7.6/10'}]",N/A,7.6,"13,627",tt3203290,movie,N/A,N/A,N/A,N/A,
True,,Inkaar,Inkaar,2013,Not Rated,18 Jan 2013,125 min,"Drama, Romance, Thriller","Sudhir Mishra, Jay Dev Banerjee",Sudhir Mishra,"Arjun Rampal, Chitrangda Singh, Vipin Sharma","At a leading ad agency, the battle for the top job between Rahul Verma, the advertising CEO, and Maya Luthra, his ambitious protégée, takes an ugly turn when Maya files a sexual harassment complaint against Rahul.",Hindi,India,1 win & 2 nominations,https://m.media-amazon.com/images/M/MV5BYmRlMjQxMWQtMzU1OS00M2JlLWE0YTUtYmMzNTMzZmYwYjVmXkEyXkFqcGc@._V1_SX300.jpg,"[{'Source': 'Internet Movie Database', 'Value': '6.1/10'}]",N/A,6.1,"2,723",tt2094854,movie,N/A,N/A,N/A,N/A,
True,,Dabbe 5: Curse of the Jinn,Dabbe 5: Curse of the Jinn,2014,TV-MA,12 Sep 2014,133 min,Horror,Hasan Karacadag,Hasan Karacadag,"Ümit Bülent Dinçer, Nil Günal, Pelin Acar","Dilek, a housewife suddenly starts to feel presence of something abnormal in a specific room in their house. Though her husband, Omer refuses to agree with her but situation become worse. They find out that, an ancient paranormal ...",Turkish,Turkey,N/A,https://m.media-amazon.com/images/M/MV5BMTYwMjEwMjExM15BMl5BanBnXkFtZTgwMzY4NTM0MzE@._V1_SX300.jpg,"[{'Source': 'Internet Movie Database', 'Value': '5.9/10'}]",N/A,5.9,"4,665",tt3886722,movie,N/A,N/A,N/A,N/A,
True,,Diamonds in the Sky,Diamonds in the Sky,2014,N/A,15 Aug 2014,132 min,Drama,"Sriparna Dey, Anamitra Roy",Anamitra Roy,"Anamitra Roy, Yovik, Abhishek Bhattacharyya",Survival of a 'truly independent' filmmaker far away from the industry.,"Bengali, Hindi, English",India,N/A,https://m.media-amazon.com/images/M/MV5BYWEyNzMzMjgtNzNkYy00NjFmLThiNjItNWUzODZmYTU5NmNhXkEyXkFqcGdeQXVyMTgzMDg0MjE@._V1_SX300.jpg,"[{'Source': 'Internet Movie Database', 'Value': '6.1/10'}]",N/A,6.1,11,tt2338287,movie,N/A,N/A,N/A,N/A,
True,,Chhota Bheem and the ShiNobi Secret,Chhota Bheem and the ShiNobi Secret,2013,N/A,N/A,63 min,Animation,Rajiv Chilaka,Darsana Radhakrishnan,"Jigna Bhardwaj, Rupa Bhimani, Vatsal Dubey","Prof. Dhoomketu is trying to build a new machine based on how a volcano works. Dholu and Bholu mess around which gives Kalia a new 'smoking' hairdo. As Bheem and Chutki try to restore the machine, Indumati arrives in with Bheem's ...",N/A,India,N/A,https://m.media-amazon.com/images/M/MV5BYWJiMDI5ZWUtYzBmZC00NmVjLTk4ZDgtZWFmOWY0NGExYjgxXkEyXkFqcGdeQXVyODAzNzAwOTU@._V1_SX300.jpg,[],N/A,N/A,34,tt6417830,movie,N/A,N/A,N/A,N/A,
False,Movie not found!,Bhaji in Problem,,,,,,,,,,,,,,,,,,,,,,,,,
True,,Dedh Ishqiya,Dedh Ishqiya,2014,Not Rated,10 Jan 2014,152 min,"Comedy, Drama, Romance",Abhishek Chaubey,"Vishal Bhardwaj, Abhishek Chaubey, Darab Farooqui","Madhuri Dixit, Huma Qureshi, Naseeruddin Shah",Two lousy crooks find paradise in the seven stages of love.,"Hindi, Urdu",India,4 wins & 19 nominations,https://m.media-amazon.com/images/M/MV5BMTkxMzU3MDMxMV5BMl5BanBnXkFtZTgwMzM5MDk3MDE@._V1_SX300.jpg,"[{'Source': 'Internet Movie Database', 'Value': '7.0/10'}, {'Source': 'Rotten Tomatoes', 'Value': '83%'}]",N/A,7.0,"7,561",tt2675978,movie,N/A,N/A,N/A,N/A,
True,,She's The One,She's the One,1996,R,23 Aug 1996,96 min,"Comedy, Drama, Romance",Edward Burns,Edward Burns,"Edward Burns, Jennifer Aniston, John Mahoney","The love lives of two brothers, Mickey and Francis, interconnect as Francis cheats on his wife with Mickey's ex-girlfriend, while Mickey impulsively marries a stranger.",English,United States,3 nominations,https://m.media-amazon.com/images/M/MV5BMjhkOGI1OWQtZjY0MC00ZmZhLTg2MmMtOTg0M2I1OTUzNmIwXkEyXkFqcGc@._V1_SX300.jpg,"[{'Source': 'Internet Movie Database', 'Value': '6.0/10'}, {'Source': 'Rotten Tomatoes', 'Value': '62%'}, {'Source': 'Metacritic', 'Value': '53/100'}]",53,6.0,"18,719",tt0117628,movie,N/A,"$9,538,948",N/A,N/A,
False,Movie not found!,Wedding Association,,,,,,,,,,,,,,,,,,,,,,,,,
False,Movie not found!,Chelsea Handler: Uganda Be Kidding Me Live,,,,,,,,,,,,,,,,,,,,,,,,,
True,,Ghadi,Ghadi,2013,N/A,31 Oct 2013,100 min,"Comedy, Drama, Family",Amin Dora,Georges Khabbaz,"Georges Khabbaz, Lara Rain, Emmanuel Khairallah","Ghadi is different from other kids; could he be an angel? His father Leba, along with his teammates, tricks the town into believing so.",Arabic,Lebanon,3 wins & 3 nominations,https://m.media-amazon.com/images/M/MV5BMjE3MjU4MzU2OF5BMl5BanBnXkFtZTgwNTEyNTY2MTE@._V1_SX300.jpg,"[{'Source': 'Internet Movie Database', 'Value': '7.3/10'}]",N/A,7.3,"1,248",tt2552296,movie,N/A,N/A,N/A,N/A,
False,Movie not found!,Swearnet: The Movie,,,,,,,,,,,,,,,,,,,,,,,,,
True,,E-Team,E-Team,2014,N/A,22 Oct 2014,88 min,"Documentary, War","Katy Chevigny, Ross Kauffman","Katy Chevigny, Ross Kauffman, David Teague","Anna Neistat, Ole Solvang, Peter Bouckaert","When atrocities are committed in countries held hostage by ruthless dictators, Human Rights Watch sends in the E-Team (Emergencies Team), a collection of fiercely intelligent individuals hired to document war crimes and report the...","English, German, Arabic, Russian, French",United States,5 wins & 5 nominations,https://m.media-amazon.com/images/M/MV5BMjI4NDExNDYxNF5BMl5BanBnXkFtZTgwMDkyOTczMTE@._V1_SX300.jpg,"[{'Source': 'Internet Movie Database', 'Value': '7.1/10'}, {'Source': 'Rotten Tomatoes', 'Value': '82%'}, {'Source': 'Metacritic', 'Value': '66/100'}]",66,7.1,955,tt3456090,movie,N/A,N/A,N/A,N/A,
False,Movie not found!,SampleThis,,,,,,,,,,,,,,,,,,,,,,,,,
True,,El Mago Pop,El Mago Pop,2013,N/A,22 Nov 2013,44 min,Reality-TV,Joangil Marti,Antonio Díaz,"Antonio Díaz, Lisa Gardner","Antonio Diaz is a young and talented magician who uses magic to test the six degrees of separation theory, meeting celebrities and anonymous people along the way.","Spanish, English",Spain,N/A,https://m.media-amazon.com/images/M/MV5BMDQ2YWQzZGItNzRlMi00NWY4LTg4OGItNzM2ZDNiYzEzMjgyL2ltYWdlL2ltYWdlXkEyXkFqcGdeQXVyMzA3NTMxNDM@._V1_SX300.jpg,[],N/A,N/A,21,tt3355166,movie,N/A,N/A,N/A,N/A,
True,,Ghanchakkar,Ghanchakkar,2013,N/A,03 Jul 2013,137 min,"Comedy, Crime, Thriller",Raj Kumar Gupta,"Raj Kumar Gupta, Parveez Sheikh","Emraan Hashmi, Amar Kaushik, Raj Kumar Gupta",A safe cracker claims he has lost his memory when two criminals come calling for their cut of the bank heist loot.,Hindi,India,2 nominations,https://m.media-amazon.com/images/M/MV5BNjUyNzYzNjkxMF5BMl5BanBnXkFtZTcwNzQwNTA0OQ@@._V1_SX300.jpg,"[{'Source': 'Internet Movie Database', 'Value': '5.9/10'}]",N/A,5.9,"5,339",tt2246724,movie,N/A,"$203,044",N/A,N/A,
True,,100 Things to Do Before High School,100 Things to Do Before High School,2014–2016,TV-G,11 Nov 2014,46S min,"Comedy, Family",N/A,Scott Fellows,"Isabela Merced, Jaheem Toombs, Owen Patrick Joyner","Three best friends navigate the highs and lows of middle school, with help from a series of adventures that help them overcome cliques, terrifying bullies, and clueless teachers.",English,United States,4 wins & 1 nomination,https://m.media-amazon.com/images/M/MV5BY2IzYjM1NTMtMjFiYy00NWI1LWEyMTYtMmE4ZWYxMjQxOTdlXkEyXkFqcGc@._V1_SX300.jpg,"[{'Source': 'Internet Movie Database', 'Value': '6.3/10'}]",N/A,6.3,"1,675",tt3904078,series,,,,,1
True,,Seven Souls in the Skull Castle,Seven Souls in the Skull Castle,2013,N/A,12 Jan 2013,179 min,"Action, Drama, Romance",Hidenori Inoue,N/A,"Makoto Awane, Tetsuya Chiba, Ryô Katsuji","Time is 1590(Tensho 18 in the Japanese era). After the demise of warlord Nobunaga ODA, Japan was about to be unified by Hideyoshi TOYOTOMI. However, there was one man in Kanto region that was defiant to it. That man, who named him...","Japanese, English",Japan,N/A,https://m.media-amazon.com/images/M/MV5BMDJmZjI3YmMtZGU0MC00ZGQ5LWE3OTUtOGYyNDViNmU4NGZiXkEyXkFqcGdeQXVyMjAwMzU2MDY@._V1_SX300.jpg,"[{'Source': 'Internet Movie Database', 'Value': '7.4/10'}]",N/A,7.4,62,tt4576040,movie,N/A,N/A,N/A,N/A,
True,,Giraffada,Giraffada,2013,N/A,23 Apr 2014,85 min,Drama,Rani Massalha,"Xavier Nemo, Rani Massalha","Saleh Bakri, Laure de Clermont-Tonnerre, Ahmad Bayatra","A male giraffe dies after a nocturnal air raid in a Palestinian zoo. The female giraffe stops eating. A boy and his father, the veterinarian of the zoo, look for a solution.","English, Arabic, Hebrew","Occupied Palestinian Territory, Italy, Germany, France",2 wins & 1 nomination,https://m.media-amazon.com/images/M/MV5BM2ZiNGJlNTEtOWI4MC00MGUwLTlhMWUtNzhjMjUyYzNhMzg4XkEyXkFqcGc@._V1_SX300.jpg,"[{'Source': 'Internet Movie Database', 'Value': '6.3/10'}]",N/A,6.3,310,tt3132086,movie,N/A,N/A,N/A,N/A,
False,Movie not found!,Pagpag: Siyam na Buhay,,,,,,,,,,,,,,,,,,,,,,,,,
True,,Anaamika,Anaamika,2014,Not Rated,02 May 2014,145 min,Thriller,Sekhar Kammula,"Veerendranath Yandamoori, Sekhar Kammula, Sujoy Ghosh","Nayanthara, Vaibhav Reddy, Pasupathy","Anaamika, a Tamilian Brahmin desperately meandering through the busy streets of Hyderabad in search for her husband. Saarthi, a confident and supportive cop helps Anaamika reach her goals.","Tamil, Telugu",India,1 nomination,https://m.media-amazon.com/images/M/MV5BYzNkMzQ5MTctYThhNS00NjRkLWJhMGEtM2Y3NmQ1OTFlOWM4XkEyXkFqcGc@._V1_SX300.jpg,"[{'Source': 'Internet Movie Database', 'Value': '5.5/10'}]",N/A,5.5,332,tt2939898,movie,N/A,N/A,N/A,N/A,
True,,The Midas Touch,The Midas Touch,2020,N/A,17 Dec 2020,110 min,"Comedy, Horror",Tilman Borck,Tilman Borck,"Bejean Banner, Tilman Borck, Bernhard Bozian","Felix - too old to be a dreamer and too young to have lost every hope, is down and out. Ridiculed by his boss, ignored by beautiful women, without friends when the chance of a lifetime appears, but there is always a price...",English,USA,1 win total,https://m.media-amazon.com/images/M/MV5BY2M2NTNiZmMtOGEwMi00NmMwLTk4OTUtYjhmNjE4ZjdhNTNjXkEyXkFqcGc@._V1_SX300.jpg,"[{'Source': 'Internet Movie Database', 'Value': '4.2/10'}]",N/A,4.2,"2,644",tt4016294,movie,N/A,N/A,N/A,N/A,
True,,Chhota Bheem in the Incan Adventure,Chhota Bheem in the Incan Adventure,2013,N/A,07 Jul 2013,65 min,"Animation, Action, Adventure",Rajiv Chilaka,Rajiv Chilaka,"Jigna Bhardwaj, Rajesh Kava, Julie Tejwani",A huge bird swoops down and kidnaps Princess Indumati. The army's scoured the whole area and the neighboring kingdoms but there's no trace of Princess Indumati. The only thing Bheem finds was strange bird-feathers from the land of...,"English, Hindi, Telugu, Tamil",India,N/A,https://m.media-amazon.com/images/M/MV5BZThhYTNmMzEtYTJiNi00MWIwLTgxZjEtZDMwNmFiNjdjYzRhXkEyXkFqcGdeQXVyODAzNzAwOTU@._V1_SX300.jpg,"[{'Source': 'Internet Movie Database', 'Value': '6.5/10'}]",N/A,6.5,84,tt4171600,movie,N/A,N/A,N/A,N/A,
True,,Mars at Sunrise,Mars at Sunrise,2014,Not Rated,07 Feb 2014,75 min,Drama,Jessica Habie,Jessica Habie,"Ali Suliman, Guy Elhanan, Haale Gafori",Mars At Sunrise is the story of a war waged on imagination.,"Arabic, English, Hebrew, Persian, Russian, Yiddish","Canada, Occupied Palestinian Territory, United States",2 wins,https://m.media-amazon.com/images/M/MV5BMTA0OTI2MDQxMjJeQTJeQWpwZ15BbWU4MDg5NDk4OTAx._V1_SX300.jpg,"[{'Source': 'Internet Movie Database', 'Value': '7.3/10'}, {'Source': 'Rotten Tomatoes', 'Value': '40%'}, {'Source': 'Metacritic', 'Value': '49/100'}]",49,7.3,51,tt2714424,movie,N/A,N/A,N/A,N/A,
True,,It Takes a Man and a Woman,It Takes a Man and a Woman,2013,TV-PG,23 Apr 2013,120 min,"Comedy, Drama, Romance",Cathy Garcia-Sampana,"Carmi Raymundo, Raz de la Torre","John Lloyd Cruz, Sarah Geronimo, Isabelle Daza",The film follows the life of Miggy (John Lloyd Cruz) and Laida (Sarah Geronimo) after their break-up which occurred after the events of the second film. Miggy is now in a relationship with Belle (Isabelle Daza) while Laida is now ...,"Filipino, Tagalog",Philippines,4 wins & 10 nominations,https://m.media-amazon.com/images/M/MV5BNWJjMWY3YmYtNTU2Ny00MzEwLWFiZmEtMmI2OTA3OTNiZDMzXkEyXkFqcGc@._V1_SX300.jpg,"[{'Source': 'Internet Movie Database', 'Value': '6.8/10'}]",N/A,6.8,409,tt2816740,movie,N/A,N/A,N/A,N/A,
True,,Gori Tere Pyaar Mein,Gori Tere Pyaar Mein!,2013,Not Rated,22 Nov 2013,150 min,"Comedy, Drama, Romance",Punit Malhotra,"Punit Malhotra, Arshad Syed","Imran Khan, Kareena Kapoor, Sujata Kumar",Self-centered Sriram Venkat changes his outlook and actions when his girlfriend leaves him.,Hindi,India,1 nomination total,https://m.media-amazon.com/images/M/MV5BMjA0OTY0MDMxNF5BMl5BanBnXkFtZTgwMDg4ODQ2MDE@._V1_SX300.jpg,"[{'Source': 'Internet Movie Database', 'Value': '4.9/10'}, {'Source': 'Rotten Tomatoes', 'Value': '40%'}]",N/A,4.9,"4,228",tt2275794,movie,N/A,"$342,184",N/A,N/A,
True,,What the Fish,What the Fish,2013,Not Rated,13 Dec 2013,98 min,"Adventure, Comedy, Drama",Gurmmeet Singh,"Rajesh Chawla, Deepti Datt, Shashanka Ghosh","Manu Rishi Chadha, Naresh Gosain, Dimple Kapadia","A woman Sudha, before leaving for a month-long holiday, instructs Sumit to regularly feed her pet fish. But when she returns home, she is shocked to see her house in an utter mess. What could have happened?",Hindi,India,N/A,https://m.media-amazon.com/images/M/MV5BOTllZGQwOGQtYzc4ZS00MjE4LWJkMjEtOTBiN2Q5ZjZkNDVlXkEyXkFqcGc@._V1_SX300.jpg,"[{'Source': 'Internet Movie Database', 'Value': '5.0/10'}]",N/A,5.0,241,tt3357416,movie,N/A,N/A,N/A,N/A,
True,,World at Your Feet,World at Your Feet,2014–,N/A,14 May 2014,45 min,Drama,N/A,N/A,"Chantalle Ng, Yu Ha, Jeanette Aw","A group of struggling individuals are united by a love of soccer; at the center is Renxin, a reclusive widower and former coach who needs new hope.",Chinese,Singapore,N/A,https://m.media-amazon.com/images/M/MV5BMmMxNjYwOWYtZjY5ZS00ZDg1LWFmNjEtYjAwYmUxNWU2MzNjXkEyXkFqcGdeQXVyMjg0MTI5NzQ@._V1_SX300.jpg,[],N/A,N/A,7,tt4544590,series,,,,,1
True,,A Place in the Stars,A Place in the Stars,2014,N/A,14 Nov 2014,112 min,"Drama, Thriller",Steve Gukas,"J.K. Amalou, Steve Gukas, Pius Gyang","Ibrahim Abubakar, Isiaka Adamu, Jubril Ahmed",A young lawyer gets a case he believes will make him rich. In the process he encounters dangerous men willing to kill to protect a fake and adulterated medical drugs trade worth billions in Nigeria. The outcome helps him come to t...,English,Nigeria,2 nominations,https://m.media-amazon.com/images/M/MV5BOWFlZjc5MzQtOTdiOC00NzkwLWJjNmItZTE3OGI4NmI2ZTc3XkEyXkFqcGdeQXVyNDU2MzgyNzY@._V1_SX300.jpg,"[{'Source': 'Internet Movie Database', 'Value': '6.6/10'}]",N/A,6.6,25,tt3522136,movie,N/A,N/A,N/A,N/A,
True,,Heritages,Heritages,2013,N/A,27 Mar 2014,96 min,"Biography, Drama",Philippe Aractingi,"Diane Aractingi, Philippe Aractingi","Luc Arachtingi, Diane Aractingi, Philippe Aractingi","When director Philippe Aractingi is forced to leave his motherland for the third time, the realisation dawns on him: his ancestors have been fleeing wars for five generations. Exploring his roots, Aractingi goes back to the fall o...","Arabic, French","Lebanon, United Arab Emirates, France, Switzerland, Germany",3 wins & 3 nominations total,https://m.media-amazon.com/images/M/MV5BMTQxMDkwOTYwOF5BMl5BanBnXkFtZTgwOTA3MzE1MTE@._V1_SX300.jpg,"[{'Source': 'Internet Movie Database', 'Value': '7.5/10'}]",N/A,7.5,165,tt3461524,movie,N/A,N/A,N/A,N/A,
True,,Trailer Park Boys: Live at the North Pole,Trailer Park Boys: Live at the North Pole,2014,N/A,15 Nov 2014,88 min,Comedy,"Mike Smith, John Paul Tremblay, Robb Wells","Iain Macleod, Mike Smith, John Paul Tremblay","John Paul Tremblay, Robb Wells, Mike Smith",The Trailer Park Boys trick Ricky into going to Minneapolis by telling him it's in the North Pole. Once in Minneapolis the present a live Christmas themed show.,English,Canada,N/A,https://m.media-amazon.com/images/M/MV5BMTczNzEwNTk5MF5BMl5BanBnXkFtZTgwMzY3NTU1NzE@._V1_SX300.jpg,"[{'Source': 'Internet Movie Database', 'Value': '6.7/10'}]",N/A,6.7,"1,268",tt3596200,movie,N/A,N/A,N/A,N/A,
True,,One by Two,One by Two,2022,N/A,22 Apr 2022,122 min,"Drama, Romance, Thriller",Shiva Eturi,Shiva Eturi,"AnandPandi, Sri Pallavi, Sai Kumar","The movie, which is set against the backdrop of Hyderabad slum, narrates the story of several characters that live in and around a housing colony. There's Sayanna (Sai Kumar), an aged don who's powerful enough to control the local...",Telugu,N/A,N/A,https://m.media-amazon.com/images/M/MV5BOTY3YTE5MWQtM2NiZC00MzQxLTliMTctNzdlNGViYzVlODc4XkEyXkFqcGdeQXVyMTEwOTUyOTg5._V1_SX300.jpg,[],N/A,N/A,"1,081",tt15151020,movie,N/A,N/A,N/A,N/A,
True,,Romantik Komedi 2: Bekarlığa Veda,Romantik Komedi 2: Bekarliga Veda,2013,N/A,14 Feb 2013,105 min,"Comedy, Romance",Erol Özlevi,"Ceren Aslan, Asli Zengin","Sinem Kobal, Engin Altan Düzyatan, Sedef Avci","Didem pursues boyfriend Cem for marriage using advice from a book. Her friends Esra and Zeynep are engaged/married. The tactics fail, highlighting Didem's struggles to get Cem to propose despite her efforts following the book's gu...",Turkish,Turkey,N/A,https://m.media-amazon.com/images/M/MV5BMjA3NjYxOTkzN15BMl5BanBnXkFtZTcwNTU0OTExOQ@@._V1_SX300.jpg,"[{'Source': 'Internet Movie Database', 'Value': '5.2/10'}]",N/A,5.2,"3,648",tt2645104,movie,N/A,N/A,N/A,N/A,
True,,Two Fathers,Two Fathers,2013,N/A,26 Mar 2013,50 min,Drama,N/A,N/A,"Lucia Hsieh, Weber Yang, Megan Lai","Tang Hsiang-Hsi (Weber Yang), a successful attorney, and Wen Chen-Hua (Yo-Wei Lin), a quiet florist, both dated the same woman in their past.",Mandarin,Taiwan,1 nomination total,https://m.media-amazon.com/images/M/MV5BNTE3MDY5MGQtZmJhMS00MmJjLWEwODQtZWZmZTY0ZmVjMDFiXkEyXkFqcGc@._V1_SX300.jpg,"[{'Source': 'Internet Movie Database', 'Value': '7.7/10'}]",N/A,7.7,95,tt6707142,series,,,,,1
True,,Chhota Bheem the Crown of Valhalla,Chhota Bheem the Crown of Valhalla,2013,N/A,N/A,64 min,Animation,Rajiv Chilaka,N/A,"Jigna Bhardwaj, Rupa Bhimani, Vatsal Dubey",Bheem and his friends are returning from the kingdom of Raunakpur when lightning strikes and they are caught in a sea-storm. Their ship 'Dholakpur Queen' is tossed and turned on the waves and captain Samudra Sen tries his best to ...,N/A,N/A,N/A,https://m.media-amazon.com/images/M/MV5BMjJlMzYzNzktOTFlYy00NjU0LWI1NTYtZTZlZTdlMzUyZTYxXkEyXkFqcGdeQXVyODAzNzAwOTU@._V1_SX300.jpg,"[{'Source': 'Internet Movie Database', 'Value': '7.5/10'}]",N/A,7.5,28,tt6442766,movie,N/A,N/A,N/A,N/A,
False,Movie not found!,The Land of Cards,,,,,,,,,,,,,,,,,,,,,,,,,
True,,Gollu Aur Pappu,Gollu Aur Pappu,2014,Not Rated,21 Nov 2014,112 min,Comedy,Kabir Sadanand,"Rajveer Ahuja, Kabir Sadanand, Farhad Samji","Dimple Kapadia, Deepak Tijori, Kunaal Roy Kapur",Two butt-head brothers are muddled in the midst of executing a bomb threat. What's worse than a national bomb scare? When the bomb is in the hands of two idiots.,Hindi,India,N/A,https://m.media-amazon.com/images/M/MV5BYTQ0NjU1YWQtYzQ0Yi00ZmRhLTk4MTgtM2M4OWZjMzYxM2E0XkEyXkFqcGdeQXVyODE5NzE3OTE@._V1_SX300.jpg,"[{'Source': 'Internet Movie Database', 'Value': '3.8/10'}]",N/A,3.8,127,tt4219300,movie,N/A,N/A,N/A,N/A,
True,,Bobby Jasoos,Bobby Jasoos,2014,Not Rated,04 Jul 2014,121 min,"Comedy, Drama, Thriller",Samar Iqbal,"Samar Iqbal, Sanyuktha Chawla Shaikh","Vidya Balan, Ali Fazal, Mahima A","Bobby Jasoos starring Vidya Balan, is a film that celebrates the aspiration of Bobby, who wants to become the number one detective in the old city area of Hyderabad. The film is directed by Samar Shaikh, produced by Dia Mirza and ...","Urdu, Hindi",India,3 nominations,https://m.media-amazon.com/images/M/MV5BNzhiYjFlNzgtNmZjZi00Nzc4LWIzNjUtOTU4NzJlYjk4ZWM3XkEyXkFqcGc@._V1_SX300.jpg,"[{'Source': 'Internet Movie Database', 'Value': '5.5/10'}]",N/A,5.5,"2,456",tt3359290,movie,N/A,N/A,N/A,N/A,
True,,Refugiado,Refugiado,2014,Not Rated,30 Oct 2014,90 min,"Drama, Thriller",Diego Lerman,"Diego Lerman, María Meira, Gustavo Cabaña","Julieta Díaz, Sebastián Molinaro, Marta Lubos","Matias and his mother Laura, find themselves forced to hurriedly abandon the house they live in to escape another outburst of violence from Fabian. Matias is 8 and Laura is newly pregnant. Thus they begin a wandering journey in se...",Spanish,"Argentina, Colombia, France, Poland, Germany",12 wins & 9 nominations,https://m.media-amazon.com/images/M/MV5BZDM4ODdiMWYtODliZi00NDY4LTg2NDYtNDQ3Mzg4NjJiYTFlXkEyXkFqcGdeQXVyNTc2Nzk1NTk@._V1_SX300.jpg,"[{'Source': 'Internet Movie Database', 'Value': '6.3/10'}]",N/A,6.3,439,tt3717390,movie,N/A,N/A,N/A,N/A,
True,,Chhota Bheem Aur Hanuman,Chhota Bheem aur Hanuman,2012,N/A,N/A,67 min,"Animation, Action, Adventure",Rajiv Chilaka,N/A,"Jigna Bhardwaj, Rupa Bhimani, Vatsal Dubey","Makhichoos, who hates Diwali, and the evil witch release a demon with the intention of teaching Bheem a lesson and building a kingdom. After they kidnap Indumati, Hanuman joins Bheem to help save her.",N/A,N/A,N/A,https://m.media-amazon.com/images/M/MV5BNzMwN2ZhNDMtYWU4NS00MzM2LThkYmQtZmU0NWFhNDcwYzFiXkEyXkFqcGdeQXVyNjE1OTQ0NjA@._V1_SX300.jpg,"[{'Source': 'Internet Movie Database', 'Value': '6.2/10'}]",N/A,6.2,80,tt6417854,movie,N/A,N/A,N/A,N/A,
True,,That Thing Called Tadhana,That Thing Called Tadhana,2014,TV-PG,04 Feb 2015,110 min,"Comedy, Drama, Romance",Antoinette Jadaone,Antoinette Jadaone,"Angelica Panganiban, JM De Guzman, Joem Bascon","A story about a broken-hearted girl who meets a boy in a not so normal way. Together, they go to places and find out ""where do broken hearts go?"".","Filipino, Tagalog",Philippines,4 wins & 18 nominations,https://m.media-amazon.com/images/M/MV5BZDdkMWUxZTktYTQ4ZC00ZGRmLWFlNzUtNGYyM2JmMDNhNzAzXkEyXkFqcGc@._V1_SX300.jpg,"[{'Source': 'Internet Movie Database', 'Value': '7.3/10'}]",N/A,7.3,"1,173",tt4170436,movie,N/A,N/A,N/A,N/A,
True,,Xenos,Xenos,2014,N/A,15 Mar 2014,13 min,"Documentary, Short, Crime",Mahdi Fleifel,Mahdi Fleifel,N/A,"In 2010, Abu Eyad and other young Palestinian men from the Ain el-Helweh refugee camp in Lebanon traveled with smugglers through Syria and Turkey into Greece. Like so many other migrants, they came looking for a way into Europe bu...",Arabic,"United Kingdom, Greece, Denmark",6 wins & 22 nominations,https://m.media-amazon.com/images/M/MV5BMTA3NzczNzI0NjleQTJeQWpwZ15BbWU4MDk1NzI0NTcx._V1_SX300.jpg,"[{'Source': 'Internet Movie Database', 'Value': '7.8/10'}]",N/A,7.8,117,tt3289618,movie,N/A,N/A,N/A,N/A,
True,,Must Be... Love,Must Be... Love,2013,N/A,13 Mar 2013,100 min,"Comedy, Romance",Dado C. Lumibao,"Melissa Mae Chua, Roumella Monge, Vanessa R. Valdez","Kathryn Bernardo, Daniel Padilla, Liza Soberano","Patricia falls in love with her childhood best friend Ivan, but he is in love with his cousin Angel. Will they ever be together?","Filipino, Tagalog",Philippines,1 nomination,https://m.media-amazon.com/images/M/MV5BN2FhMTg0MzYtN2ViMC00MjcxLTljZWMtOGUxNzQ2NmNmM2U4XkEyXkFqcGc@._V1_SX300.jpg,"[{'Source': 'Internet Movie Database', 'Value': '6.5/10'}]",N/A,6.5,639,tt2769454,movie,N/A,N/A,N/A,N/A,
True,,Motu Patlu in Wonderland,Motu Patlu in Wonderland,2013,N/A,07 Jul 2013,N/A,Animation,Suhas Kadav,Niraj Vikram,N/A,"Motu and Patlu take a ride in their scientist friend's newly-built plane and crash-land on a strange island, where they find action and adventure.",Hindi,India,N/A,https://m.media-amazon.com/images/M/MV5BY2VjZjgzNmYtNWNiNS00Y2ZlLTgyZWQtZTFmM2U0MGU4YmRmXkEyXkFqcGdeQXVyNjkyODEzOTM@._V1_SX300.jpg,[],N/A,N/A,N/A,tt20602440,movie,N/A,N/A,N/A,N/A,
True,,She's Dating the Gangster,She's Dating the Gangster,2014,TV-PG,25 Jul 2014,105 min,"Comedy, Drama, Romance",Cathy Garcia-Sampana,"Carmi Raymundo, Charlene Grace Bernardo, Bianca B. Bernardino","Daniel Padilla, Kathryn Bernardo, Richard Gomez","Athena Dizon plays a trick on campus heartthrob and bad boy, gangster, Kenji de los Reyes. Setting up an arrangement to pretend as lovers-to make his ex jealous-they found themselves falling to each other yet falling apart.","Tagalog, Filipino",Philippines,1 win & 12 nominations total,https://m.media-amazon.com/images/M/MV5BNzg0NmMzZGUtNzEwOC00OWNkLTg5YTQtYjRiMTM3MmVmNGFlXkEyXkFqcGc@._V1_SX300.jpg,"[{'Source': 'Internet Movie Database', 'Value': '7.0/10'}]",N/A,7.0,"1,341",tt3772640,movie,N/A,N/A,N/A,N/A,
True,,Swearnet Live,Swearnet Live,2014,TV-MA,01 Oct 2014,75 min,Comedy,"Mike Smith, John Paul Tremblay, Robb Wells","Mike Smith, John Paul Tremblay, Robb Wells","John Paul Tremblay, Robb Wells, Mike Smith","The actors who play the ""trailer park boys"", host a live show to launch their new online video website.",English,Canada,N/A,https://m.media-amazon.com/images/M/MV5BYzM2NmRkOTQtYzc0YS00YWQ4LTg3YWEtYTBmNzJjNThiNGQzL2ltYWdlL2ltYWdlXkEyXkFqcGdeQXVyNjk4NzY5OTY@._V1_SX300.jpg,"[{'Source': 'Internet Movie Database', 'Value': '4.6/10'}]",N/A,4.6,590,tt3599642,movie,N/A,N/A,N/A,N/A,
True,,Himmatwala,Himmatwala,2013,Not Rated,29 Mar 2013,150 min,"Action, Comedy, Drama",Sajid Khan,"K. Raghavendra Rao, Sajid Khan, Farhad Samji","Ajay Devgn, Tamannaah Bhatia, Mahesh Manjrekar","When a temple priest commits suicide after being dishonored by an evil landlord, his son returns to his native village on a mission of vengeance.",Hindi,India,6 wins & 1 nomination,https://m.media-amazon.com/images/M/MV5BMTM4MTYwNDA0NF5BMl5BanBnXkFtZTcwNjE0MjQyOQ@@._V1_SX300.jpg,"[{'Source': 'Internet Movie Database', 'Value': '1.7/10'}]",N/A,1.7,"9,313",tt2344678,movie,N/A,"$270,880",N/A,N/A,
True,,Chhota Bheem & Krishna vs Zimbara,Chhota Bheem Krishna vs Zimbara,2013,N/A,N/A,64 min,"Animation, Action, Adventure",Rajiv Chilaka,N/A,"Jigna Bhardwaj, Rupa Bhimani, Vatsal Dubey","The demon Kirmada is trapped in Atraksh - the world of darkness, due to Bheem and Krishna. KirmadaâEUR(TM)s brother, Zimbara, is determined to free him and establish his rule.",N/A,N/A,N/A,https://m.media-amazon.com/images/M/MV5BMDQ5Y2NkMDEtOTcxYi00YjEzLTkwY2ItMTM2YWY3YmQ5MWM2XkEyXkFqcGc@._V1_SX300.jpg,"[{'Source': 'Internet Movie Database', 'Value': '6.3/10'}]",N/A,6.3,147,tt6417984,movie,N/A,N/A,N/A,N/A,
True,,Theeya Velai Seiyyanum Kumaru,Theeya Velai Seiyyanum Kumaru,2013,N/A,14 Jun 2013,130 min,Comedy,Sundar C.,"Sundar C., Prabhu Das, Karunakaran","Siddharth, Hansika Motwani, Brahmanandam",A shy introvert tries to impress a girl with the help of a love guru.,"Tamil, Telugu",India,3 nominations,https://m.media-amazon.com/images/M/MV5BODkxYWUwNzEtYWUyNi00NGY1LWJjNmEtMTg2MTQyZTM4ZTY5XkEyXkFqcGdeQXVyMTEzNzg0Mjkx._V1_SX300.jpg,"[{'Source': 'Internet Movie Database', 'Value': '6.2/10'}]",N/A,6.2,"1,661",tt2889234,movie,N/A,N/A,N/A,N/A,
True,,A Fairly Odd Summer,A Fairly Odd Summer,2014,TV-G,02 Aug 2014,68 min,"Comedy, Family, Fantasy",Savage Steve Holland,"Butch Hartman, Savage Steve Holland, Ray DeLaurentis","Drake Bell, Daniella Monet, Tara Strong","In the third live action movie based on The Fairly Oddparents series, Timmy Turner and his friends head to Hawaii!",English,"United States, Canada",N/A,https://m.media-amazon.com/images/M/MV5BNTYzODkwNTE4NF5BMl5BanBnXkFtZTgwNTk1NDc4MjE@._V1_SX300.jpg,"[{'Source': 'Internet Movie Database', 'Value': '3.7/10'}]",N/A,3.7,714,tt3149536,movie,N/A,N/A,N/A,N/A,
True,,Deliha,Deliha,2014,N/A,14 Nov 2014,107 min,"Comedy, Family, Romance",Hakan Algül,Gupse Ozay,"Gupse Ozay, Derya Alabora, Esin Eden","Crazy Zeliha's story begins when she goes to a fortune-teller one day with her friends. The very same day, Cemal and his gorgeous-looking brother, Cemil, open a photography studio in the neighborhood and things become to get even ...",Turkish,Turkey,1 win,https://m.media-amazon.com/images/M/MV5BMjI5MzQ1OTUxOV5BMl5BanBnXkFtZTgwMzAzNDEwMzE@._V1_SX300.jpg,"[{'Source': 'Internet Movie Database', 'Value': '4.6/10'}]",N/A,4.6,"4,896",tt4003066,movie,N/A,N/A,N/A,N/A,
True,,Chhota Bheem Neeli Pahaadi,Chhota Bheem Neeli Pahaadi,2013,N/A,22 Jul 2021,63 min,Animation,Rajiv Chilaka,N/A,"Jigna Bhardwaj, Rupa Bhimani, Vatsal Dubey","The kids are excited, as they have all planned a trip to the Neeli Pahadi right on the borders of Dholakpur. The Neeli Pahadi has always been an uneasy reality of Dholakpur with rumours of ghostly inhabitants and a mysterious past...",N/A,N/A,N/A,N/A,[],N/A,N/A,20,tt6442694,movie,N/A,N/A,N/A,N/A,
True,,Four Sisters and a Wedding,Four Sisters and a Wedding,2013,Not Rated,26 Jun 2013,125 min,"Comedy, Drama",Cathy Garcia-Sampana,"Vanessa R. Valdez, Jose Javier Reyes","Brenna Garcia, Bea Alonzo, Bea Basa","Four sisters try to stop their younger brother's wedding; in the process, all discover resentments among one another.","Filipino, Tagalog",Philippines,27 nominations,https://m.media-amazon.com/images/M/MV5BMDdmMjhiMzItNWUwMi00ZDJkLTk0MWMtYTBjZjE2MzkyMTc2XkEyXkFqcGc@._V1_SX300.jpg,"[{'Source': 'Internet Movie Database', 'Value': '7.2/10'}]",N/A,7.2,"1,047",tt3008034,movie,N/A,N/A,N/A,N/A,
True,,D.L. Hughley: Clear,D.L. Hughley: Clear,2014,Unrated,01 Apr 2014,60 min,Comedy,Jay Chapman,N/A,D.L. Hughley,"D.L. Hughley takes the stage at the Regency Ballroom in San Francisco for his new stand up special. In this uproarious performance, Hughley riffs on everything from the value of having nosy white neighbors to Colorado legalizing m...",English,United States,N/A,https://m.media-amazon.com/images/M/MV5BMjE3NDI2NDYyMV5BMl5BanBnXkFtZTgwODc4ODE0NDE@._V1_SX300.jpg,"[{'Source': 'Internet Movie Database', 'Value': '6.8/10'}]",N/A,6.8,278,tt3589494,movie,N/A,N/A,N/A,N/A,
True,,Cold Harbour,Cold Harbour,2013,N/A,25 Jul 2014,73 min,"Action, Crime, Thriller",Carey McKenzie,Carey McKenzie,"Tony Kgoroge, Fana Mokoena, Nan Yu","While investigating a smugglers' turf war in Cape Town, township cop Sizwe discovers police corruption. He must set loyalty aside to act with integrity, alone.","Xhosa, English, Afrikaans",South Africa,4 nominations,https://m.media-amazon.com/images/M/MV5BNDcxNzE5NzkzNF5BMl5BanBnXkFtZTgwMTI1MzkwMjE@._V1_SX300.jpg,"[{'Source': 'Internet Movie Database', 'Value': '5.1/10'}]",N/A,5.1,233,tt2396369,movie,N/A,N/A,N/A,N/A,
True,,Confusion Na Wa,Confusion Na Wa,2013,Not Rated,08 Jun 2021,105 min,"Comedy, Crime, Drama",Kenneth Gyang,"Kenneth Gyang, Tom Rowlands-Rees","Toyin Alabi, Tunde Aladese, Tina Attah",Set in a Nigerian city Confusion Na Wa is a dark comedy about a group of strangers whose fates become intertwined over the course of 24 hours. At the heart of everything is a phone found by two opportunist wasters Charles and Chic...,English,Nigeria,2 wins & 2 nominations,https://m.media-amazon.com/images/M/MV5BMTQ3MDE3NDkyOV5BMl5BanBnXkFtZTgwMzIyODk4NjE@._V1_SX300.jpg,"[{'Source': 'Internet Movie Database', 'Value': '7.2/10'}]",N/A,7.2,45,tt3012648,movie,N/A,N/A,N/A,N/A,
True,,Flower Girl,Flower Girl,2009,TV-PG,14 Nov 2009,90 min,Romance,Bradford May,"Mark Rappaport, Richard Schenkman, Marjorie Sweeney","Marla Sokoloff, Marion Ross, Kieren Hutchison",Two men catch the attention of a florist (Marla Sokoloff) who wants to find love.,English,United States,N/A,https://m.media-amazon.com/images/M/MV5BOGQ2MzQxMGYtOWE2MC00OGUyLWFlZjktMzZmYzNlMjk5MGU0XkEyXkFqcGc@._V1_SX300.jpg,"[{'Source': 'Internet Movie Database', 'Value': '5.9/10'}]",N/A,5.9,"1,050",tt1316414,movie,N/A,N/A,N/A,N/A,
True,,Blind Intersections,Blind Intersections,2012,N/A,21 Feb 2013,90 min,Drama,Lara Saba,Nebal Araqji,"Alae Hamoud, Ghida Nouri, Carole Hajj","Three protagonists, one city... Coming from different backgrounds, they pass each other but they never meet, though, the effect of one incident will drastically alter the lives of the three of them! Three characters, caught at a m...",Arabic,"Lebanon, United Arab Emirates",1 win & 1 nomination total,https://m.media-amazon.com/images/M/MV5BOGU0MDUwMDItM2FjYS00YTEzLWIyYTUtNGYzYzJiMmVkYzY5XkEyXkFqcGc@._V1_SX300.jpg,"[{'Source': 'Internet Movie Database', 'Value': '6.5/10'}]",N/A,6.5,209,tt1918638,movie,N/A,N/A,N/A,N/A,
True,,Doctor Bello,Doctor Bello,2013,N/A,22 Feb 2013,95 min,"Action, Drama",Tony Abulu,Tony Abulu,"Hakeem Abdulrahman, Tony Abulu, Tina Amuziam","Brilliant Cancer specialist Dr. Michael Durant is emotionally troubled, wrestling with the traumatic loss of his 10 year old daughter from Cancer. Immersing himself in his work in the hospital, away from his wife who blames him fo...",English,United States,N/A,N/A,"[{'Source': 'Internet Movie Database', 'Value': '4.8/10'}]",N/A,4.8,59,tt2723358,movie,N/A,N/A,N/A,N/A,
True,,Chhota Bheem Dus pe Dus,Chhota Bheem: Dus Pe Dus,2014,G,N/A,62 min,Animation,Rajiv Chilaka,N/A,"Jigna Bhardwaj, Rupa Bhimani, Rajesh Kava","After a precious temple stone is stolen under his watch, Bheem trains in a special martial art to prepare for a showdown with the thief.",N/A,N/A,N/A,https://m.media-amazon.com/images/M/MV5BOGMwMGEzYjQtOTkyOS00YWU5LTg2NzUtYmU1N2QzZTZjNzk1L2ltYWdlXkEyXkFqcGdeQXVyNTM3MDMyMDQ@._V1_SX300.jpg,"[{'Source': 'Internet Movie Database', 'Value': '6.0/10'}]",N/A,6.0,32,tt6417940,movie,N/A,N/A,N/A,N/A,
True,,Sigaram Thodu,Sigaram Thodu,2014,N/A,12 Sep 2014,147 min,"Action, Thriller",Gaurav Narayanan,Gaurav Narayanan,"Vikram Prabhu, Sathyaraj, Monal Gajjar",Chellapa wants his son Murali to become a police officer like him but Murali's dream is a 'safe' bank job. However a series of events changes the course of Murali's life.,Tamil,India,N/A,https://m.media-amazon.com/images/M/MV5BYWYwYWEyMWUtNjA1Zi00ZTAzLWI3NzAtNmE1YTgwYThlZTQxXkEyXkFqcGdeQXVyMTEzNzg0Mjkx._V1_SX300.jpg,"[{'Source': 'Internet Movie Database', 'Value': '6.2/10'}]",N/A,6.2,486,tt3949626,movie,N/A,N/A,N/A,N/A,
True,,Starting Over Again,Starting Over Again,2014,N/A,03 Mar 2014,130 min,"Comedy, Drama, Romance",Olivia M. Lamasan,"Carmi Raymundo, Anjeli Pessumal, Olivia M. Lamasan","Piolo Pascual, Toni Gonzaga, Iza Calzado",A pair of exes run into each other again years after a breakup that left them with plenty of questions.,"Filipino, Tagalog",Philippines,2 wins & 23 nominations,https://m.media-amazon.com/images/M/MV5BODY0NWJhY2YtZDc1OC00OGI5LTgxNWEtM2MzMjI2ZGM5Yzg2XkEyXkFqcGc@._V1_SX300.jpg,"[{'Source': 'Internet Movie Database', 'Value': '6.9/10'}]",N/A,6.9,627,tt3528284,movie,N/A,N/A,N/A,N/A,
True,,Naan Sigappu Manithan,Naan Sigappu Manithan,2014,Not Rated,11 Apr 2014,149 min,"Action, Crime, Drama",Thiru,Thiru,"Vishal, Lakshmi Menon, Iniya",A narcoleptic becomes a vigilante when tragedy strikes.,Tamil,India,1 nomination total,https://m.media-amazon.com/images/M/MV5BYTFiNmI0MzEtOGIzZi00MzcxLWI1OTEtYjViMDM0MGE0ZWFjXkEyXkFqcGc@._V1_SX300.jpg,"[{'Source': 'Internet Movie Database', 'Value': '6.5/10'}]",N/A,6.5,"1,227",tt3569788,movie,N/A,N/A,N/A,N/A,
True,,Motu Patlu: Deep Sea Adventure,Motu Patlu Deep Sea Adventure,2014,N/A,19 May 2014,N/A,"Animation, Adventure, Comedy",Suhas Kadav,Niraj Vikram,N/A,"Motu and Patlu travel from Furfuri Nagar to explore the deep blue seas. However, they end up getting shipwrecked and captured by the vile king shark.",English,India,N/A,https://m.media-amazon.com/images/M/MV5BZGFhNTNkMjktNWMyMy00MzA5LTk3ZjMtMWMzNjdiYmFmZjYxXkEyXkFqcGc@._V1_SX300.jpg,[],N/A,N/A,15,tt20765704,movie,N/A,N/A,N/A,N/A,
True,,The War Against Women,The War Against Women,2013,N/A,N/A,62 min,"Documentary, War",Hernán Zin,"Andrew Ford, Ana Pincus, Hernán Zin",N/A,"A documentary examining the global phenomenon of rape as a ""weapon of war"" in various conflict zones, including Bosnia and the Democratic Republic of Congo.","English, Swahili, French, Spanish, Bosnian","United States, Spain",1 win,https://m.media-amazon.com/images/M/MV5BMTUzMjI3ODU0OF5BMl5BanBnXkFtZTgwMDY0NDMzMjE@._V1_SX300.jpg,"[{'Source': 'Internet Movie Database', 'Value': '7.5/10'}]",N/A,7.5,106,tt2048918,movie,N/A,N/A,N/A,N/A,
True,,The Royal Bengal Tiger,The Royal Bengal Tiger,2014,N/A,31 Jan 2014,110 min,Thriller,Rajesh Ganguly,"Rajesh Ganguly, Chuck Palahniuk, Neeraj Pandey","Jeet, Abir Chatterjee, Priyanka Sarkar","A soft spoken, timid person changes drastically after he comes across his old friend .","Bengali, Hindi, Tamil",India,N/A,https://m.media-amazon.com/images/M/MV5BMTU4M2JkOGUtMmU4NS00ZjFkLTk3NzAtMGEyNzA5YTE1N2YxXkEyXkFqcGc@._V1_SX300.jpg,"[{'Source': 'Internet Movie Database', 'Value': '6.8/10'}]",N/A,6.8,"1,079",tt3479858,movie,N/A,N/A,N/A,N/A,
False,Movie not found!,幸福料理,,,,,,,,,,,,,,,,,,,,,,,,,
True,,Settai,Settai,2013,Not Rated,05 Apr 2013,136 min,"Action, Comedy, Crime",R. Kannan,John Mahendran,"Arya, Hansika Motwani, Anjali",Three struggling room-mates unknowingly become potential prey of a ruthless gangster.,"Tamil, Telugu",India,N/A,https://m.media-amazon.com/images/M/MV5BOWJlYzUwMmQtZGM5Yi00YjRlLTkwZmMtMWZiMzVkYWMwODgzXkEyXkFqcGdeQXVyMTEzNzg0Mjkx._V1_SX300.jpg,"[{'Source': 'Internet Movie Database', 'Value': '4.6/10'}]",N/A,4.6,575,tt2677816,movie,N/A,"$87,838",N/A,N/A,
True,,Condom Lead,Condom Lead,2013,N/A,13 Oct 2021,15 min,"Short, Drama, War","Arab Nasser, Tarzan Nasser","Arab Nasser, Tarzan Nasser, Khalil al Mozian","Rashid Abdelhamid, Maria Mohammedi, Eloise van van Vollenstein","A dream of the hope for intimacy and love in a brutal, divisive world.",N/A,Occupied Palestinian Territory,3 nominations,https://m.media-amazon.com/images/M/MV5BNDc3YzgyYzktOWI4My00OWYzLTk1ZTctZDdjM2Q0NWIzMDUzXkEyXkFqcGdeQXVyOTAxMTE0OA@@._V1_SX300.jpg,"[{'Source': 'Internet Movie Database', 'Value': '7.5/10'}]",N/A,7.5,136,tt2787476,movie,N/A,N/A,N/A,N/A,
True,,Grandmother's Farm,Grandmother's Farm,2013,N/A,10 Dec 2013,71 min,"Comedy, Horror, Mystery",Ahmed Zain,Ibrahim Bin Mohamed,"Khalid Al Nuaimi, Yaser Al-Neyadi, Abdullah Alramsi",A guys' getaway to one of their grandmother's farm in the desert goes from fun to frightening when a mystery guest crashes the party.,Arabic,United Arab Emirates,N/A,https://m.media-amazon.com/images/M/MV5BNTY1NjkxYTUtMmM4OS00NTJhLTg1NTUtYTAwNDVkMGE0NGRiXkEyXkFqcGdeQXVyMTMxODk2OTU@._V1_SX300.jpg,"[{'Source': 'Internet Movie Database', 'Value': '2.8/10'}]",N/A,2.8,106,tt10033686,movie,N/A,N/A,N/A,N/A,
True,,Mystic Whispers,Mystic Whispers,2014,N/A,N/A,26 min,"Comedy, Mystery, Romance",N/A,N/A,Romeo Tan,"After a car accident enables a young woman to hear mysterious sounds, she meets a mortician. Together, they listen to ghosts and try to help them.",Chinese,Singapore,N/A,https://m.media-amazon.com/images/M/MV5BMTM2MDg1NTQtMmFiMi00YjNkLWI3YmMtZTk1MjgyMWY1ZjExXkEyXkFqcGdeQXVyNDQwMDYzOTU@._V1_SX300.jpg,"[{'Source': 'Internet Movie Database', 'Value': '7.3/10'}]",N/A,7.3,23,tt8834748,series,,,,,1
False,Movie not found!,Na Bangaaru Talli,,,,,,,,,,,,,,,,,,,,,,,,,
True,,Wyatt Cenac: Brooklyn,Wyatt Cenac: Brooklyn,2014,N/A,21 Oct 2014,67 min,Comedy,Wyatt Cenac,Wyatt Cenac,"Wyatt Cenac, James Godwin",N/A,English,United States,N/A,https://m.media-amazon.com/images/M/MV5BNTdiNDQ0MDAtMjY1Ny00YTllLWI3YjktM2QwZjVkN2NkNTIyXkEyXkFqcGc@._V1_SX300.jpg,"[{'Source': 'Internet Movie Database', 'Value': '6.3/10'}]",N/A,6.3,253,tt4286560,movie,N/A,N/A,N/A,N/A,
True,,Todd Glass Talks About Stuff,Todd Glass: Talks About Stuff,2012,Not Rated,26 Oct 2012,46 min,Comedy,Jay Chapman,Todd Glass,Todd Glass,"In his comedy special, stand up veteran Todd Glass makes audiences howl with his caustic and hilarious look at society's unspoken rules on everything from dinner parties to late night TV.",English,United States,N/A,https://m.media-amazon.com/images/M/MV5BODg2ZTVmNDQtMWM2OC00MjE5LWJiNWEtZTRiODBhNTU5MGFkXkEyXkFqcGc@._V1_SX300.jpg,"[{'Source': 'Internet Movie Database', 'Value': '6.2/10'}]",N/A,6.2,181,tt2803424,movie,N/A,N/A,N/A,N/A,
True,,Mumbai Delhi Mumbai,Mumbai Delhi Mumbai,2014,Not Rated,05 Dec 2014,120 min,"Comedy, Romance",Satish Rajwade,"Manu Rishi Chadha, Satish Rajwade","Shiv Panditt, Piaa Bajpai, Naisha Arora","In Delhi for the first time, a Mumbai girl loses her phone but gets a surprise chance at true love with a local boy who begrudgingly helps her.",Hindi,India,N/A,https://m.media-amazon.com/images/M/MV5BOWQ5OTBhZWEtYjNjYy00NDU0LTk1NmYtZDhlMWY0NzNkMjkxXkEyXkFqcGc@._V1_SX300.jpg,"[{'Source': 'Internet Movie Database', 'Value': '5.7/10'}]",N/A,5.7,397,tt4045666,movie,N/A,N/A,N/A,N/A,
True,,Ojo's in d' House,Ojo's in d' House,2013,N/A,N/A,24 min,Comedy,N/A,N/A,"Najite Dede, Jude Chukwuka, Taiwo Arimoro","A sitcom about the Ojo family, a newly-rich family that moves into a classy Lagos neighborhood. Each episode revolves around the hilarious antics of Mrs. Ojo and her obsession with keeping up appearances to be accepted by those of...",English,Nigeria,N/A,https://m.media-amazon.com/images/M/MV5BNzA5OTVhZWUtMzQwMC00Y2UzLTgyNTctNjI0OWE4NmU2M2NkXkEyXkFqcGdeQXVyNTExNjg2Njg@._V1_SX300.jpg,"[{'Source': 'Internet Movie Database', 'Value': '4.6/10'}]",N/A,4.6,11,tt12960266,series,,,,,1
True,,Better Call Saul,Better Call Saul,2015–2022,TV-MA,08 Feb 2015,46 min,"Crime, Drama",N/A,"Vince Gilligan, Peter Gould","Bob Odenkirk, Rhea Seehorn, Jonathan Banks",The trials and tribulations of criminal lawyer Jimmy McGill in the years leading up to his fateful run-in with Walter White and Jesse Pinkman.,"English, Spanish, Vietnamese",United States,Nominated for 53 Primetime Emmys. 66 wins & 317 nominations total,https://m.media-amazon.com/images/M/MV5BNDdjNTEzMjMtYjM3Mi00NzQ3LWFlNWMtZjdmYWU3ZDkzMjk1XkEyXkFqcGc@._V1_SX300.jpg,"[{'Source': 'Internet Movie Database', 'Value': '9.0/10'}]",N/A,9.0,"763,470",tt3032476,series,,,,,6
True,,Alone,Alone,2020,R,18 Sep 2020,98 min,"Drama, Mystery, Thriller",John Hyams,Mattias Olsson,"Jules Willcox, Marc Menchaca, Anthony Heald","A recently widowed traveler is kidnapped by a cold-blooded killer, only to escape into the wilderness, where she is forced to battle against the elements as her pursuer closes in on her.",English,"United States, Canada",4 wins & 2 nominations total,https://m.media-amazon.com/images/M/MV5BNWY3NWNlNjctZWQ3YS00ZjY5LWIxZmYtMmY2YzZjY2Y4ZjZiXkEyXkFqcGc@._V1_SX300.jpg,"[{'Source': 'Internet Movie Database', 'Value': '6.2/10'}, {'Source': 'Rotten Tomatoes', 'Value': '27%'}, {'Source': 'Metacritic', 'Value': '70/100'}]",70,6.2,"34,254",tt7711170,movie,N/A,"$537,589",N/A,N/A,
True,,Stranger Things,Stranger Things,2016–2025,TV-14,15 Jul 2016,51 min,"Drama, Fantasy, Horror",N/A,"Matt Duffer, Ross Duffer","Millie Bobby Brown, Finn Wolfhard, Winona Ryder","In 1980s Indiana, a group of young friends witness supernatural forces and secret government exploits. As they search for answers, the children unravel a series of extraordinary mysteries.",English,United States,Won 12 Primetime Emmys. 113 wins & 308 nominations total,https://m.media-amazon.com/images/M/MV5BMjg2NmM0MTEtYWY2Yy00NmFlLTllNTMtMjVkZjEwMGVlNzdjXkEyXkFqcGc@._V1_SX300.jpg,"[{'Source': 'Internet Movie Database', 'Value': '8.6/10'}]",N/A,8.6,"1,481,540",tt4574334,series,,,,,5
True,,Schitt's Creek,Schitt's Creek,2015–2020,TV-14,11 Feb 2015,22 min,Comedy,N/A,"Dan Levy, Eugene Levy","Eugene Levy, Catherine O'Hara, Dan Levy","After being a victim of fraud, Johnny Rose and his family go from extremely wealthy to penniless overnight. The only asset left to them is a small, unsophisticated town: Schitt's Creek. They relocate there. Culture shock ensues.",English,"Canada, United States",Won 9 Primetime Emmys. 111 wins & 153 nominations total,https://m.media-amazon.com/images/M/MV5BODk2Nzg4OWYtODczMy00NWRkLTg5ODQtZTU1ZGRhMzRhZGZhXkEyXkFqcGc@._V1_SX300.jpg,"[{'Source': 'Internet Movie Database', 'Value': '8.5/10'}]",N/A,8.5,"164,755",tt3526078,series,,,,,6
True,,The Good Place,The Good Place,2016–2020,TV-PG,19 Sep 2016,22 min,"Comedy, Drama, Fantasy",N/A,Michael Schur,"Kristen Bell, William Jackson Harper, Jameela Jamil",Four people and their otherworldly frienemy struggle in the afterlife to define what it means to be good.,English,United States,Nominated for 12 Primetime Emmys. 37 wins & 147 nominations total,https://m.media-amazon.com/images/M/MV5BNjI3ZGRhNDYtNDFjOS00OGFlLTg4NTEtYjZjYTViY2ZiMzBkXkEyXkFqcGc@._V1_SX300.jpg,"[{'Source': 'Internet Movie Database', 'Value': '8.2/10'}]",N/A,8.2,"207,526",tt4955642,series,,,,,4
True,,One-Punch Man,One Punch Man,2015–,TV-PG,05 Oct 2015,24 min,"Animation, Action, Comedy",N/A,Yusuke Murata,"Makoto Furukawa, Kaito Ishikawa, Max Mittelman","The story of Saitama, a hero that does it just for fun &amp; can defeat his enemies with a single punch.","Japanese, English",Japan,3 wins & 9 nominations total,https://m.media-amazon.com/images/M/MV5BNzMwOGQ5MWItNzE3My00ZDYyLTk4NzAtZWIyYWI0NTZhYzY0XkEyXkFqcGc@._V1_SX300.jpg,"[{'Source': 'Internet Movie Database', 'Value': '8.7/10'}]",N/A,8.7,"207,674",tt4508902,series,,,,,3
True,,Hunt for the Wilderpeople,Hunt for the Wilderpeople,2016,PG-13,01 Jul 2016,101 min,"Adventure, Comedy, Drama",Taika Waititi,"Taika Waititi, Barry Crump, Tearepa Kahi","Sam Neill, Julian Dennison, Rima Te Wiata",A national manhunt is ordered for a rebellious kid and his foster uncle who go missing in the wild New Zealand bush.,English,New Zealand,24 wins & 26 nominations total,https://m.media-amazon.com/images/M/MV5BMjI1MDQ2MDg5Ml5BMl5BanBnXkFtZTgwMjc2NjM5ODE@._V1_SX300.jpg,"[{'Source': 'Internet Movie Database', 'Value': '7.8/10'}, {'Source': 'Rotten Tomatoes', 'Value': '97%'}, {'Source': 'Metacritic', 'Value': '81/100'}]",81,7.8,"146,760",tt4698684,movie,N/A,"$5,205,468",N/A,N/A,
True,,The Last Kingdom,The Last Kingdom,2015–2022,TV-MA,10 Oct 2015,60 min,"Action, Drama, History",N/A,N/A,"Alexander Dreymon, Eliza Butterworth, Arnas Fedaravicius","As Alfred the Great defends his kingdom from Norse invaders, Uhtred--born a Saxon but raised by Vikings--seeks to claim his ancestral birthright.","English, Latin",United Kingdom,6 nominations total,https://m.media-amazon.com/images/M/MV5BMjE1MzYzNjk3OF5BMl5BanBnXkFtZTgwMzk0MzYwNzE@._V1_SX300.jpg,"[{'Source': 'Internet Movie Database', 'Value': '8.5/10'}]",N/A,8.5,"181,017",tt4179452,series,,,,,5
False,Movie not found!,Food Wars! Shokugeki no Soma,,,,,,,,,,,,,,,,,,,,,,,,,
True,,Hell or High Water,Hell or High Water,2016,R,26 Aug 2016,102 min,"Crime, Drama, Thriller",David Mackenzie,Taylor Sheridan,"Chris Pine, Ben Foster, Jeff Bridges","Toby is a divorced father who's trying to make a better life. His brother is an ex-con with a short temper and a loose trigger finger. Together, they plan a series of heists against the bank that's about to foreclose on their fami...",English,United States,Nominated for 4 Oscars. 47 wins & 174 nominations total,https://m.media-amazon.com/images/M/MV5BMTg4NDA1OTA5NF5BMl5BanBnXkFtZTgwMDQ2MDM5ODE@._V1_SX300.jpg,"[{'Source': 'Internet Movie Database', 'Value': '7.6/10'}, {'Source': 'Rotten Tomatoes', 'Value': '97%'}, {'Source': 'Metacritic', 'Value': '88/100'}]",88,7.6,"269,473",tt2582782,movie,N/A,"$27,007,844",N/A,N/A,
True,,The Crown,The Crown,2016–2023,TV-MA,04 Nov 2016,58 min,"Biography, Drama, History",N/A,Peter Morgan,"Claire Foy, Olivia Colman, Imelda Staunton",Follows the political rivalries and romances of Queen Elizabeth II's reign and the events that shaped Britain for the second half of the 20th century.,English,"United Kingdom, United States",Won 24 Primetime Emmys. 155 wins & 427 nominations total,https://m.media-amazon.com/images/M/MV5BODcyODZlZDMtZGE0Ni00NjBhLWJlYTAtZDdlNWY3MzkwMGVhXkEyXkFqcGc@._V1_SX300.jpg,"[{'Source': 'Internet Movie Database', 'Value': '8.6/10'}]",N/A,8.6,"271,856",tt4786824,series,,,,,6
True,,Ash vs Evil Dead,Ash vs Evil Dead,2015–2018,TV-MA,31 Oct 2015,30 min,"Action, Comedy, Horror",N/A,"Ivan Raimi, Sam Raimi, Tom Spezialy","Bruce Campbell, Ray Santiago, Dana DeLorenzo","Ash has spent the last thirty years avoiding responsibility, maturity, and the terrors of the Evil Dead until a Deadite plague threatens to destroy all of mankind and Ash becomes mankind's only hope.",English,"New Zealand, United States",12 wins & 18 nominations total,https://m.media-amazon.com/images/M/MV5BMTYyMjQyNTE5MF5BMl5BanBnXkFtZTgwMjEyMjE2NDM@._V1_SX300.jpg,"[{'Source': 'Internet Movie Database', 'Value': '8.4/10'}]",N/A,8.4,"83,457",tt4189022,series,,,,,3
True,,Legend,Legend,2015,R,20 Nov 2015,132 min,"Biography, Crime, Drama",Brian Helgeland,"Brian Helgeland, John Pearson","Tom Hardy, Emily Browning, Taron Egerton",Identical twin gangsters Ronald and Reginald Kray terrorize London during the 1960s.,English,"United Kingdom, France, United States",6 wins & 12 nominations total,https://m.media-amazon.com/images/M/MV5BMjE0MjkyODQ3NF5BMl5BanBnXkFtZTgwNDM1OTk1NjE@._V1_SX300.jpg,"[{'Source': 'Internet Movie Database', 'Value': '6.9/10'}, {'Source': 'Rotten Tomatoes', 'Value': '60%'}, {'Source': 'Metacritic', 'Value': '55/100'}]",55,6.9,"217,324",tt3569230,movie,N/A,"$1,872,994",N/A,N/A,
True,,Blair Witch,Blair Witch,2016,R,16 Sep 2016,89 min,"Horror, Mystery, Thriller",Adam Wingard,Simon Barrett,"James Allen McCune, Callie Hernandez, Corbin Reid","After discovering a video showing what he believes to be his vanished sister Heather, James and a group of friends head to the forest believed to be inhabited by the Blair Witch.",English,"Canada, United States",3 wins & 7 nominations total,https://m.media-amazon.com/images/M/MV5BMjI0NTEyMjA3NV5BMl5BanBnXkFtZTgwODk5OTU4OTE@._V1_SX300.jpg,"[{'Source': 'Internet Movie Database', 'Value': '5.0/10'}, {'Source': 'Rotten Tomatoes', 'Value': '38%'}, {'Source': 'Metacritic', 'Value': '47/100'}]",47,5.0,"51,994",tt1540011,movie,N/A,"$20,777,061",N/A,N/A,
True,,War Dogs,War Dogs,2016,R,19 Aug 2016,114 min,"Biography, Comedy, Crime",Todd Phillips,"Stephen Chin, Todd Phillips, Jason Smilovic","Jonah Hill, Miles Teller, Steve Lantz","Loosely based on the true story of two young men, David Packouz and Efraim Diveroli, who won a three hundred million dollar contract from the Pentagon to arm America's allies in Afghanistan.","English, Arabic, Albanian, Romanian","United States, Romania",3 nominations total,https://m.media-amazon.com/images/M/MV5BMjEyNzQ0NzM4MV5BMl5BanBnXkFtZTgwMDI0ODM2OTE@._V1_SX300.jpg,"[{'Source': 'Internet Movie Database', 'Value': '7.1/10'}, {'Source': 'Rotten Tomatoes', 'Value': '62%'}, {'Source': 'Metacritic', 'Value': '57/100'}]",57,7.1,"284,591",tt2005151,movie,N/A,"$43,034,523",N/A,N/A,
True,,Lucifer,Lucifer,2016–2021,TV-14,25 Jan 2016,42 min,"Crime, Drama, Fantasy",N/A,Tom Kapinos,"Tom Ellis, Lauren German, Kevin Alejandro",Lucifer Morningstar has decided he's had enough of being the dutiful servant in Hell and decides to spend some time on Earth to better understand humanity. He settles in Los Angeles - the City of Angels.,English,United States,Nominated for 1 Primetime Emmy. 2 wins & 20 nominations total,https://m.media-amazon.com/images/M/MV5BYzMwNzI3MWItZTIzYi00YjkxLThhOWQtYmUwYjg4NWM0ZWI1XkEyXkFqcGc@._V1_SX300.jpg,"[{'Source': 'Internet Movie Database', 'Value': '8.0/10'}]",N/A,8.0,"380,770",tt4052886,series,,,,,6
True,,Forged in Fire,Forged in Fire,2015–,TV-PG,22 Jun 2015,31S min,"Game-Show, Reality-TV",N/A,N/A,"Doug Marcaida, David Lain Baker, Ben Abbott",Four custom knife makers compete to make the best usable knife through a series of challenges.,English,United States,N/A,https://m.media-amazon.com/images/M/MV5BNDhhZDcxZDctMjFiYy00OTJlLTg2NDgtOTBjZWI2ZjcwZjdhXkEyXkFqcGc@._V1_SX300.jpg,"[{'Source': 'Internet Movie Database', 'Value': '8.2/10'}]",N/A,8.2,"4,881",tt4680444,series,,,,,10
True,,The OA,The OA,2016–2019,TV-MA,16 Dec 2016,2 min,"Drama, Fantasy, Mystery",N/A,"Zal Batmanglij, Brit Marling","Brit Marling, Jason Isaacs, Scott Wilson","Having gone missing seven years ago, the previously blind Prairie returns home, now in her twenties with her sight restored. While many believe she is a miracle, others worry that she could be dangerous.",English,United States,3 wins & 9 nominations total,https://m.media-amazon.com/images/M/MV5BMTY5OTkwNDkzOF5BMl5BanBnXkFtZTgwMDEyNzI1NzM@._V1_SX300.jpg,"[{'Source': 'Internet Movie Database', 'Value': '7.8/10'}]",N/A,7.8,"123,671",tt4635282,series,,,,,2
True,,Blackhat,Blackhat,2015,R,16 Jan 2015,133 min,"Action, Crime, Thriller",Michael Mann,Morgan Davis Foehl,"Chris Hemsworth, Viola Davis, Tang Wei",A furloughed convict and his American and Chinese partners hunt a high-level cybercrime network from Chicago to Los Angeles to Hong Kong to Jakarta.,"English, Mandarin, Spanish",United States,1 win & 5 nominations total,https://m.media-amazon.com/images/M/MV5BMTg1NDUyMzk5NV5BMl5BanBnXkFtZTgwOTk1NzUxMzE@._V1_SX300.jpg,"[{'Source': 'Internet Movie Database', 'Value': '5.5/10'}, {'Source': 'Rotten Tomatoes', 'Value': '33%'}, {'Source': 'Metacritic', 'Value': '52/100'}]",52,5.5,"66,329",tt2717822,movie,N/A,"$8,005,980",N/A,N/A,
True,,The Take,The Take,2016,R,18 Nov 2016,92 min,"Action, Adventure, Crime",James Watkins,"Andrew Baldwin, James Watkins","Idris Elba, Richard Madden, Charlotte Le Bon",A young pickpocket and an unruly CIA agent team up on an anti-terrorist mission in France.,"English, French","United Kingdom, France, United States, Belgium, Luxembourg, China, Germany",N/A,https://m.media-amazon.com/images/M/MV5BMTAyNDc3MDMwMDNeQTJeQWpwZ15BbWU4MDkyMzc5MjAy._V1_SX300.jpg,"[{'Source': 'Internet Movie Database', 'Value': '6.3/10'}, {'Source': 'Rotten Tomatoes', 'Value': '49%'}, {'Source': 'Metacritic', 'Value': '48/100'}]",48,6.3,"53,846",tt2368619,movie,N/A,"$50,269",N/A,N/A,
True,,Nocturnal Animals,Nocturnal Animals,2016,R,09 Dec 2016,116 min,"Drama, Thriller",Tom Ford,"Tom Ford, Austin Wright","Amy Adams, Jake Gyllenhaal, Michael Shannon","A wealthy art gallery owner is haunted by her ex-husband's novel, her memories of their relationship, and her regrets about her life.",English,"United States, China",Nominated for 1 Oscar. 21 wins & 154 nominations total,https://m.media-amazon.com/images/M/MV5BMTYwMzMwMzgxNl5BMl5BanBnXkFtZTgwMTA0MTUzMDI@._V1_SX300.jpg,"[{'Source': 'Internet Movie Database', 'Value': '7.4/10'}, {'Source': 'Rotten Tomatoes', 'Value': '74%'}, {'Source': 'Metacritic', 'Value': '67/100'}]",67,7.4,"331,564",tt4550098,movie,N/A,"$10,663,357",N/A,N/A,
True,,Raw,Raw,2016,R,15 Mar 2017,99 min,"Drama, Horror",Julia Ducournau,Julia Ducournau,"Garance Marillier, Ella Rumpf, Rabah Nait Oufella","A young woman, studying to be a vet, develops a craving for human flesh.",French,"France, Belgium",25 wins & 45 nominations total,https://m.media-amazon.com/images/M/MV5BMTU3MDUxMDI0MV5BMl5BanBnXkFtZTgwMzk3OTg3MDI@._V1_SX300.jpg,"[{'Source': 'Internet Movie Database', 'Value': '6.9/10'}, {'Source': 'Rotten Tomatoes', 'Value': '92%'}, {'Source': 'Metacritic', 'Value': '81/100'}]",81,6.9,"93,762",tt4954522,movie,22 May 2017,"$514,870","Petit Film, Rouge International",N/A,
True,,The Hateful Eight,The Hateful Eight,2015,R,30 Dec 2015,168 min,"Crime, Drama, Mystery",Quentin Tarantino,Quentin Tarantino,"Samuel L. Jackson, Kurt Russell, Jennifer Jason Leigh","In the dead of a Wyoming winter, a bounty hunter and his prisoner find shelter in a cabin currently inhabited by a collection of nefarious characters.","English, Spanish, French, Persian",United States,Won 1 Oscar. 46 wins & 116 nominations total,https://m.media-amazon.com/images/M/MV5BMjA1MTc1NTg5NV5BMl5BanBnXkFtZTgwOTM2MDEzNzE@._V1_SX300.jpg,"[{'Source': 'Internet Movie Database', 'Value': '7.8/10'}, {'Source': 'Rotten Tomatoes', 'Value': '74%'}, {'Source': 'Metacritic', 'Value': '68/100'}]",68,7.8,"702,247",tt3460252,movie,N/A,"$54,117,416",N/A,N/A,
True,,The Magicians,The Magicians,2015–2020,TV-14,16 Dec 2015,60 min,"Drama, Fantasy, Mystery",N/A,"Sera Gamble, John McNamara","Stella Maeve, Hale Appleman, Arjun Gupta","After being recruited to a secretive academy, a group of students discovers that the magic they read about as children is very real--and more dangerous than they ever imagined.",English,United States,1 win & 11 nominations total,https://m.media-amazon.com/images/M/MV5BMzVjZDg1YzctMTZhNi00OWVjLTg3OGEtMjdhNWE2MmEyODA5XkEyXkFqcGc@._V1_SX300.jpg,"[{'Source': 'Internet Movie Database', 'Value': '7.6/10'}]",N/A,7.6,"58,611",tt4254242,series,,,,,5
True,,Miraculous: Tales of Ladybug & Cat Noir,Miraculous: Tales of Ladybug & Cat Noir,2015–,TV-Y7,20 Dec 2015,1 min,"Animation, Action, Adventure",N/A,N/A,"Cristina Valenzuela, Bryce Papenbrook, Max Mittelman","Marinette and Adrien, two normal teens, transform into the superheroes Ladybug and Cat Noir when a mysterious evil threatens to destroy Paris.","French, Korean, English","France, South Korea, Japan, United States, Brazil, Canada, Italy",2 wins total,https://m.media-amazon.com/images/M/MV5BODQ5NGFjZTQtNDkzNy00YWVjLWJiNGMtNTk1YzVmMmQ1YWQwXkEyXkFqcGc@._V1_SX300.jpg,"[{'Source': 'Internet Movie Database', 'Value': '7.5/10'}]",N/A,7.5,"18,324",tt2580046,series,,,,,7
True,,Queen of the South,Queen of the South,2016–2021,TV-MA,23 Jun 2016,42 min,"Action, Crime, Drama",N/A,"M.A. Fortin, Joshua John Miller","Alice Braga, Hemky Madera, Peter Gadiot",Teresa flees Mexico after her drug-runner boyfriend is murdered. Settling in Dallas she looks to become the country's reigning drug smuggler and to avenge her lover's murder.,English,"United States, Mexico, Spain, Malta",4 wins & 19 nominations total,https://m.media-amazon.com/images/M/MV5BODU0MzJiOTAtOTVkZS00MWE2LWFiMTctMGYxZjc2ZGMyODcxXkEyXkFqcGc@._V1_SX300.jpg,"[{'Source': 'Internet Movie Database', 'Value': '8.0/10'}]",N/A,8.0,"35,561",tt1064899,series,,,,,5
True,,Grace and Frankie,Grace and Frankie,2015–2022,TV-MA,08 May 2015,30 min,"Comedy, Drama",N/A,"Marta Kauffman, Howard J. Morris","Jane Fonda, Lily Tomlin, Sam Waterston","Finding out that their husbands are not just work partners, but have also been romantically involved for the last twenty years, two women with an already strained relationship try to cope with the circumstances together.",English,United States,Nominated for 13 Primetime Emmys. 3 wins & 62 nominations total,https://m.media-amazon.com/images/M/MV5BNjgwMTg2NTAzOV5BMl5BanBnXkFtZTgwOTc0MTI1NTE@._V1_SX300.jpg,"[{'Source': 'Internet Movie Database', 'Value': '8.2/10'}]",N/A,8.2,"60,297",tt3609352,series,,,,,7
True,,Designated Survivor,Designated Survivor,2016–2019,TV-14,21 Sep 2016,60 min,"Action, Drama, Mystery",N/A,David Guggenheim,"Kiefer Sutherland, Adan Canto, Italia Ricci",A low-level Cabinet member becomes President of the United States after a catastrophic attack kills everyone above him in the line of succession.,English,United States,3 wins & 3 nominations total,https://m.media-amazon.com/images/M/MV5BNmZmYjhlMTgtYmRjYi00NTk3LWI2M2EtMzYwZTAyMmIzZTI2XkEyXkFqcGc@._V1_SX300.jpg,"[{'Source': 'Internet Movie Database', 'Value': '7.4/10'}]",N/A,7.4,"112,173",tt5296406,series,,,,,3
True,,Slasher,Slasher,2016–2023,TV-14,04 Mar 2016,1 min,"Crime, Drama, Horror",N/A,Aaron Martin,"Christopher Jacot, Paula Brancati, Joanne Vannicola",An anthology series featuring rampaging serial killers leaving carnage in their wake as their next victims fight to stay alive.,English,Canada,2 wins & 12 nominations total,https://m.media-amazon.com/images/M/MV5BMzgzM2U3YzQtNGQwMi00MmI4LWFhMDEtN2RlMzNkYTBmMGIzXkEyXkFqcGc@._V1_SX300.jpg,"[{'Source': 'Internet Movie Database', 'Value': '6.7/10'}]",N/A,6.7,"17,944",tt4667888,series,,,,,5
True,,60 Days In,60 Days In,2016–,TV-14,10 Mar 2016,1 min,"Documentary, Crime, Reality-TV",N/A,N/A,"Ryan Secord, Dion Shepherd Jr., Zachary Holland Baker","""60 Days In"" offers an unprecedented look at life behind bars at Indiana's Clark County Jail. Seven ordinary people volunteer to live among its general population for 60 days, without fellow inmates or staff knowing their secret.",English,United States,1 win total,https://m.media-amazon.com/images/M/MV5BMTEzZjY0ZGYtMjdiYy00ZDVkLThlMmMtMTE2MTZmMGY2YTA1XkEyXkFqcGc@._V1_SX300.jpg,"[{'Source': 'Internet Movie Database', 'Value': '7.6/10'}]",N/A,7.6,"3,537",tt5564124,series,,,,,9
True,,Fauda,Fauda,2015–,TV-MA,15 Feb 2015,1 min,"Action, Crime, Drama",N/A,"Avi Issacharoff, Lior Raz","Lior Raz, Itzik Cohen, Netta Garti",The human stories on both sides of the Israel-Palestine conflict.,"Hebrew, Arabic",Israel,15 wins & 8 nominations total,https://m.media-amazon.com/images/M/MV5BZDNjNzhmM2ItYWM4Ni00ZThjLWE4N2YtODQ1MzRiYWQ0YzBlXkEyXkFqcGc@._V1_SX300.jpg,"[{'Source': 'Internet Movie Database', 'Value': '8.3/10'}]",N/A,8.3,"41,322",tt4565380,series,,,,,4
True,,Call My Agent!,Call My Agent!,2015–2020,TV-MA,20 Dec 2016,52 min,"Comedy, Drama",N/A,Fanny Herrero,"Camille Cottin, Thibault de Montalembert, Grégory Montel",French serial about the lives and jobs of people working at a talent agency in Paris.,French,France,Nominated for 1 BAFTA Award10 wins & 14 nominations total,https://m.media-amazon.com/images/M/MV5BYTJkZDVkMWEtZmNmMC00YjRhLWFjOGEtZWMzNDFkZDdjZmQ3XkEyXkFqcGc@._V1_SX300.jpg,"[{'Source': 'Internet Movie Database', 'Value': '8.3/10'}]",N/A,8.3,"17,887",tt4277922,series,,,,,4
True,,Travelers,Travelers,2016–2018,TV-MA,17 Oct 2016,45 min,"Drama, Mystery, Sci-Fi",N/A,Brad Wright,"Eric McCormack, MacKenzie Porter, Nesta Cooper","Hundreds of years from now, surviving humans discover how to send consciousness back through time, into people of the 21st century, while attempting to change the path of humanity.",English,"Canada, United States",4 wins & 16 nominations total,https://m.media-amazon.com/images/M/MV5BMjUzOTQwOTg1MF5BMl5BanBnXkFtZTgwNzE4NzQ3NjM@._V1_SX300.jpg,"[{'Source': 'Internet Movie Database', 'Value': '8.0/10'}]",N/A,8.0,"69,734",tt5651844,series,,,,,3
True,,Pan,Pan,2015,PG,09 Oct 2015,111 min,"Action, Adventure, Comedy",Joe Wright,"Jason Fuchs, J.M. Barrie","Levi Miller, Hugh Jackman, Garrett Hedlund","Twelve-year-old orphan Peter is spirited away to the magical world of Neverland, where he finds both fun and danger, and ultimately discovers his destiny: to become the hero who will be forever known as Peter Pan.",English,"United States, United Kingdom, Australia, India, Canada",8 nominations total,https://m.media-amazon.com/images/M/MV5BMzk2MDg5MDczMl5BMl5BanBnXkFtZTgwNTE2NjYyNjE@._V1_SX300.jpg,"[{'Source': 'Internet Movie Database', 'Value': '5.7/10'}, {'Source': 'Rotten Tomatoes', 'Value': '27%'}, {'Source': 'Metacritic', 'Value': '36/100'}]",36,5.7,"68,736",tt3332064,movie,N/A,"$35,088,320",N/A,N/A,
True,,The Gift,The Gift,2015,R,07 Aug 2015,108 min,"Drama, Mystery, Thriller",Joel Edgerton,Joel Edgerton,"Jason Bateman, Rebecca Hall, Joel Edgerton","A married couple, Simon and Robyn, run into Gordo, an old classmate. Things take a turn when Gordo begins to drop in unannounced at their house and inundates them with mysterious gifts.",English,"United States, Australia, China",2 wins & 12 nominations total,https://m.media-amazon.com/images/M/MV5BOTNlZmJiNGUtZGEwNC00MzE1LTkzNTItNGQ0NGRkYjhiYTNmXkEyXkFqcGc@._V1_SX300.jpg,"[{'Source': 'Internet Movie Database', 'Value': '7.0/10'}, {'Source': 'Rotten Tomatoes', 'Value': '91%'}, {'Source': 'Metacritic', 'Value': '77/100'}]",77,7.0,"180,833",tt4178092,movie,N/A,"$43,787,265",N/A,N/A,
True,,Wild Card,Wild Card,2015,R,14 Jan 2015,92 min,"Action, Crime, Drama",Simon West,William Goldman,"Jason Statham, Michael Angarano, Dominik Garcia","When a Las Vegas bodyguard with lethal skills and a gambling problem gets in trouble with the mob, he has one last play...and it's all or nothing.",English,United States,N/A,https://m.media-amazon.com/images/M/MV5BMjAyNjkyOTgzNF5BMl5BanBnXkFtZTgwMTk0MDc2MzE@._V1_SX300.jpg,"[{'Source': 'Internet Movie Database', 'Value': '5.6/10'}, {'Source': 'Rotten Tomatoes', 'Value': '30%'}, {'Source': 'Metacritic', 'Value': '40/100'}]",40,5.6,"63,102",tt2231253,movie,N/A,N/A,N/A,N/A,
False,Movie not found!,Medici: Masters of Florence,,,,,,,,,,,,,,,,,,,,,,,,,
True,,Leah Remini: Scientology and the Aftermath,Leah Remini: Scientology and the Aftermath,2016–2019,TV-14,29 Nov 2016,47 min,"Documentary, History, Mystery",N/A,N/A,"Leah Remini, Mike Rinder, Mary Kahn",A series featuring stories from former members of the Church of Scientology whose lives have been affected by the Church's alleged harmful practices.,English,United States,Won 2 Primetime Emmys. 5 wins & 10 nominations total,https://m.media-amazon.com/images/M/MV5BMzgxMzQxNWItNzY5ZC00NTkwLWFmM2QtNDgyMWI3NGNjNzY0XkEyXkFqcGc@._V1_SX300.jpg,"[{'Source': 'Internet Movie Database', 'Value': '8.9/10'}]",N/A,8.9,"6,550",tt6244192,series,,,,,3
True,,Bloodline,Bloodline,2015–2017,TV-MA,20 Mar 2015,60 min,"Drama, Thriller",N/A,"Glenn Kessler, Todd A. Kessler, Daniel Zelman","Kyle Chandler, Ben Mendelsohn, Linda Cardellini",A family is forced to face their past secrets and scars when the black sheep returns home.,English,United States,Won 1 Primetime Emmy. 5 wins & 18 nominations total,https://m.media-amazon.com/images/M/MV5BMTU4OTY0MzM1OV5BMl5BanBnXkFtZTgwMjkxMzE0MjI@._V1_SX300.jpg,"[{'Source': 'Internet Movie Database', 'Value': '7.8/10'}]",N/A,7.8,"61,974",tt3520702,series,,,,,3
True,,Crazy Ex-Girlfriend,Crazy Ex-Girlfriend,2015–2019,TV-14,12 Oct 2015,2 min,"Comedy, Musical",N/A,"Rachel Bloom, Aline Brosh McKenna","Rachel Bloom, Donna Lynne Champlin, Vincent Rodriguez III","A young woman abandons a choice job at a law firm and her life in New York in an attempt to find happiness in the unlikely locale of West Covina, California.",English,United States,Won 4 Primetime Emmys. 16 wins & 35 nominations total,https://m.media-amazon.com/images/M/MV5BMjVjM2Y3YzctYzQwMi00OTY2LWEyMjMtODdkZmZiMWQxM2M4XkEyXkFqcGc@._V1_SX300.jpg,"[{'Source': 'Internet Movie Database', 'Value': '7.9/10'}]",N/A,7.9,"23,612",tt4094300,series,,,,,4
True,,Narcos,Narcos,2015–2017,TV-MA,28 Aug 2015,49 min,"Biography, Crime, Drama",N/A,"Carlo Bernard, Chris Brancato, Doug Miro","Pedro Pascal, Wagner Moura, Boyd Holbrook","A chronicled look at the criminal exploits of Colombian drug lord Pablo Escobar, as well as the many other drug kingpins who plagued the country through the years.","English, Spanish","United States, Colombia",Nominated for 3 Primetime Emmys. 8 wins & 20 nominations total,https://m.media-amazon.com/images/M/MV5BNzQwOTcwMzIwN15BMl5BanBnXkFtZTgwMjYxMTA0NjE@._V1_SX300.jpg,"[{'Source': 'Internet Movie Database', 'Value': '8.7/10'}]",N/A,8.7,"509,724",tt2707408,series,,,,,3
True,,DC's Legends of Tomorrow,DC's Legends of Tomorrow,2016–2022,TV-14,21 Jan 2016,42 min,"Action, Adventure, Drama",N/A,"Greg Berlanti, Marc Guggenheim, Phil Klemmer","Caity Lotz, Amy Louise Pemberton, Dominic Purcell","Time-traveling rogue Rip Hunter must recruit a ragtag team of heroes and villains to help prevent an apocalypse that could impact not only Earth, but all of time.","English, Egyptian (Ancient), Russian, Latin, Arabic, Japanese",United States,8 wins & 32 nominations total,https://m.media-amazon.com/images/M/MV5BYTMwNTYzZGMtY2U3Yy00ZjgzLTg4MmUtNmRiMWIxOGQ4OGI2XkEyXkFqcGc@._V1_SX300.jpg,"[{'Source': 'Internet Movie Database', 'Value': '6.7/10'}]",N/A,6.7,"113,291",tt4532368,series,,,,,7
True,,Norsemen,The Viking's Daughter: The Story of the Ancient Norsemen,1908,N/A,01 Aug 1908,N/A,"Short, Adventure, Drama",J. Stuart Blackton,N/A,Florence Lawrence,"A Saxon prisoner rescues his Viking's captor's daughter, resulting in his freedom and their marriage.","None, English",United States,N/A,N/A,"[{'Source': 'Internet Movie Database', 'Value': '6.6/10'}]",N/A,6.6,22,tt0000781,movie,N/A,N/A,N/A,N/A,
True,,Shooter,Shooter,2007,R,23 Mar 2007,124 min,"Action, Drama, Thriller",Antoine Fuqua,"Stephen Hunter, Jonathan Lemkin","Mark Wahlberg, Michael Peña, Rhona Mitra","An expert marksman living in exile, is coaxed back into action after learning of a plot to kill the president. Now on the run after being double crossed for the assassination attempt he was trying to prevent, he sets out for the r...",English,United States,2 nominations total,https://m.media-amazon.com/images/M/MV5BYmE0NWZiMjktY2U4MC00MDVmLTljMGMtMWZiMThiNjczNzViXkEyXkFqcGc@._V1_SX300.jpg,"[{'Source': 'Internet Movie Database', 'Value': '7.1/10'}, {'Source': 'Rotten Tomatoes', 'Value': '47%'}, {'Source': 'Metacritic', 'Value': '53/100'}]",53,7.1,"369,855",tt0822854,movie,N/A,"$47,003,582",N/A,N/A,
True,,Marcella,Marcella,2016–2021,TV-MA,04 Apr 2016,45 min,"Crime, Drama, Mystery",N/A,"Hans Rosenfeldt, Nicola Larder","Anna Friel, Ray Panthaki, Jack Doolan","Marcella Backland left the Metropolitan Police for the sake of her family, only to have her husband leave her. She returns to her job on the murder squad, investigating a case that seems disturbingly familiar to her.",English,United Kingdom,2 wins & 4 nominations total,https://m.media-amazon.com/images/M/MV5BNDVmZWI2NWItN2Q0ZC00NDIzLThkYjAtZWIzNzE3MmY2ZGJiXkEyXkFqcGc@._V1_SX300.jpg,"[{'Source': 'Internet Movie Database', 'Value': '7.3/10'}]",N/A,7.3,"39,841",tt5269594,series,,,,,3
True,,Into the Badlands,Into the Badlands,2015–2019,TV-14,15 Nov 2015,42 min,"Action, Adventure, Drama",N/A,"Alfred Gough, Miles Millar","Daniel Wu, Orla Brady, Aramis Knight",A mighty warrior and a young boy with supernatural powers search for enlightenment in a ruthless post-apocalyptic United States controlled by feudal barons.,English,United States,1 win & 8 nominations total,https://m.media-amazon.com/images/M/MV5BOGQzMWI4OGMtNmE3ZC00ZGM0LWI0ZjEtN2I1YmUwNzhjNTdmXkEyXkFqcGc@._V1_SX300.jpg,"[{'Source': 'Internet Movie Database', 'Value': '7.9/10'}]",N/A,7.9,"51,533",tt3865236,series,,,,,3
True,,"Hail, Caesar!","Hail, Caesar!",2016,PG-13,05 Feb 2016,106 min,"Comedy, Drama, Mystery","Ethan Coen, Joel Coen","Joel Coen, Ethan Coen","Josh Brolin, George Clooney, Alden Ehrenreich",A Hollywood fixer in the 1950s works to keep the studio's stars in line.,English,"United Kingdom, Japan, United States",Nominated for 1 Oscar. 14 wins & 44 nominations total,https://m.media-amazon.com/images/M/MV5BYmE1NDE2ODUtZmVmNi00OTM3LWFkOTItZDE2NGUwMTM0YjIyXkEyXkFqcGc@._V1_SX300.jpg,"[{'Source': 'Internet Movie Database', 'Value': '6.3/10'}, {'Source': 'Rotten Tomatoes', 'Value': '86%'}, {'Source': 'Metacritic', 'Value': '72/100'}]",72,6.3,"147,542",tt0475290,movie,N/A,"$30,498,085",N/A,N/A,
True,,Scream: The TV Series,Scream: The TV Series,2015–2019,TV-14,30 Jun 2015,31S min,"Comedy, Crime, Drama",N/A,"Jay Beattie, Jill E. Blotevogel, Dan Dworkin","Willa Fitzgerald, Bex Taylor-Klaus, John Karna",A serialized anthology series that follows a group of teenagers being targeted by a masked serial killer.,English,United States,3 wins & 10 nominations total,https://m.media-amazon.com/images/M/MV5BOGUyZGMzMTItN2M0ZS00ZDI5LWFkZGMtMmUzMTE0MTk1NWFlXkEyXkFqcGc@._V1_SX300.jpg,"[{'Source': 'Internet Movie Database', 'Value': '7.0/10'}]",N/A,7.0,"47,177",tt3921180,series,,,,,3
True,,iZombie,iZombie,2015–2019,TV-14,17 Mar 2015,42 min,"Comedy, Crime, Drama",N/A,"Diane Ruggiero-Wright, Rob Thomas","Rose McIver, Malcolm Goodwin, Rahul Kohli","A medical resident finds that being a zombie has its perks, which she uses to assist the police.",English,United States,8 wins & 21 nominations total,https://m.media-amazon.com/images/M/MV5BOTA0M2NiNTItZTY5OS00Yjk0LTk4MTktNDhhNTdhMDJjMjAxXkEyXkFqcGc@._V1_SX300.jpg,"[{'Source': 'Internet Movie Database', 'Value': '7.8/10'}]",N/A,7.8,"77,636",tt3501584,series,,,,,5
True,,Crimson Peak,Crimson Peak,2015,R,16 Oct 2015,119 min,"Drama, Horror, Mystery",Guillermo del Toro,"Guillermo del Toro, Matthew Robbins","Mia Wasikowska, Jessica Chastain, Tom Hiddleston","In the aftermath of a family tragedy, an aspiring author is torn between love for her childhood friend and the temptation of a mysterious outsider. Trying to escape the ghosts of her past, she is swept away to a house that breathe...",English,"United States, Mexico, Canada",7 wins & 44 nominations total,https://m.media-amazon.com/images/M/MV5BN2RkYzA2MjMtNGI1OS00NTA4LWFlMjktYzVhOTJjOTI0Zjc4XkEyXkFqcGc@._V1_SX300.jpg,"[{'Source': 'Internet Movie Database', 'Value': '6.5/10'}, {'Source': 'Rotten Tomatoes', 'Value': '72%'}, {'Source': 'Metacritic', 'Value': '66/100'}]",66,6.5,"162,346",tt2554274,movie,N/A,"$31,090,320",N/A,N/A,
True,,Supergirl,Supergirl,2015–2021,TV-PG,26 Oct 2015,43 min,"Action, Adventure, Drama",N/A,"Ali Adler, Greg Berlanti, Andrew Kreisberg","Melissa Benoist, Chyler Leigh, David Harewood",The adventures of Superman's cousin and her own superhero career.,English,United States,15 wins & 52 nominations total,https://m.media-amazon.com/images/M/MV5BZGM4MzY3NzYtYjViZS00MmE4LTgxZmMtNTZkNDM5MDIwMDg1XkEyXkFqcGc@._V1_SX300.jpg,"[{'Source': 'Internet Movie Database', 'Value': '6.2/10'}]",N/A,6.2,"133,208",tt4016454,series,,,,,6
True,,Sense8,Sense8,2015–2018,TV-MA,05 Jun 2015,60 min,"Drama, Mystery, Sci-Fi",N/A,"J. Michael Straczynski, Lana Wachowski, Lilly Wachowski","Bae Doona, Jamie Clayton, Tina Desai","A group of people around the world are suddenly linked mentally, and must find a way to survive being hunted by those who see them as a threat to the world's order.",English,United States,Nominated for 2 Primetime Emmys. 3 wins & 17 nominations total,https://m.media-amazon.com/images/M/MV5BMjA4MTEyMzcwMl5BMl5BanBnXkFtZTgwMTIwODczNTM@._V1_SX300.jpg,"[{'Source': 'Internet Movie Database', 'Value': '8.2/10'}]",N/A,8.2,"168,788",tt2431438,series,,,,,2
False,Movie not found!,Bāhubali: The Beginning,,,,,,,,,,,,,,,,,,,,,,,,,
True,,Kim's Convenience,Kim's Convenience,2016–2021,TV-14,11 Oct 2016,22 min,Comedy,N/A,N/A,"Paul Sun-Hyung Lee, Jean Yoon, Andrea Bang",The misadventures of a Korean-Canadian family running a convenience store.,English,Canada,29 wins & 69 nominations total,https://m.media-amazon.com/images/M/MV5BZDQxNzYyMTgtOTJmNy00ZjE3LTk0YTctMTZlZDI3OThkNDNlXkEyXkFqcGc@._V1_SX300.jpg,"[{'Source': 'Internet Movie Database', 'Value': '8.2/10'}]",N/A,8.2,"27,257",tt5912064,series,,,,,5
True,,Ouija: Origin of Evil,Ouija: Origin of Evil,2016,PG-13,21 Oct 2016,99 min,"Drama, Horror, Mystery",Mike Flanagan,"Mike Flanagan, Jeff Howard, Juliet Snowden","Elizabeth Reaser, Lulu Wilson, Annalise Basso","In 1967 Los Angeles, a widowed mother's daughter tries to communicate with her late father through a Ouija board, but unleashes a demon instead.","English, Ukrainian",United States,2 wins & 7 nominations total,https://m.media-amazon.com/images/M/MV5BNzhmYzkyNjUtNmI2OC00MWY2LWFjN2MtNjIwMGRkOWMyYzI0XkEyXkFqcGc@._V1_SX300.jpg,"[{'Source': 'Internet Movie Database', 'Value': '6.2/10'}, {'Source': 'Rotten Tomatoes', 'Value': '83%'}, {'Source': 'Metacritic', 'Value': '65/100'}]",65,6.2,"79,347",tt4361050,movie,N/A,"$35,144,505",N/A,N/A,
True,,Wynonna Earp,Wynonna Earp,2016–2021,TV-14,01 Apr 2016,1 min,"Action, Drama, Fantasy",N/A,N/A,"Melanie Scrofano, Tim Rozon, Dominique Provost-Chalkley","Battling demons and other creatures with her unique abilities and a posse of dysfunctional allies, Wyatt Earp's great great-granddaughter Wynonna is the only thing that can bring the paranormal to justice.",English,"Canada, United States",18 wins & 40 nominations total,https://m.media-amazon.com/images/M/MV5BNTNkNTE1ZjQtNjgxNy00MDI0LWE5NzktMDRmMzFhNzQzMGY4XkEyXkFqcGc@._V1_SX300.jpg,"[{'Source': 'Internet Movie Database', 'Value': '7.4/10'}]",N/A,7.4,"25,589",tt4878326,series,,,,,4
True,,Unbreakable Kimmy Schmidt,Unbreakable Kimmy Schmidt,2015–2019,TV-14,06 Mar 2015,30 min,Comedy,N/A,"Robert Carlock, Tina Fey","Ellie Kemper, Jane Krakowski, Tituss Burgess",A woman is rescued from a doomsday cult and starts life over again in New York City.,English,United States,Nominated for 18 Primetime Emmys. 25 wins & 98 nominations total,https://m.media-amazon.com/images/M/MV5BMTgyNTQyNjUwN15BMl5BanBnXkFtZTgwNjMwNjUzNzM@._V1_SX300.jpg,"[{'Source': 'Internet Movie Database', 'Value': '7.5/10'}]",N/A,7.5,"81,952",tt3339966,series,,,,,4
True,,Sinister 2,Sinister 2,2015,R,21 Aug 2015,97 min,"Horror, Mystery, Thriller",Ciarán Foy,"Scott Derrickson, C. Robert Cargill","James Ransone, Shannyn Sossamon, Robert Daniel Sloan",A young mother and her twin sons move into a rural house that's marked for death.,English,"United Kingdom, Canada, United States",1 win & 3 nominations total,https://m.media-amazon.com/images/M/MV5BMjM3MTQ5NjA0OV5BMl5BanBnXkFtZTgwMzg2OTYyNTE@._V1_SX300.jpg,"[{'Source': 'Internet Movie Database', 'Value': '5.3/10'}, {'Source': 'Rotten Tomatoes', 'Value': '15%'}, {'Source': 'Metacritic', 'Value': '32/100'}]",32,5.3,"64,672",tt2752772,movie,N/A,"$27,740,955",N/A,N/A,
True,,The Edge of Seventeen,The Edge of Seventeen,2016,R,18 Nov 2016,104 min,"Comedy, Drama, Romance",Kelly Fremon Craig,Kelly Fremon Craig,"Hailee Steinfeld, Haley Lu Richardson, Blake Jenner","High-school life gets even more unbearable for Nadine when her best friend, Krista, starts dating her older brother.",English,"United States, China",8 wins & 29 nominations total,https://m.media-amazon.com/images/M/MV5BODE2NjE4NjYyMV5BMl5BanBnXkFtZTgwNzk3MjQ0OTE@._V1_SX300.jpg,"[{'Source': 'Internet Movie Database', 'Value': '7.3/10'}, {'Source': 'Rotten Tomatoes', 'Value': '94%'}, {'Source': 'Metacritic', 'Value': '77/100'}]",77,7.3,"147,297",tt1878870,movie,N/A,"$14,431,633",N/A,N/A,
True,,Dark Matter,Dark Matter,2024–,TV-MA,08 May 2024,N/A,"Drama, Sci-Fi, Thriller",N/A,Blake Crouch,"Joel Edgerton, Jennifer Connelly, Alice Braga","A man is abducted into an alternate version of his life. Amid the mind-bending landscape of lives he could've lived, he embarks on a harrowing journey to get back to his true family and save them from a most terrifying foe: himself.",English,United States,Nominated for 1 Primetime Emmy. 4 nominations total,https://m.media-amazon.com/images/M/MV5BNzNmMDBhYmUtN2NmMC00NjNkLWJjMjAtOWJkY2E2YWMzZDJkXkEyXkFqcGc@._V1_SX300.jpg,"[{'Source': 'Internet Movie Database', 'Value': '7.6/10'}]",N/A,7.6,"67,536",tt19231492,series,,,,,2
True,,London Has Fallen,London Has Fallen,2016,R,04 Mar 2016,99 min,"Action, Thriller",Babak Najafi,"Creighton Rothenberger, Katrin Benedikt, Christian Gudegast","Gerard Butler, Aaron Eckhart, Morgan Freeman","Whilst in London, England for the British Prime Minister's funeral, Mike Banning is caught up in a terrorist plot to assassinate all the attending world leaders in one strike.","English, Italian, French, Japanese","United States, United Kingdom, Bulgaria, India",1 win & 2 nominations total,https://m.media-amazon.com/images/M/MV5BMTY1ODY2MTgwM15BMl5BanBnXkFtZTgwOTY3Nzc3NzE@._V1_SX300.jpg,"[{'Source': 'Internet Movie Database', 'Value': '5.9/10'}, {'Source': 'Rotten Tomatoes', 'Value': '28%'}, {'Source': 'Metacritic', 'Value': '28/100'}]",28,5.9,"177,401",tt3300542,movie,N/A,"$62,524,260",N/A,N/A,
True,,Flowers,Flowers,2016–2018,TV-14,05 May 2016,30 min,"Comedy, Drama",N/A,Will Sharpe,"Sophia Di Martino, Olivia Colman, Julian Barratt",Dark comedy about the eccentric members of the Flowers family. Maurice and Deborah are barely together but yet to divorce. They live with Maurice's batty mother and their maladjusted twin children.,English,United Kingdom,Nominated for 1 BAFTA Award3 wins & 8 nominations total,https://m.media-amazon.com/images/M/MV5BMDE4NGU2MDgtYTU5YS00NjljLWE4NDgtOTg5NjI2ZDc5MTYyXkEyXkFqcGc@._V1_SX300.jpg,"[{'Source': 'Internet Movie Database', 'Value': '8.0/10'}]",N/A,8.0,"6,875",tt5619658,series,,,,,2
True,,A Silent Voice: The Movie,A Silent Voice: The Movie,2016,Not Rated,17 Sep 2016,130 min,"Animation, Drama",Naoko Yamada,"Yoshitoki Ôima, Reiko Yoshida","Miyu Irino, Saori Hayami, Aoi Yûki","A deaf girl, Shoko, is bullied by the popular Shoya. As Shoya continues to bully Shoko, the class turns its back on him. Shoko transfers and Shoya grows up as an outcast. Alone and depressed, the regretful Shoya finds Shoko to mak...","Japanese, Japanese Sign , English",Japan,6 wins & 9 nominations total,https://m.media-amazon.com/images/M/MV5BOTFiNzRiOWEtYTQwNy00NmRiLWE0ZWYtNTE0YjExZjFmZjkwXkEyXkFqcGc@._V1_SX300.jpg,"[{'Source': 'Internet Movie Database', 'Value': '8.1/10'}, {'Source': 'Metacritic', 'Value': '78/100'}]",78,8.1,"122,060",tt5323662,movie,N/A,"$1,079,689",N/A,N/A,
True,,Versailles,Versailles,2015–2018,TV-MA,01 Oct 2016,1 min,"Biography, Drama, History",N/A,"Simon Mirren, David Wolstencroft","George Blagden, Alexander Vlahos, Tygh Runyan","In 1667, 28-year-old all-powerful king of France, Louis XIV, decides to build the greatest palace in the world - Versailles. But drained budget, affairs and political intrigues complicate things.","Latin, French, English, Spanish","France, Canada",1 win & 4 nominations total,https://m.media-amazon.com/images/M/MV5BYjYzODA3YTktYTZiNS00OGM3LTg4OTEtODI1YTdjZmI1OWZiXkEyXkFqcGc@._V1_SX300.jpg,"[{'Source': 'Internet Movie Database', 'Value': '7.9/10'}]",N/A,7.9,"19,434",tt3830558,series,,,,,3
True,,Good Witch,Good Witch,2015–2021,TV-PG,28 Feb 2015,35S min,"Comedy, Drama, Fantasy",N/A,"Craig Pryce, Sue Tenney","Catherine Bell, Catherine Disher, James Denton","""Good Witch"" will take viewers on a new magical journey with Cassie Nightingale and her daughter Grace. When Dr. Sam Radford moves in next door to Grey House with his son, they are charmed by the 'magical' mother-daughter duo.",English,"Canada, United States",1 win & 3 nominations total,https://m.media-amazon.com/images/M/MV5BOTY5N2MzNGYtOGYxNy00MjM2LWI0N2MtODQxMzNkY2FjY2Q2XkEyXkFqcGc@._V1_SX300.jpg,"[{'Source': 'Internet Movie Database', 'Value': '7.3/10'}]",N/A,7.3,"13,434",tt3906732,series,,,,,7
True,,Kung Fu Panda 3,Kung Fu Panda 3,2016,PG,29 Jan 2016,95 min,"Animation, Action, Adventure","Alessandro Carloni, Jennifer Yuh Nelson","Jonathan Aibel, Glenn Berger, Ethan Reiff","Jack Black, Bryan Cranston, Dustin Hoffman","Continuing his ""legendary adventures of awesomeness"", Po must face two hugely epic, but different threats: one supernatural and the other a little closer to home.",English,"United States, China",1 win & 10 nominations total,https://m.media-amazon.com/images/M/MV5BMTUyNzgxNjg2M15BMl5BanBnXkFtZTgwMTY1NDI1NjE@._V1_SX300.jpg,"[{'Source': 'Internet Movie Database', 'Value': '7.1/10'}, {'Source': 'Rotten Tomatoes', 'Value': '87%'}, {'Source': 'Metacritic', 'Value': '66/100'}]",66,7.1,"208,416",tt2267968,movie,N/A,"$143,528,619",N/A,N/A,
True,,Hush,Hush,2016,R,08 Apr 2016,82 min,"Horror, Thriller",Mike Flanagan,"Mike Flanagan, Kate Siegel","John Gallagher Jr., Kate Siegel, Michael Trucco",A deaf and mute writer who retreated into the woods to live a solitary life must fight for her life in silence when a masked killer appears at her window.,"English, American Sign ",United States,2 wins & 7 nominations total,https://m.media-amazon.com/images/M/MV5BZjQ0YTU4OTQtMTU3Zi00OTdlLTkzN2EtZjlmOTZhNjIwN2VkXkEyXkFqcGc@._V1_SX300.jpg,"[{'Source': 'Internet Movie Database', 'Value': '6.6/10'}, {'Source': 'Rotten Tomatoes', 'Value': '91%'}, {'Source': 'Metacritic', 'Value': '67/100'}]",67,6.6,"165,156",tt5022702,movie,N/A,N/A,N/A,N/A,
True,,Glitch,Glitch,2015–2019,TV-MA,15 Oct 2016,3 min,"Drama, Horror, Sci-Fi",N/A,"Tony Ayres, Louise Fox","Patrick Brammall, Emma Booth, Sean Keenan",Seven people return from the dead with no memory and attempt to unveil what brought them to the grave in the first place.,"English, Italian",Australia,5 wins & 11 nominations total,https://m.media-amazon.com/images/M/MV5BZWRjOTYyM2UtZWViZS00YjYzLWE2N2UtMWM0NjNkMzAxMTFjXkEyXkFqcGc@._V1_SX300.jpg,"[{'Source': 'Internet Movie Database', 'Value': '7.2/10'}]",N/A,7.2,"22,481",tt4192782,series,,,,,3
True,,Mr. Right,Mr. Right,2015,R,08 Apr 2016,95 min,"Action, Comedy, Crime",Paco Cabezas,Max Landis,"Anna Kendrick, Sam Rockwell, Tim Roth","A girl falls for the ""perfect"" guy, who happens to have a very fatal flaw: he's a hitman on the run from the crime cartels who employ him.",English,United States,2 nominations total,https://m.media-amazon.com/images/M/MV5BOTcxNjUyOTMwOV5BMl5BanBnXkFtZTgwMzUxMDk4NzE@._V1_SX300.jpg,"[{'Source': 'Internet Movie Database', 'Value': '6.3/10'}, {'Source': 'Rotten Tomatoes', 'Value': '44%'}, {'Source': 'Metacritic', 'Value': '52/100'}]",52,6.3,"64,507",tt2091935,movie,04 Oct 2016,"$34,694","Circle of Confusion, 3311 Productions, Amasia Entertainment",N/A,
True,,The Boy,The Boy,2016,PG-13,22 Jan 2016,97 min,"Horror, Mystery, Thriller",William Brent Bell,Stacey Menear,"Lauren Cohan, Rupert Evans, James Russell","An American nanny is shocked that her new English family's boy is actually a life-sized doll. After she violates a list of strict rules, disturbing events make her believe that the doll is really alive.",English,"United States, Canada, China",6 nominations total,https://m.media-amazon.com/images/M/MV5BMTc1MjcxNzcwMV5BMl5BanBnXkFtZTgwMTE0NTE2NzE@._V1_SX300.jpg,"[{'Source': 'Internet Movie Database', 'Value': '6.0/10'}, {'Source': 'Rotten Tomatoes', 'Value': '31%'}, {'Source': 'Metacritic', 'Value': '42/100'}]",42,6.0,"105,878",tt3882082,movie,N/A,"$35,819,556",N/A,N/A,
True,,Wet Hot American Summer: First Day of Camp,Wet Hot American Summer: First Day of Camp,2015,TV-MA,31 Jul 2015,30 min,Comedy,N/A,"Michael Showalter, David Wain","Marguerite Moreau, Zak Orth, Paul Rudd",Follows the counselors and campers on their first day at Camp Firewood in the summer of 1981.,English,United States,6 nominations total,https://m.media-amazon.com/images/M/MV5BMTc5MDM1Njg2Nl5BMl5BanBnXkFtZTgwODE1MjUxNjE@._V1_SX300.jpg,"[{'Source': 'Internet Movie Database', 'Value': '7.3/10'}]",N/A,7.3,"25,823",tt4341500,series,,,,,1
True,,Frontier,Frontier,2016–2018,TV-MA,20 Jan 2017,60 min,"Adventure, Drama, History",N/A,"Rob Blackie, Peter Blackie","Jason Momoa, Landon Liboiron, Zoe Boyle","Follows Declan Harp, a half-Irish/half Cree Native-Canadian outlaw who is campaigning to breach the Hudson's Bay Company's monopoly on the fur trade in Canada.","English, Cree, Portuguese",Canada,19 nominations total,https://m.media-amazon.com/images/M/MV5BMjkyNGE5N2EtMmRiMy00NjQyLTg5NGItZDgxMzViYWYxYzg4XkEyXkFqcGc@._V1_SX300.jpg,"[{'Source': 'Internet Movie Database', 'Value': '7.1/10'}]",N/A,7.1,"25,587",tt4686698,series,,,,,3
True,,PJ Masks,PJ Masks,2015–2025,TV-Y,18 Sep 2015,24 min,"Animation, Action, Adventure",N/A,N/A,"Addison Holley, Juan Luis Bonilla, Kyle Breitkopf","When young friends Connor, Amaya, and Greg put on their pajamas and activate their animal amulets, they turn into their alter egos: Catboy, Owlette, and Gekko as they embark on adventures that are filled with action.","French, English, Spanish","France, United Kingdom, Canada, United States",2 wins & 6 nominations total,https://m.media-amazon.com/images/M/MV5BMTdiZjExMDgtNDA4Zi00ZDE0LTkzNWEtMmJiZTA3MzdkNDRkXkEyXkFqcGc@._V1_SX300.jpg,"[{'Source': 'Internet Movie Database', 'Value': '5.3/10'}]",N/A,5.3,"1,728",tt4148744,series,,,,,7
True,,Love,Love,2015,TV-MA,30 Oct 2015,135 min,"Drama, Romance",Gaspar Noé,Gaspar Noé,"Aomi Muyock, Karl Glusman, Klara Kristin","Murphy is an American living in Paris who enters a highly sexually and emotionally charged relationship with Electra. Unaware of the effect it will have on their relationship, they invite their pretty neighbor into their bed.","English, French","France, Belgium, Brazil",2 wins & 1 nomination total,https://m.media-amazon.com/images/M/MV5BNDg1MTg0ZDgtZTM5Ny00OTFmLWE1OWItNTAzZDgxOWU1YTA2XkEyXkFqcGc@._V1_SX300.jpg,"[{'Source': 'Internet Movie Database', 'Value': '6.1/10'}, {'Source': 'Rotten Tomatoes', 'Value': '42%'}, {'Source': 'Metacritic', 'Value': '51/100'}]",51,6.1,"71,987",tt3774694,movie,N/A,"$249,083",N/A,N/A,
True,,Servant of the People,Servant of the People,2015–2019,TV-MA,16 May 2022,1 min,Comedy,N/A,N/A,"Volodymyr Zelenskyy, Stanislav Boklan, Viktor Saraykin","After a Ukrainian high-school teacher's tirade against government corruption goes viral on social media, he finds himself elected the country's new president.","Russian, Ukrainian",Ukraine,2 wins & 3 nominations total,https://m.media-amazon.com/images/M/MV5BYjRiYzM3ZDEtMTExNC00YWQwLTg5N2MtZDE3NmM4NDk0ZThmXkEyXkFqcGc@._V1_SX300.jpg,"[{'Source': 'Internet Movie Database', 'Value': '7.3/10'}]",N/A,7.3,"4,751",tt6235122,series,,,,,2
True,,Zoo,Zoo,2015–2017,TV-14,30 Jun 2015,42 min,"Action, Adventure, Crime",N/A,"Josh Appelbaum, André Nemec, Jeff Pinkner","James Wolk, Kristen Connolly, Nonso Anozie",A team comes together and searches to find out what's causing a rash of violent animal attacks.,English,United States,N/A,https://m.media-amazon.com/images/M/MV5BNjgwNDU4ZTAtYjA1OS00MzFkLWJkOTYtMzJiYzg5ZTA2NDg1XkEyXkFqcGc@._V1_SX300.jpg,"[{'Source': 'Internet Movie Database', 'Value': '6.7/10'}]",N/A,6.7,"26,664",tt3250026,series,,,,,3
True,,Crashing,Crashing,2016,TV-MA,01 Sep 2016,41S min,Comedy,N/A,Phoebe Waller-Bridge,"Phoebe Waller-Bridge, Jonathan Bailey, Julie Dray","A comedy series following the lives of six 20- and 30-somethings living together as property guardians of a large, disused hospital.",English,United Kingdom,Nominated for 1 BAFTA Award2 nominations total,https://m.media-amazon.com/images/M/MV5BOTQ0MDFjNWYtMThlNy00Yzk5LWI1MmMtZTdmZjY1MDRiZTZjXkEyXkFqcGc@._V1_SX300.jpg,"[{'Source': 'Internet Movie Database', 'Value': '7.6/10'}]",N/A,7.6,"27,950",tt5295524,series,,,,,1
True,,Steve Jobs,Steve Jobs,2015,R,23 Oct 2015,122 min,"Biography, Drama",Danny Boyle,"Aaron Sorkin, Walter Isaacson","Michael Fassbender, Kate Winslet, Seth Rogen","Steve Jobs takes us behind the scenes of the digital revolution, to paint a portrait of the man at its epicenter. The story unfolds backstage at three iconic product launches, ending in 1998 with the unveiling of the iMac.","English, Ukrainian","United Kingdom, Japan, United States",Nominated for 2 Oscars. 28 wins & 117 nominations total,https://m.media-amazon.com/images/M/MV5BMjE0NTA2MTEwOV5BMl5BanBnXkFtZTgwNzg4NzU2NjE@._V1_SX300.jpg,"[{'Source': 'Internet Movie Database', 'Value': '7.2/10'}, {'Source': 'Rotten Tomatoes', 'Value': '85%'}, {'Source': 'Metacritic', 'Value': '82/100'}]",82,7.2,"184,236",tt2080374,movie,N/A,"$17,766,658",N/A,N/A,
True,,The Conjuring 2,The Conjuring 2,2016,R,10 Jun 2016,134 min,"Horror, Mystery, Thriller",James Wan,"Chad Hayes, Carey W. Hayes, James Wan","Vera Farmiga, Patrick Wilson, Madison Wolfe",Ed and Lorraine Warren travel to North London to help a single mother raising four children alone in a house plagued by a supernatural spirit.,English,"Canada, United States, United Kingdom",4 wins & 13 nominations total,https://m.media-amazon.com/images/M/MV5BOTRkMDlmZWEtMzQyYy00YzgyLTgwM2QtNzgxYmIwNGVlYmJlXkEyXkFqcGc@._V1_SX300.jpg,"[{'Source': 'Internet Movie Database', 'Value': '7.3/10'}, {'Source': 'Rotten Tomatoes', 'Value': '80%'}, {'Source': 'Metacritic', 'Value': '65/100'}]",65,7.3,"326,018",tt3065204,movie,N/A,"$102,516,140",N/A,N/A,
True,,The Disastrous Life of Saiki K.,The Disastrous Life of Saiki K.,2016–2018,TV-14,07 Aug 2016,24 min,"Animation, Comedy, Fantasy",N/A,Shûichi Asô,"Hiroshi Kamiya, Daisuke Ono, Nobunaga Shimazaki","Saiki Kusuo is a powerful psychic who hates attracting attention, yet he is surrounded by colorful characters who always find a way to remove him from his everyday life.","Japanese, English, Cantonese",Japan,1 win & 3 nominations total,https://m.media-amazon.com/images/M/MV5BMzJhYWEyMWUtZDYwNS00NTU4LTgwODItYjBlNzEwMTc5MTc2XkEyXkFqcGc@._V1_SX300.jpg,"[{'Source': 'Internet Movie Database', 'Value': '8.3/10'}]",N/A,8.3,"13,947",tt6354518,series,,,,,3
True,,Home,Home,2015,PG,27 Mar 2015,94 min,"Animation, Adventure, Comedy",Tim Johnson,"Tom J. Astle, Matt Ember, Adam Rex","Jim Parsons, Rihanna, Steve Martin","Oh, a lovable misfit alien, runs away from his planet and takes shelter on Earth, where he befriends Tip, an adventurous young girl who is on a quest to find her displaced mother Lucy.","English, French","United States, India",3 wins & 10 nominations total,https://m.media-amazon.com/images/M/MV5BMjExOTQ4MDMyMV5BMl5BanBnXkFtZTgwMTE3NDM2MzE@._V1_SX300.jpg,"[{'Source': 'Internet Movie Database', 'Value': '6.5/10'}, {'Source': 'Rotten Tomatoes', 'Value': '53%'}, {'Source': 'Metacritic', 'Value': '55/100'}]",55,6.5,"117,238",tt2224026,movie,N/A,"$177,397,510",N/A,N/A,
True,,Chappie,Chappie,2015,R,06 Mar 2015,120 min,"Action, Crime, Drama",Neill Blomkamp,"Neill Blomkamp, Terri Tatchell","Sharlto Copley, Dev Patel, Hugh Jackman","In the near future, crime is patrolled by a mechanized police force. When one police droid, Chappie, is stolen and given new programming, he becomes the first robot with the ability to think and feel for himself.",English,"United States, South Africa, Mexico",3 nominations total,https://m.media-amazon.com/images/M/MV5BMTUyNTI4NTIwNl5BMl5BanBnXkFtZTgwMjQ4MTI0NDE@._V1_SX300.jpg,"[{'Source': 'Internet Movie Database', 'Value': '6.8/10'}, {'Source': 'Rotten Tomatoes', 'Value': '32%'}, {'Source': 'Metacritic', 'Value': '41/100'}]",41,6.8,"279,076",tt1823672,movie,N/A,"$31,569,268",N/A,N/A,
True,,Gantz:O,Gantz: O,2016,N/A,04 Apr 2017,95 min,"Animation, Action, Drama","Yasushi Kawamura, Kei'ichi Sato","Hiroya Oku, Tsutomu Kuroiwa","Daisuke Ono, Mao Ichimichi, Tomohiro Kaku","After being brutally murdered in a subway station, a teen boy awakens to find himself resurrected by a strange computer named Gantz, and forced to fight a large force of invading aliens in Osaka.",Japanese,Japan,N/A,https://m.media-amazon.com/images/M/MV5BODEyYTI4MzItZjc3ZS00NzYzLWI3YWMtNmRjYWExYWIzZjQxXkEyXkFqcGc@._V1_SX300.jpg,"[{'Source': 'Internet Movie Database', 'Value': '7.1/10'}]",N/A,7.1,"17,076",tt5923962,movie,N/A,N/A,N/A,N/A,
True,,BUNK'D,Bunk'd,2015–2024,TV-G,31 Jul 2015,17S min,"Comedy, Drama, Family",N/A,Pamela Eells,"Miranda May, Mallory James Mahoney, Israel Johnson","Emma, Ravi, and Zuri Ross head off to the rustic summer camp in Maine where their parents met as teens. With their new friends, a love triangle, and the fears of the camp, they settle into their exciting, challenging new lives.",English,United States,4 wins & 30 nominations total,https://m.media-amazon.com/images/M/MV5BYWEwZWZmMGItYjAzZi00ODFiLTk1YWQtNTVkMDNmYWY5MDg5XkEyXkFqcGc@._V1_SX300.jpg,"[{'Source': 'Internet Movie Database', 'Value': '5.5/10'}]",N/A,5.5,"4,642",tt4591680,series,,,,,7
True,,In a Valley of Violence,In a Valley of Violence,2016,R,21 Oct 2016,104 min,"Action, Western",Ti West,Ti West,"Ethan Hawke, John Travolta, Taissa Farmiga",A mysterious stranger and a random act of violence drag a town of misfits and nitwits into the bloody crosshairs of revenge.,English,United States,N/A,https://m.media-amazon.com/images/M/MV5BMTUxMjExOTA2OF5BMl5BanBnXkFtZTgwMzI3NTgxMDI@._V1_SX300.jpg,"[{'Source': 'Internet Movie Database', 'Value': '6.1/10'}, {'Source': 'Rotten Tomatoes', 'Value': '78%'}, {'Source': 'Metacritic', 'Value': '64/100'}]",64,6.1,"21,600",tt3608930,movie,N/A,"$61,797",N/A,N/A,
True,,A Monster Calls,A Monster Calls,2016,PG-13,06 Jan 2017,108 min,"Adventure, Drama, Family",J.A. Bayona,"Patrick Ness, Siobhan Dowd","Lewis MacDougall, Sigourney Weaver, Felicity Jones","Conor, a twelve-year-old boy, encounters an ancient tree monster who proceeds to help him cope with his mother's terminal illness and being bullied in school.",English,"United States, Spain, United Kingdom",39 wins & 57 nominations total,https://m.media-amazon.com/images/M/MV5BMTg1OTA5OTkyNV5BMl5BanBnXkFtZTgwODMwNDU5OTE@._V1_SX300.jpg,"[{'Source': 'Internet Movie Database', 'Value': '7.4/10'}, {'Source': 'Rotten Tomatoes', 'Value': '86%'}, {'Source': 'Metacritic', 'Value': '76/100'}]",76,7.4,"97,272",tt3416532,movie,N/A,"$3,740,823",N/A,N/A,
True,,Van Helsing,Van Helsing,2004,PG-13,07 May 2004,131 min,"Action, Adventure, Fantasy",Stephen Sommers,Stephen Sommers,"Hugh Jackman, Kate Beckinsale, Richard Roxburgh","The famed monster hunter is sent to Transylvania to stop Count Dracula, who is using Dr. Frankenstein's research and a werewolf for nefarious purposes.","English, Latin, French","Czech Republic, United States",3 wins & 21 nominations total,https://m.media-amazon.com/images/M/MV5BNDk3NTdlYzQtMjhiMy00MWJkLWFjNDctMzE4ZGEwZWExNGViXkEyXkFqcGc@._V1_SX300.jpg,"[{'Source': 'Internet Movie Database', 'Value': '6.1/10'}, {'Source': 'Metacritic', 'Value': '35/100'}]",35,6.1,"299,739",tt0338526,movie,N/A,"$120,177,084",N/A,N/A,
True,,Quantico,Quantico,2015–2018,TV-14,27 Sep 2015,3 min,"Crime, Drama, Mystery",N/A,Joshua Safran,"Priyanka Chopra Jonas, Jake McLaughlin, Johanna Braddy",A look at the lives of young FBI recruits training at the Quantico base in Virginia when one of them is suspected of being a sleeper terrorist.,English,United States,2 wins & 7 nominations total,https://m.media-amazon.com/images/M/MV5BMTkxNTg3MTc0Ml5BMl5BanBnXkFtZTgwMzYxNDIyNTM@._V1_SX300.jpg,"[{'Source': 'Internet Movie Database', 'Value': '6.7/10'}]",N/A,6.7,"65,193",tt4428122,series,,,,,3
True,,Loving,Loving,2016,PG-13,04 Nov 2016,123 min,"Biography, Drama, Romance",Jeff Nichols,"Jeff Nichols, Nancy Buirski","Ruth Negga, Joel Edgerton, Will Dalton","The story of Richard and Mildred Loving, a couple whose arrest for interracial marriage in 1960s Virginia began a legal battle that would end with the Supreme Court's historic 1967 decision.",English,"United Kingdom, United States",Nominated for 1 Oscar. 25 wins & 91 nominations total,https://m.media-amazon.com/images/M/MV5BMjE4NTI3NjIzOF5BMl5BanBnXkFtZTgwNjI0NTI5ODE@._V1_SX300.jpg,"[{'Source': 'Internet Movie Database', 'Value': '7.0/10'}, {'Source': 'Rotten Tomatoes', 'Value': '88%'}, {'Source': 'Metacritic', 'Value': '79/100'}]",79,7.0,"38,117",tt4669986,movie,N/A,"$7,751,969",N/A,N/A,
True,,ERASED,Erased,2016,TV-14,08 Jan 2016,264 min,"Animation, Crime, Drama",N/A,N/A,"Shinnosuke Mitsushima, Tao Tsuchiya, Minami Takayama","29-year-old Satoru Fujinuma is sent back in time 18 years to prevent the events leading to his mother's death, which began with a series of kidnappings while he was in 5th grade.","Japanese, English",Japan,9 wins & 15 nominations total,https://m.media-amazon.com/images/M/MV5BZWQ2YmI5NWMtZTY2Mi00MGUxLWFhMmEtYjVjZjMwOTNkOThjXkEyXkFqcGc@._V1_SX300.jpg,"[{'Source': 'Internet Movie Database', 'Value': '8.4/10'}]",N/A,8.4,"67,795",tt5249462,series,,,,,1
True,,The Danish Girl,The Danish Girl,2015,R,22 Jan 2016,119 min,"Biography, Drama",Tom Hooper,"Lucinda Coxon, David Ebershoff","Eddie Redmayne, Alicia Vikander, Amber Heard",A love story loosely inspired by the lives of Danish artists Lili Elbe and Gerda Wegener. Lili and Gerda's marriage and work evolve as they navigate Lili's groundbreaking journey as a transgender pioneer.,"English, French, German, Ukrainian","United Kingdom, United States, Germany, Denmark, Belgium, Japan",Won 1 Oscar. 32 wins & 82 nominations total,https://m.media-amazon.com/images/M/MV5BMjA0NjA4NjE2Nl5BMl5BanBnXkFtZTgwNzIxNTY2NjE@._V1_SX300.jpg,"[{'Source': 'Internet Movie Database', 'Value': '7.1/10'}, {'Source': 'Rotten Tomatoes', 'Value': '66%'}, {'Source': 'Metacritic', 'Value': '66/100'}]",66,7.1,"204,119",tt0810819,movie,N/A,"$11,114,018",N/A,N/A,
True,,F is for Family,F Is for Family,2015–2021,TV-MA,18 Dec 2015,30 min,"Animation, Comedy, Drama",N/A,"Bill Burr, Michael Price","Bill Burr, Laura Dern, Justin Long","Follow the Murphy family back to the 1970s, when kids roamed wild, beer flowed freely and nothing came between a man and his TV.",English,"France, Canada, United States",Nominated for 2 Primetime Emmys. 4 nominations total,https://m.media-amazon.com/images/M/MV5BMTI1YTZiMTItOGM1NC00ZTAzLTk2MTgtMmVmYjQ5NWRhNDk0XkEyXkFqcGc@._V1_SX300.jpg,"[{'Source': 'Internet Movie Database', 'Value': '8.0/10'}]",N/A,8.0,"43,465",tt4326894,series,,,,,5
True,,Master of None,Master of None,2015–2021,TV-MA,06 Nov 2015,1 min,"Comedy, Drama",N/A,"Aziz Ansari, Alan Yang","Aziz Ansari, Eric Wareheim, Lena Waithe","The personal and professional life of Dev, a 30-year-old actor in New York.",English,United States,Won 3 Primetime Emmys. 21 wins & 76 nominations total,https://m.media-amazon.com/images/M/MV5BMjI1MDgyMTMwMF5BMl5BanBnXkFtZTgwMDU5MzAxNzE@._V1_SX300.jpg,"[{'Source': 'Internet Movie Database', 'Value': '8.2/10'}]",N/A,8.2,"77,949",tt4635276,series,,,,,3
True,,Hap and Leonard,Hap and Leonard,2016–2018,TV-MA,02 Mar 2016,21S min,"Crime, Drama, Mystery",N/A,"Nick Damici, Jim Mickle","James Purefoy, Michael Kenneth Williams, Tiffany Mack","Set in the late 1980s, Hap and Leonard is a darkly comic swamp noir of two best friends, one femme fatale, a crew of washed up revolutionaries, a pair of murderous psycho killers, some lost loot, and the fuzz.",English,United States,3 nominations total,https://m.media-amazon.com/images/M/MV5BMzkyNDg0NDY4OV5BMl5BanBnXkFtZTgwOTU5Njg4NDM@._V1_SX300.jpg,"[{'Source': 'Internet Movie Database', 'Value': '7.6/10'}]",N/A,7.6,"8,571",tt3729898,series,,,,,3
True,,Easy,Easy,2016–2019,TV-MA,22 Sep 2016,1 min,Comedy,N/A,Joe Swanberg,"Michael Chernus, Jane Adams, Elizabeth Reaser","Intertwined groups of friends in Chicago fumble through the modern maze of love, sex, technology and culture.",English,United States,1 win & 4 nominations total,https://m.media-amazon.com/images/M/MV5BMjA3MTAyNzUyNF5BMl5BanBnXkFtZTgwNDk4NzgwMDI@._V1_SX300.jpg,"[{'Source': 'Internet Movie Database', 'Value': '6.9/10'}]",N/A,6.9,"15,835",tt5562056,series,,,,,3
True,,Occupied,Occupied,2011,Not Rated,N/A,88 min,Thriller,Mollie Binkley,Mollie Binkley,"Liza Binkley, Liza Bock, Lucy Bock","A psychological thriller isolated in the redwoods above Silicon Valley. When free spirit Sarah, 21, goes to babysit her young cousin, it becomes apparent that the dangers that lurk outside the cabin pale in comparison to the peril...",English,"United States, Canada, United Kingdom",N/A,https://m.media-amazon.com/images/M/MV5BMTQ3NjkzNjQyMV5BMl5BanBnXkFtZTgwMTQ4NTA2MDE@._V1_SX300.jpg,"[{'Source': 'Internet Movie Database', 'Value': '3.2/10'}]",N/A,3.2,153,tt1924334,movie,N/A,N/A,N/A,N/A,
True,,Under the Shadow,Under the Shadow,2016,PG-13,07 Oct 2016,84 min,"Drama, Fantasy, Horror",Babak Anvari,Babak Anvari,"Bobby Naderi, Narges Rashidi, Mia Sinclair Jenness","As a mother and daughter struggle to cope with the terrors of the post-revolution, war-torn Tehran of the 1980s, a mysterious evil begins to haunt their home.",Persian,"United Kingdom, Jordan, Qatar, Iran",Won 1 BAFTA Award21 wins & 23 nominations total,https://m.media-amazon.com/images/M/MV5BMjIwMjQwMDU2OV5BMl5BanBnXkFtZTgwNzMwMDg2OTE@._V1_SX300.jpg,"[{'Source': 'Internet Movie Database', 'Value': '6.8/10'}, {'Source': 'Rotten Tomatoes', 'Value': '99%'}, {'Source': 'Metacritic', 'Value': '83/100'}]",83,6.8,"31,545",tt4273292,movie,N/A,"$31,900",N/A,N/A,
True,,3%,Toy Story 3,2010,G,18 Jun 2010,103 min,"Animation, Adventure, Comedy",Lee Unkrich,"John Lasseter, Andrew Stanton, Lee Unkrich","Tom Hanks, Tim Allen, Joan Cusack","The toys are mistakenly delivered to a day-care center instead of the attic right before Andy leaves for college, and it's up to Woody to convince the other toys that they weren't abandoned and to return home.","English, Spanish","United States, Australia",Won 2 Oscars. 63 wins & 96 nominations total,https://m.media-amazon.com/images/M/MV5BMTgxOTY4Mjc0MF5BMl5BanBnXkFtZTcwNTA4MDQyMw@@._V1_SX300.jpg,"[{'Source': 'Internet Movie Database', 'Value': '8.3/10'}, {'Source': 'Rotten Tomatoes', 'Value': '98%'}, {'Source': 'Metacritic', 'Value': '92/100'}]",92,8.3,"946,047",tt0435761,movie,N/A,"$415,004,880",N/A,N/A,
True,,The Ranch,The Ranch,2016–2020,TV-MA,01 Apr 2016,30 min,"Comedy, Western",N/A,"Jim Patterson, Don Reo","Ashton Kutcher, Sam Elliott, Grady Lee Richmond",The son of a Colorado rancher returns home from a semi-pro football career to run the family business.,English,United States,Won 3 Primetime Emmys. 3 wins & 5 nominations total,https://m.media-amazon.com/images/M/MV5BMTYxOTU5ODE0OV5BMl5BanBnXkFtZTgwNzM0MzQ1MDI@._V1_SX300.jpg,"[{'Source': 'Internet Movie Database', 'Value': '7.5/10'}]",N/A,7.5,"44,466",tt4998212,series,,,,,4
True,,The DUFF,The DUFF,2015,PG-13,20 Feb 2015,101 min,"Comedy, Romance",Ari Sandel,"Josh A. Cagan, Kody Keplinger","Mae Whitman, Bella Thorne, Robbie Amell","A high school senior instigates a social pecking order revolution after finding out that she has been labeled the DUFF - Designated Ugly Fat Friend - by her prettier, more popular counterparts.","English, Spanish",United States,1 win & 8 nominations total,https://m.media-amazon.com/images/M/MV5BMTc3OTg3MDUwN15BMl5BanBnXkFtZTgwMTAwMTkxNDE@._V1_SX300.jpg,"[{'Source': 'Internet Movie Database', 'Value': '6.4/10'}, {'Source': 'Rotten Tomatoes', 'Value': '73%'}, {'Source': 'Metacritic', 'Value': '56/100'}]",56,6.4,"105,568",tt1666801,movie,N/A,"$34,030,343",N/A,N/A,
True,,Bordertown,Bordertown,2016–2020,TV-MA,31 Mar 2017,2 min,"Crime, Drama, Mystery",N/A,Miikko Oikkonen,"Ville Virtanen, Matleena Kuusniemi, Anu Sinisalo","Quirky police detective, in Finland, delves into his memory palace to solve despicable crimes all the while trying to keep his family together. If Sherlock was based in Finland this would be it.","Finnish, Russian, English","Finland, France",3 wins total,https://m.media-amazon.com/images/M/MV5BNjU2NzM3YjEtYTg2MC00NDMzLWFiODItNWEwNDZjNTRlMzMzXkEyXkFqcGc@._V1_SX300.jpg,"[{'Source': 'Internet Movie Database', 'Value': '7.6/10'}]",N/A,7.6,"12,695",tt4937942,series,,,,,3
True,,Unfriended,Unfriended,2014,R,17 Apr 2015,83 min,"Horror, Mystery, Thriller",Levan Gabriadze,Nelson Greaves,"Heather Sossaman, Matthew Bohrer, Courtney Halverson","A group of online chatroom friends find themselves haunted by a mysterious, supernatural force using the account of their dead friend.",English,"Russia, United States",3 wins & 6 nominations total,https://m.media-amazon.com/images/M/MV5BMWEzOGU0OTktODU2My00YmYxLTliYjItOTkzMWRhMjMyZGNiXkEyXkFqcGc@._V1_SX300.jpg,"[{'Source': 'Internet Movie Database', 'Value': '5.6/10'}, {'Source': 'Rotten Tomatoes', 'Value': '62%'}, {'Source': 'Metacritic', 'Value': '59/100'}]",59,5.6,"85,441",tt3713166,movie,N/A,"$32,482,090",N/A,N/A,
True,,Closet Monster,Closet Monster,2015,Not Rated,27 May 2016,90 min,"Drama, Fantasy, Mystery",Stephen Dunn,"Stephen Dunn, Don McKellar","Aaron Abrams, Jack Fulton, Joanne Kelly",A creative and driven teenager is desperate to escape his hometown and the haunting memories of his turbulent childhood.,English,Canada,10 wins & 10 nominations,https://m.media-amazon.com/images/M/MV5BMTg5MTM3ODMxOF5BMl5BanBnXkFtZTgwNzg3NzAyOTE@._V1_SX300.jpg,"[{'Source': 'Internet Movie Database', 'Value': '7.0/10'}, {'Source': 'Rotten Tomatoes', 'Value': '83%'}, {'Source': 'Metacritic', 'Value': '81/100'}]",81,7.0,"9,367",tt3638396,movie,N/A,"$42,166",N/A,N/A,
True,,Self/less,Self/less,2015,PG-13,10 Jul 2015,117 min,"Action, Mystery, Sci-Fi",Tarsem Singh,"Àlex Pastor, David Pastor","Ryan Reynolds, Natalie Martinez, Matthew Goode","A dying real estate mogul transfers his consciousness into a healthy young body, but soon finds that neither the procedure nor the company that performed it are quite what they seem.",English,United States,N/A,https://m.media-amazon.com/images/M/MV5BMTU0MTQzNzAxMl5BMl5BanBnXkFtZTgwNjg4MjcxNjE@._V1_SX300.jpg,"[{'Source': 'Internet Movie Database', 'Value': '6.5/10'}, {'Source': 'Rotten Tomatoes', 'Value': '17%'}, {'Source': 'Metacritic', 'Value': '34/100'}]",34,6.5,"106,052",tt2140379,movie,N/A,"$12,279,691",N/A,N/A,
True,,Making a Murderer,Making a Murderer,2015–2018,TV-14,18 Dec 2015,60 min,"Documentary, Crime",N/A,N/A,"Steven Avery, Dolores Avery, Laura Nirider","Filmed over a 10-year period, Steven Avery, a DNA exoneree who, while in the midst of exposing corruption in local law enforcement, finds himself the prime suspect in a grisly new crime.",English,United States,Won 4 Primetime Emmys. 15 wins & 13 nominations total,https://m.media-amazon.com/images/M/MV5BMTg4Mjc1NjE4Ml5BMl5BanBnXkFtZTgwMjk2NjA1NjM@._V1_SX300.jpg,"[{'Source': 'Internet Movie Database', 'Value': '8.5/10'}]",N/A,8.5,"105,113",tt5189670,series,,,,,2
True,,The Fundamentals of Caring,The Fundamentals of Caring,2016,TV-MA,24 Jun 2016,97 min,"Comedy, Drama",Rob Burnett,"Rob Burnett, Jonathan Evison","Craig Roberts, Paul Rudd, Selena Gomez",A man suffering a family loss enrolls in a class about care-giving that changes his perspective on life.,English,United States,4 nominations,https://m.media-amazon.com/images/M/MV5BMTA1Mjc4ODI0NzReQTJeQWpwZ15BbWU4MDQ3MzAwMjkx._V1_SX300.jpg,"[{'Source': 'Internet Movie Database', 'Value': '7.3/10'}, {'Source': 'Rotten Tomatoes', 'Value': '80%'}, {'Source': 'Metacritic', 'Value': '55/100'}]",55,7.3,"81,560",tt2452386,movie,N/A,N/A,N/A,N/A,
True,,"Hello, My Name Is Doris","Hello, My Name Is Doris",2015,R,01 Apr 2016,90 min,"Comedy, Drama, Romance",Michael Showalter,"Laura Terruso, Michael Showalter","Sally Field, Max Greenfield, Tyne Daly",A self-help seminar inspires a sixty-something woman to romantically pursue her younger co-worker.,English,United States,3 wins & 11 nominations total,https://m.media-amazon.com/images/M/MV5BNDYwMmEwNmYtZGQwYS00ODhjLTlmMmQtM2M3NTFmODQyOTAyXkEyXkFqcGc@._V1_SX300.jpg,"[{'Source': 'Internet Movie Database', 'Value': '6.6/10'}, {'Source': 'Rotten Tomatoes', 'Value': '86%'}, {'Source': 'Metacritic', 'Value': '63/100'}]",63,6.6,"22,780",tt3766394,movie,N/A,"$14,444,999",N/A,N/A,
True,,Spectral,Spectral,2016,PG-13,09 Dec 2016,107 min,"Action, Adventure, Sci-Fi",Nic Mathieu,"Ian Fried, Nic Mathieu, George Nolfi","James Badge Dale, Emily Mortimer, Bruce Greenwood",A sci-fi/thriller story centered on a special-ops team that is dispatched to fight supernatural beings.,"English, Russian, Romanian, Slovenian","United States, Hungary",N/A,https://m.media-amazon.com/images/M/MV5BY2NjOWY0MGItYWJhMC00M2E5LWJkZmEtNzJkMDAwZmQ0MDU5XkEyXkFqcGc@._V1_SX300.jpg,"[{'Source': 'Internet Movie Database', 'Value': '6.3/10'}, {'Source': 'Rotten Tomatoes', 'Value': '78%'}]",N/A,6.3,"68,186",tt2106651,movie,N/A,N/A,N/A,N/A,
True,,La Casa,La casa,2024,N/A,01 May 2024,83 min,"Biography, Comedy, Drama",Álex Montoya,"Joana M. Ortueta, Álex Montoya, Paco Roca","David Verdaguer, Luis Callejo, Óscar de la Fuente","After the death of their father Antonio, his three grown children and their families gather at his modest vacation home to prepare it for sale. During their short stay, long-buried memories and secrets rise to the surface.",Spanish,Spain,9 wins & 10 nominations total,https://m.media-amazon.com/images/M/MV5BODZlYzhhMmItYTdkOS00OGZjLWFiYzYtMGFhZTRjOWRiNzMzXkEyXkFqcGc@._V1_SX300.jpg,"[{'Source': 'Internet Movie Database', 'Value': '6.9/10'}, {'Source': 'Rotten Tomatoes', 'Value': '100%'}]",N/A,6.9,939,tt8038682,movie,N/A,N/A,N/A,N/A,
True,,Other People,Other People,2016,Unrated,09 Sep 2016,97 min,"Comedy, Drama",Chris Kelly,Chris Kelly,"Jesse Plemons, Molly Shannon, Bradley Whitford","A struggling comedy writer, fresh off a breakup and in the midst of the worst year of his life, returns to Sacramento to care for his dying mother.",English,United States,3 wins & 12 nominations total,https://m.media-amazon.com/images/M/MV5BMTk2NzUzNTgyNl5BMl5BanBnXkFtZTgwNjkzODM2OTE@._V1_SX300.jpg,"[{'Source': 'Internet Movie Database', 'Value': '6.8/10'}, {'Source': 'Rotten Tomatoes', 'Value': '87%'}, {'Source': 'Metacritic', 'Value': '67/100'}]",67,6.8,"12,763",tt4158876,movie,N/A,"$91,441",N/A,N/A,
True,,Circle,Circle,2015,Not Rated,16 Oct 2015,87 min,"Drama, Horror, Mystery","Aaron Hann, Mario Miscione","Aaron Hann, Mario Miscione","Allegra Masters, Aimee McKay, Ashley Key","Held captive and faced with their imminent executions, fifty strangers are forced to choose the one person among them who deserves to live.",English,United States,1 nomination,https://m.media-amazon.com/images/M/MV5BMTg0Mjg0MjUwOF5BMl5BanBnXkFtZTgwNjk0NzQ4NzE@._V1_SX300.jpg,"[{'Source': 'Internet Movie Database', 'Value': '6.0/10'}, {'Source': 'Rotten Tomatoes', 'Value': '57%'}]",N/A,6.0,"67,831",tt3118452,movie,N/A,N/A,N/A,N/A,
True,,Fuller House,Fuller House,2016–2020,TV-G,26 Feb 2016,1 min,"Comedy, Drama, Family",N/A,Jeff Franklin,"Candace Cameron Bure, Jodie Sweetin, Dashiell Messitt","In a continuation of Full House (1987), D.J. Fuller is a recently-widowed mother of three young sons. Her sister Stephanie, her best friend Kimmy, and Kimmy's teen daughter all move in to help raise her sons. The house is now a lo...",English,United States,Nominated for 1 Primetime Emmy. 9 wins & 22 nominations total,https://m.media-amazon.com/images/M/MV5BMjAxMzU5MzA0MF5BMl5BanBnXkFtZTgwODgyOTg1MzI@._V1_SX300.jpg,"[{'Source': 'Internet Movie Database', 'Value': '6.7/10'}]",N/A,6.7,"30,149",tt3986586,series,,,,,5
True,,Secret City,Secret City,2016–2019,TV-MA,26 Jun 2018,2 min,"Mystery, Thriller",N/A,N/A,"Anna Torv, Marcus Graham, Justin Smith","Beneath the placid facade of Canberra, amidst rising tension between China and America, senior political journalist Harriet Dunkley uncovers a secret city of interlocked conspiracies, putting innocent lives in danger including her...","English, Mandarin",Australia,4 wins & 13 nominations,https://m.media-amazon.com/images/M/MV5BN2Q0OTEyM2ItNjc2NS00NjFhLWFiNWYtZDhlMzY0YjFkMmVhXkEyXkFqcGc@._V1_SX300.jpg,"[{'Source': 'Internet Movie Database', 'Value': '7.4/10'}]",N/A,7.4,"10,091",tt4976512,series,,,,,2
True,,Mobile Suit Gundam: Iron-Blooded Orphans,Mobile Suit Gundam: Iron-Blooded Orphans,2015–2017,TV-14,04 Oct 2015,24 min,"Animation, Action, Drama",N/A,"Yoshiyuki Tomino, Hajime Yatate","Bill Rogers, Adin Rudd, Landon McDonald","300 years after the Calamity War, a ragtag group of freedom fighters and an ancient Mobile Suit rise to the call for justice, once and for all.",Japanese,Japan,3 wins & 10 nominations total,https://m.media-amazon.com/images/M/MV5BNzkzZGIyYTYtMWFlMy00MjUxLWFiYTktNTY0NTRmOTJmNzFhXkEyXkFqcGc@._V1_SX300.jpg,"[{'Source': 'Internet Movie Database', 'Value': '7.9/10'}]",N/A,7.9,"2,493",tt5344382,series,,,,,2
True,,Batman: The Killing Joke,Batman: The Killing Joke,2016,TV-14,25 Jul 2016,76 min,"Animation, Action, Crime",Sam Liu,"Brian Azzarello, Brian Bolland, Bob Kane","Kevin Conroy, Mark Hamill, Tara Strong","As Batman hunts for the escaped Joker, the Clown Prince of Crime attacks the Gordon family to prove a diabolical point mirroring his own fall into madness.",English,United States,1 win & 2 nominations total,https://m.media-amazon.com/images/M/MV5BMzJiZTJmNGItYTUwNy00ZWE2LWJlMTgtZjJkNzY1OTRiNTZlXkEyXkFqcGc@._V1_SX300.jpg,"[{'Source': 'Internet Movie Database', 'Value': '6.4/10'}, {'Source': 'Rotten Tomatoes', 'Value': '35%'}]",N/A,6.4,"63,830",tt4853102,movie,N/A,"$3,775,000",N/A,N/A,
True,,Chef's Table,Chef's Table,2015–2024,TV-MA,26 Apr 2015,50 min,"Documentary, Biography",N/A,N/A,"Massimo Bottura, Niki Nakayama, Dan Barber","Chef's Table goes inside the lives and kitchens of six of the world's most renowned international chefs. Each episode focuses on a single chef and their unique look at their lives, talents and passion from their piece of culinary ...",English,United States,Nominated for 8 Primetime Emmys. 2 wins & 15 nominations total,https://m.media-amazon.com/images/M/MV5BMjE3MDQ2OTYyN15BMl5BanBnXkFtZTgwNjQ0Nzg0NzM@._V1_SX300.jpg,"[{'Source': 'Internet Movie Database', 'Value': '8.5/10'}]",N/A,8.5,"17,345",tt4295140,series,,,,,7
True,,He Never Died,He Never Died,2015,R,18 Dec 2015,99 min,"Comedy, Drama, Fantasy",Jason Krawczyk,Jason Krawczyk,"Henry Rollins, Booboo Stewart, Kate Greenhouse","Jack, a social outcast, is thrust out of his comfort zone when the outside world bangs on his door and he can't contain his violent past.",English,Canada,3 nominations total,https://m.media-amazon.com/images/M/MV5BMTQ4MzcwMzAwOV5BMl5BanBnXkFtZTgwMzk0MzgyNzE@._V1_SX300.jpg,"[{'Source': 'Internet Movie Database', 'Value': '6.3/10'}, {'Source': 'Rotten Tomatoes', 'Value': '88%'}, {'Source': 'Metacritic', 'Value': '72/100'}]",72,6.3,"22,923",tt2386404,movie,N/A,N/A,N/A,N/A,
True,,American Ultra,American Ultra,2015,R,21 Aug 2015,96 min,"Action, Comedy",Nima Nourizadeh,Max Landis,"Jesse Eisenberg, Kristen Stewart, Connie Britton",A stoner - who is in fact a government agent - is marked as a liability and targeted for extermination. But he's too well-trained and too high for them to handle.,"English, Mandarin","United States, Switzerland",N/A,https://m.media-amazon.com/images/M/MV5BMTcwMTM1NDU1Ml5BMl5BanBnXkFtZTgwNDk5MTgzNjE@._V1_SX300.jpg,"[{'Source': 'Internet Movie Database', 'Value': '6.1/10'}, {'Source': 'Rotten Tomatoes', 'Value': '43%'}, {'Source': 'Metacritic', 'Value': '50/100'}]",50,6.1,"98,692",tt3316948,movie,N/A,"$14,440,985",N/A,N/A,
True,,Locked Up,Locked Up,2015–2020,TV-MA,31 May 2019,41S min,"Crime, Drama, Thriller",N/A,"Iván Escobar, Esther Martínez Lobato, Álex Pina","Najwa Nimri, Alba Flores, María Isabel Díaz Lago","Macarena Ferreiro never thought she'd be a criminal. Now incarcerated for committing tax fraud, she's forced to adapt to a dangerous new reality.",Spanish,Spain,8 wins & 28 nominations total,https://m.media-amazon.com/images/M/MV5BMWU2ZWE4NTktMTM4Ni00OTVkLTk3ZDAtMTc2YjY1NmZmYTlkXkEyXkFqcGc@._V1_SX300.jpg,"[{'Source': 'Internet Movie Database', 'Value': '7.8/10'}]",N/A,7.8,"29,122",tt4524056,series,,,,,4
True,,Degrassi: Next Class,Degrassi: Next Class,2016–2017,TV-PG,03 Jan 2016,30 min,"Drama, Romance",N/A,"Linda Schuyler, Yan Moore","Na'ku'set Gould, Amanda Arcuri, Sara Waisglass","Degrassi: Next Class follows the lives of the students from Degrassi Community School, a fictional high school in Toronto.",English,Canada,4 wins & 28 nominations,https://m.media-amazon.com/images/M/MV5BODdjMzkxOTItNGZhOC00NTgyLWE1YzEtN2E0YTI0NDgxNzJlXkEyXkFqcGc@._V1_SX300.jpg,"[{'Source': 'Internet Movie Database', 'Value': '6.8/10'}]",N/A,6.8,"3,819",tt5320160,series,,,,,6
True,,13th,13th,2016,TV-MA,07 Oct 2016,100 min,"Documentary, Crime, History",Ava DuVernay,"Spencer Averick, Ava DuVernay","Melina Abdullah, Michelle Alexander, Cory Booker",An in-depth look at the prison system in the United States and how it reveals the nation's history of racial inequality.,English,United States,Nominated for 1 Oscar. 32 wins & 47 nominations total,https://m.media-amazon.com/images/M/MV5BMjAwMjU5NTAzOF5BMl5BanBnXkFtZTgwMjQwODQxMDI@._V1_SX300.jpg,"[{'Source': 'Internet Movie Database', 'Value': '8.2/10'}, {'Source': 'Rotten Tomatoes', 'Value': '97%'}, {'Source': 'Metacritic', 'Value': '81/100'}]",81,8.2,"38,474",tt5895028,movie,N/A,N/A,N/A,N/A,
True,,Aquarius,Aquarius,2016,Not Rated,01 Sep 2016,146 min,Drama,Kleber Mendonça Filho,Kleber Mendonça Filho,"Sonia Braga, Maeve Jinkings, Irandhir Santos","Clara, 65, lives her life to the fullest with her family and friends. A construction company wants her Recife oceanfront condo, as they've already bought all the other in the 3 story building. Clara's staying.",Portuguese,"Brazil, France",46 wins & 48 nominations,https://m.media-amazon.com/images/M/MV5BOGE4YWU1MmEtYjA3MS00MTY0LWI1MDMtMzc2NDVkYTNmZGZmXkEyXkFqcGc@._V1_SX300.jpg,"[{'Source': 'Internet Movie Database', 'Value': '7.4/10'}, {'Source': 'Rotten Tomatoes', 'Value': '97%'}, {'Source': 'Metacritic', 'Value': '88/100'}]",88,7.4,"21,005",tt5221584,movie,N/A,"$285,930",N/A,N/A,
True,,Frequency,Frequency,2000,PG-13,28 Apr 2000,118 min,"Crime, Drama, Mystery",Gregory Hoblit,Toby Emmerich,"Dennis Quaid, Jim Caviezel, Shawn Doyle","An accidental cross-time radio link connects father and son across 30 years. The son tries to save his father's life, but then must fix the consequences.",English,United States,2 wins & 8 nominations total,https://m.media-amazon.com/images/M/MV5BNzJmODljY2UtMWFkMy00YzQ5LThiZjUtNDI3NjM5NjU0ZTRjXkEyXkFqcGc@._V1_SX300.jpg,"[{'Source': 'Internet Movie Database', 'Value': '7.4/10'}, {'Source': 'Rotten Tomatoes', 'Value': '70%'}, {'Source': 'Metacritic', 'Value': '67/100'}]",67,7.4,"120,135",tt0186151,movie,N/A,"$45,010,278",N/A,N/A,
True,,Before I Wake,Before I Wake,2016,PG-13,05 Jan 2018,97 min,"Drama, Fantasy, Horror",Mike Flanagan,"Mike Flanagan, Jeff Howard","Kate Bosworth, Thomas Jane, Jacob Tremblay",A couple adopt an orphaned child whose dreams - and nightmares - manifest physically as he sleeps.,English,United States,1 nomination total,https://m.media-amazon.com/images/M/MV5BMGNlOGFjZDItZTJjNC00MGNlLWFmOTktNDM4NGU0OWJhNTU2XkEyXkFqcGc@._V1_SX300.jpg,"[{'Source': 'Internet Movie Database', 'Value': '6.2/10'}, {'Source': 'Rotten Tomatoes', 'Value': '67%'}, {'Source': 'Metacritic', 'Value': '68/100'}]",68,6.2,"54,183",tt3174376,movie,N/A,N/A,N/A,N/A,
True,,Blue Jay,Blue Jay,2016,Unrated,11 Oct 2016,80 min,"Drama, Romance",Alex Lehmann,Mark Duplass,"Mark Duplass, Sarah Paulson, Clu Gulager","Meeting by chance when they return to their tiny California hometown, two former high-school sweethearts reflect on their shared past.",English,United States,1 nomination total,https://m.media-amazon.com/images/M/MV5BMjM2Nzk4ODA2M15BMl5BanBnXkFtZTgwODA5MDExMDI@._V1_SX300.jpg,"[{'Source': 'Internet Movie Database', 'Value': '7.3/10'}, {'Source': 'Rotten Tomatoes', 'Value': '91%'}, {'Source': 'Metacritic', 'Value': '69/100'}]",69,7.3,"21,995",tt5912454,movie,N/A,"$21,626",N/A,N/A,
True,,Greenleaf,Greenleaf,2016–2020,TV-14,21 Jun 2016,1 min,Drama,N/A,Craig Wright,"Merle Dandridge, Kim Hawthorne, Desiree Ross","The unscrupulous world of the Greenleaf family and their sprawling Memphis megachurch, dark secrets, and lies.",English,United States,5 wins & 12 nominations total,https://m.media-amazon.com/images/M/MV5BMTYxNzY0NDE1Ml5BMl5BanBnXkFtZTgwNzc0ODcwNjM@._V1_SX300.jpg,"[{'Source': 'Internet Movie Database', 'Value': '7.5/10'}]",N/A,7.5,"6,383",tt4971144,series,,,,,5
True,,Advantageous,Advantageous,2015,Not Rated,23 Jun 2015,90 min,"Drama, Family, Sci-Fi",Jennifer Phang,"Jacqueline Kim, Jennifer Phang","Jacqueline Kim, James Urbaniak, Freya Adams","In a near-future city where soaring opulence overshadows economic hardship, Gwen and her daughter Jules do all they can to hold on to their joy together, despite the instability surfacing in their world.","English, French",United States,7 wins & 3 nominations total,https://m.media-amazon.com/images/M/MV5BMjE2OTMzNjQxOV5BMl5BanBnXkFtZTgwMTM5MjE1NjE@._V1_SX300.jpg,"[{'Source': 'Internet Movie Database', 'Value': '6.1/10'}, {'Source': 'Rotten Tomatoes', 'Value': '87%'}, {'Source': 'Metacritic', 'Value': '59/100'}]",59,6.1,"6,042",tt3090670,movie,N/A,N/A,N/A,N/A,
True,,Into the Inferno,Into the Inferno,2016,TV-PG,28 Oct 2016,104 min,Documentary,Werner Herzog,Werner Herzog,"Werner Herzog, Katia Krafft, Maurice Krafft",An exploration of active volcanoes around the world.,English,"United Kingdom, Germany, Canada",5 nominations total,https://m.media-amazon.com/images/M/MV5BMTAyNzYyNjg1NzJeQTJeQWpwZ15BbWU4MDY4NzE1MzAy._V1_SX300.jpg,"[{'Source': 'Internet Movie Database', 'Value': '7.2/10'}, {'Source': 'Rotten Tomatoes', 'Value': '92%'}, {'Source': 'Metacritic', 'Value': '76/100'}]",76,7.2,"10,535",tt4846318,movie,N/A,N/A,N/A,N/A,
True,,Gilmore Girls: A Year in the Life,Gilmore Girls: A Year in the Life,2016,TV-14,25 Nov 2016,2 min,"Comedy, Drama",N/A,Amy Sherman-Palladino,"Lauren Graham, Alexis Bledel, Scott Patterson","Set nearly a decade after the finale of the original series, this revival follows Lorelai, Rory and Emily Gilmore through four seasons of change.",English,United States,6 nominations total,https://m.media-amazon.com/images/M/MV5BODM1OTk4MDY2M15BMl5BanBnXkFtZTgwOTEwNzczMDI@._V1_SX300.jpg,"[{'Source': 'Internet Movie Database', 'Value': '7.5/10'}]",N/A,7.5,"47,493",tt5435008,series,,,,,1
True,,Collateral Beauty,Collateral Beauty,2016,PG-13,16 Dec 2016,97 min,"Drama, Romance",David Frankel,Allan Loeb,"Will Smith, Edward Norton, Kate Winslet","Retreating from life after a tragedy, a man questions the universe by writing to Love, Time, and Death. Receiving unexpected answers, he begins to see how these things interlock and how even loss can reveal moments of meaning and ...",English,United States,1 win & 6 nominations total,https://m.media-amazon.com/images/M/MV5BMTQ5ODE4MTY2NV5BMl5BanBnXkFtZTgwMzM2NzEzMDI@._V1_SX300.jpg,"[{'Source': 'Internet Movie Database', 'Value': '6.8/10'}, {'Source': 'Rotten Tomatoes', 'Value': '14%'}, {'Source': 'Metacritic', 'Value': '23/100'}]",23,6.8,"107,736",tt4682786,movie,N/A,"$31,016,021",N/A,N/A,
True,,Last Chance U,Last Chance U,2016–2020,TV-MA,29 Jul 2016,2 min,"Documentary, Sport",N/A,N/A,"Ron Ollie, Brittany Wagner, Garrett Kruczek","Intense look inside the world of junior college football, chronicling the stories of players and coaches in the classroom and on the field.",English,United States,3 wins & 5 nominations,https://m.media-amazon.com/images/M/MV5BODFhMWQwMDItZmM2Yy00YTVmLTk2YjEtYTFlNjg5YmRhZGE1XkEyXkFqcGc@._V1_SX300.jpg,"[{'Source': 'Internet Movie Database', 'Value': '8.4/10'}]",N/A,8.4,"7,641",tt5863126,series,,,,,5
True,,Beasts of No Nation,Beasts of No Nation,2015,TV-MA,16 Oct 2015,137 min,"Drama, War",Cary Joji Fukunaga,"Cary Joji Fukunaga, Uzodinma Iweala","Abraham Attah, Emmanuel Affadzi, Ricky Adelayitar","A drama based on the experiences of Agu, a child soldier fighting in the civil war of an unnamed African country.","English, Akan",United States,Nominated for 1 BAFTA Award31 wins & 59 nominations total,https://m.media-amazon.com/images/M/MV5BMTYwMzMzMDI0NF5BMl5BanBnXkFtZTgwNDQ3NjI3NjE@._V1_SX300.jpg,"[{'Source': 'Internet Movie Database', 'Value': '7.7/10'}, {'Source': 'Rotten Tomatoes', 'Value': '91%'}, {'Source': 'Metacritic', 'Value': '79/100'}]",79,7.7,"89,122",tt1365050,movie,N/A,"$90,777",N/A,N/A,
True,,ARQ,ARQ,2016,TV-MA,16 Sep 2016,88 min,"Action, Sci-Fi, Thriller",Tony Elliott,Tony Elliott,"Robbie Amell, Rachael Taylor, Shaun Benson","Trapped in a lab and stuck in a time loop, a disoriented couple fends off masked raiders while harboring a new energy source that could save humanity.",English,"Canada, United States",1 win & 3 nominations total,https://m.media-amazon.com/images/M/MV5BMjAxODQ2MzkyMV5BMl5BanBnXkFtZTgwNjU3MTE5OTE@._V1_SX300.jpg,"[{'Source': 'Internet Movie Database', 'Value': '6.3/10'}, {'Source': 'Rotten Tomatoes', 'Value': '43%'}]",N/A,6.3,"43,343",tt5640450,movie,N/A,N/A,N/A,N/A,
True,,The Forest,The Forest,2016,PG-13,08 Jan 2016,93 min,"Horror, Mystery, Thriller",Jason Zada,"Ben Ketai, Sarah Cornwell, Nick Antosca","Natalie Dormer, Eoin Macken, Stephanie Vogt",A young woman's desperate search for her twin sister brings her to a ghost-filled stretch of wilderness known as the 'Suicide Forest.',"English, Japanese",United States,1 win & 1 nomination total,https://m.media-amazon.com/images/M/MV5BMjAwMzQzNTc5OV5BMl5BanBnXkFtZTgwNDgyMTU2NzE@._V1_SX300.jpg,"[{'Source': 'Internet Movie Database', 'Value': '4.8/10'}, {'Source': 'Rotten Tomatoes', 'Value': '10%'}, {'Source': 'Metacritic', 'Value': '34/100'}]",34,4.8,"46,521",tt3387542,movie,N/A,"$26,594,261",N/A,N/A,
True,,Roman Empire,Roman Empire,2016–2019,TV-MA,11 Nov 2016,17S min,"Documentary, Biography, Drama",N/A,N/A,"Aaron Irvin, Corey Brennan, Jerry Toner",Chronicles some of the most famous leaders of the Roman Civilization.,English,"Canada, United States",3 wins total,https://m.media-amazon.com/images/M/MV5BZDQwYzYyODEtMGNhMS00YmI2LWJmZTktYWE1YjI4MDExNDAzXkEyXkFqcGc@._V1_SX300.jpg,"[{'Source': 'Internet Movie Database', 'Value': '7.0/10'}]",N/A,7.0,"9,943",tt6233538,series,,,,,3
True,,Reply 1988,Reply 1988,2015–2016,N/A,05 Nov 2015,25S min,"Comedy, Drama, Family",N/A,N/A,"Lee Hyeri, Park Bo-gum, Ryu Jun-yeol","Five childhood friends, who all live in the same Ssangmundong neighborhood of Seoul in 1988, lean on each other to survive their challenging teen years and set a path for their futures.",Korean,South Korea,8 wins & 19 nominations total,https://m.media-amazon.com/images/M/MV5BNDkzOTk1MGItYTYwYS00NGY4LTlkMzctMDNlYjdkYWNmZGI5XkEyXkFqcGc@._V1_SX300.jpg,"[{'Source': 'Internet Movie Database', 'Value': '9.0/10'}]",N/A,9.0,"16,586",tt5182866,series,,,,,1
True,,"What Happened, Miss Simone?","What Happened, Miss Simone?",2015,Not Rated,24 Jun 2015,101 min,"Documentary, Biography, Music",Liz Garbus,N/A,"Nina Simone, Lisa Simone Kelly, Roger Nupie","A documentary about the life and legend Nina Simone, an American singer, pianist, and civil rights activist labeled the ""High Priestess of Soul.""","English, French",United States,Nominated for 1 Oscar. 7 wins & 19 nominations total,https://m.media-amazon.com/images/M/MV5BZGNmNTdiM2YtMDkyZC00OGFhLTgwNTktMDczODFjM2Y0MDVjXkEyXkFqcGc@._V1_SX300.jpg,"[{'Source': 'Internet Movie Database', 'Value': '7.6/10'}, {'Source': 'Rotten Tomatoes', 'Value': '90%'}, {'Source': 'Metacritic', 'Value': '75/100'}]",75,7.6,"14,993",tt4284010,movie,N/A,N/A,N/A,N/A,
True,,Rebellion,Rebellion,2016–2019,TV-MA,24 Apr 2016,258 min,"Drama, History, War",N/A,Colin Teevan,"Michael Ford-FitzGerald, Jordanne Jones, Brian Gleeson",Rebellion is a five part serial drama about the birth of modern Ireland. The story is told from the perspectives of a group of fictional characters who live through the political events of the 1916 Easter Rising.,"English, Irish Gaelic",Ireland,1 win & 7 nominations total,https://m.media-amazon.com/images/M/MV5BOGNkNDc3MmItZTlkZS00ZjE0LWJmZTgtMGM2OWRhOTJjZDNiXkEyXkFqcGc@._V1_SX300.jpg,"[{'Source': 'Internet Movie Database', 'Value': '7.1/10'}]",N/A,7.1,"4,857",tt4699982,series,,,,,2
True,,The Get Down,The Get Down,2016–2017,TV-MA,12 Aug 2016,2 min,"Drama, Music, Musical",N/A,"Stephen Adly Guirgis, Baz Luhrmann","Justice Smith, Shameik Moore, Herizen F. Guardiola",A ragtag group of teenagers run wild in the streets of the Bronx in the late 1970s.,English,United States,5 wins & 8 nominations,https://m.media-amazon.com/images/M/MV5BMjE5Mzg0NzU3OF5BMl5BanBnXkFtZTgwNDg1ODg2MTI@._V1_SX300.jpg,"[{'Source': 'Internet Movie Database', 'Value': '8.2/10'}]",N/A,8.2,"23,959",tt4592410,series,,,,,1
True,,The Bye Bye Man,The Bye Bye Man,2017,PG-13,13 Jan 2017,96 min,"Drama, Fantasy, Horror",Stacy Title,"Jonathan Penner, Robert Damon Schneck","Douglas Smith, Lucien Laviscount, Cressida Bonas",Three friends stumble upon the horrific origins of a mysterious figure they discover is the root cause of the evil behind unspeakable acts.,English,"United States, China",N/A,https://m.media-amazon.com/images/M/MV5BMTcxOTE5NzQwNF5BMl5BanBnXkFtZTgwOTMzMTc1ODE@._V1_SX300.jpg,"[{'Source': 'Internet Movie Database', 'Value': '4.3/10'}, {'Source': 'Rotten Tomatoes', 'Value': '18%'}, {'Source': 'Metacritic', 'Value': '37/100'}]",37,4.3,"26,866",tt4030600,movie,N/A,"$22,395,806",N/A,N/A,
True,,Trollhunters: Tales of Arcadia,Trollhunters: Tales of Arcadia,2016–2018,TV-Y7,23 Dec 2016,23 min,"Animation, Action, Adventure",N/A,Guillermo del Toro,"Charlie Saxton, Lexi Medrano, Anton Yelchin","An ordinary boy finds a magic amulet that chooses him to be a Trollhunter, a guardian that defends the world of humans and the secret world of trolls.",English,"United States, Mexico, Canada, China, Spain, Taiwan",18 wins & 26 nominations total,https://m.media-amazon.com/images/M/MV5BZTU1YTQwNDctOTlhZC00NDg3LTg2ZWYtZjgzNWZjOTUzM2VjXkEyXkFqcGc@._V1_SX300.jpg,"[{'Source': 'Internet Movie Database', 'Value': '8.4/10'}]",N/A,8.4,"20,861",tt1734135,series,,,,,3
True,,Ip Man 3,Ip Man 3,2015,PG-13,24 Dec 2015,105 min,"Action, Biography, Crime",Wilson Yip,"Tai-Lee Chan, Lai-Yin Leung, Edmond Wong","Donnie Yen, Lynn Xiong, Jin Zhang","When a band of brutal gangsters led by a crooked property developer make a play to take over a local school, Master Ip is forced to take a stand.","Cantonese, English","China, Hong Kong",5 wins & 21 nominations total,https://m.media-amazon.com/images/M/MV5BMmZhOWNlMDEtN2M1OC00Yzk5LThhOTAtZDA5NTNjNjQyZDM0XkEyXkFqcGc@._V1_SX300.jpg,"[{'Source': 'Internet Movie Database', 'Value': '7.0/10'}, {'Source': 'Rotten Tomatoes', 'Value': '77%'}, {'Source': 'Metacritic', 'Value': '57/100'}]",57,7.0,"63,024",tt2888046,movie,N/A,"$2,679,437",N/A,N/A,
True,,Voltron: Legendary Defender,Voltron: Legendary Defender,2016–2018,TV-Y7-FV,10 Jun 2016,23 min,"Animation, Action, Adventure",N/A,N/A,"Jeremy Shada, Bex Taylor-Klaus, Tyler Labine",Five teenagers become the last line of defense for the galaxy in an intergalactic battle against the evil alien force led by King Zarkon.,"English, Italian",United States,9 wins & 10 nominations total,https://m.media-amazon.com/images/M/MV5BMjA2MzMzNTg5NV5BMl5BanBnXkFtZTgwMzAzOTc4ODE@._V1_SX300.jpg,"[{'Source': 'Internet Movie Database', 'Value': '8.0/10'}]",N/A,8.0,"10,456",tt5580664,series,,,,,8
True,,The Letdown,The Letdown,2017–2019,N/A,21 Apr 2018,31S min,Comedy,N/A,"Alison Bell, Sarah Scheller","Alison Bell, Duncan Fellows, Leon Ford","Audrey is determined not to be defined by motherhood. In theory, this seems fairly easy. In practice, her career-focused husband, self-obsessed mother, and fancy-free best friend make it damn-near impossible.",English,Australia,3 wins & 8 nominations,https://m.media-amazon.com/images/M/MV5BZjljODIzMGQtMDA4ZS00OGNjLTliZjgtNmQ0YWI2Y2JmODNlXkEyXkFqcGc@._V1_SX300.jpg,"[{'Source': 'Internet Movie Database', 'Value': '7.4/10'}]",N/A,7.4,"4,179",tt7320300,series,,,,,2
True,,Ajin,Ajin,2016–2017,TV-MA,16 Jan 2016,24 min,"Animation, Action, Adventure",N/A,"Gamon Sakurai, Tsuina Miura","Mamoru Miyano, Johnny Yong Bosch, Kaiji Tang","A high school student discovers he is an Ajin, a demi-human being. He ends up a fugitive on the run because of his powers.","Japanese, English",Japan,1 win & 4 nominations total,https://m.media-amazon.com/images/M/MV5BMjYyNmE5YWQtNmMxOS00ODFhLTg5NTEtZDE4ZGI5YzRiZWUzXkEyXkFqcGc@._V1_SX300.jpg,"[{'Source': 'Internet Movie Database', 'Value': '7.5/10'}]",N/A,7.5,"7,629",tt5537534,series,,,,,2
True,,Transformers: Robots In Disguise,Transformers: Robots in Disguise,2014–2020,TV-Y7,14 Mar 2015,22 min,"Animation, Action, Adventure",N/A,"Adam Beechen, Duane Capizzi, Jeff Kline","Khary Payton, Mitchell Whitfield, Will Friedle","When a new army of Decepticons appear, Bumblebee must lead a new team of Autobots to Earth against their eternal foes.",English,United States,2 wins & 11 nominations,https://m.media-amazon.com/images/M/MV5BYmEwZTlhMmQtNDEyMy00MzlkLWEzOGItMGMwNGQ5MTlkZDI2XkEyXkFqcGc@._V1_SX300.jpg,"[{'Source': 'Internet Movie Database', 'Value': '5.9/10'}]",N/A,5.9,"1,426",tt3604232,series,,,,,4
True,,The Space Between Us,The Space Between Us,2017,PG-13,03 Feb 2017,120 min,"Drama, Romance, Sci-Fi",Peter Chelsom,"Allan Loeb, Stewart Schill, Richard Barton Lewis","Gary Oldman, Asa Butterfield, Carla Gugino","The first human born on Mars travels to Earth for the first time, experiencing the wonders of the planet through fresh eyes. He embarks on an adventure with a street-smart girl to discover how he came to be.",English,"United States, China",4 nominations total,https://m.media-amazon.com/images/M/MV5BNjYzODU1OTkwN15BMl5BanBnXkFtZTgwMDA3MTMwMDI@._V1_SX300.jpg,"[{'Source': 'Internet Movie Database', 'Value': '6.4/10'}, {'Source': 'Rotten Tomatoes', 'Value': '17%'}, {'Source': 'Metacritic', 'Value': '33/100'}]",33,6.4,"57,962",tt3922818,movie,N/A,"$7,885,294",N/A,N/A,
True,,Demonic,Demonic,2015,R,10 Oct 2017,83 min,"Horror, Mystery, Thriller",Will Canon,"Max La Bella, Will Canon, Doug Simon","Dustin Milligan, Scott Mechlowicz, Cody Horn",A police officer and a psychologist investigate the deaths of five people who were killed while trying to summon ghosts.,English,United States,1 nomination,https://m.media-amazon.com/images/M/MV5BMDkwMzA4YTYtZWU4MS00ZjNiLWEzMTQtOGYzNjhkMzJlZTc5XkEyXkFqcGc@._V1_SX300.jpg,"[{'Source': 'Internet Movie Database', 'Value': '5.3/10'}]",N/A,5.3,"16,753",tt1841642,movie,N/A,N/A,N/A,N/A,
True,,Winter on Fire: Ukraine's Fight for Freedom,Winter on Fire: Ukraine's Fight for Freedom,2015,Not Rated,09 Oct 2015,102 min,"Documentary, History",Evgeny Afineevsky,Den Tolmor,"His Beatitude Sviatoslav, Said Ismagilov, Bishop Agapit","A documentary on the unrest in Ukraine during 2013 and 2014, as student demonstrations supporting European integration grew into a violent revolution calling for the resignation of President Viktor F. Yanukovich.","Ukrainian, Russian, English","United Kingdom, Ukraine, United States",Nominated for 1 Oscar. 2 wins & 5 nominations total,https://m.media-amazon.com/images/M/MV5BNTY4MDgwOTI3M15BMl5BanBnXkFtZTgwNjYxMjU3NjE@._V1_SX300.jpg,"[{'Source': 'Internet Movie Database', 'Value': '8.3/10'}, {'Source': 'Rotten Tomatoes', 'Value': '89%'}, {'Source': 'Metacritic', 'Value': '79/100'}]",79,8.3,"21,234",tt4908644,movie,N/A,N/A,N/A,N/A,
True,,Mascots,Mascots,2016,TV-MA,13 Oct 2016,89 min,Comedy,Christopher Guest,"Christopher Guest, Jim Piddock","Zach Woods, Wayne Wilderson, Sarah Baker",A look into the world of competitive mascots.,English,United States,1 win & 1 nomination,https://m.media-amazon.com/images/M/MV5BMjQxNjAxMzI5Ml5BMl5BanBnXkFtZTgwMzE2NjA5OTE@._V1_SX300.jpg,"[{'Source': 'Internet Movie Database', 'Value': '5.8/10'}, {'Source': 'Rotten Tomatoes', 'Value': '48%'}, {'Source': 'Metacritic', 'Value': '57/100'}]",57,5.8,"8,216",tt4936176,movie,N/A,N/A,N/A,N/A,
True,,The Siege of Jadotville,The Siege of Jadotville,2016,TV-MA,07 Oct 2016,108 min,"Action, Drama, Thriller",Richie Smyth,"Kevin Brodbin, Declan Power","Jamie Dornan, Emmanuelle Seigner, Mark Strong",Irish Commandant Pat Quinlan leads a stand off with troops against French and Belgian Mercenaries in the Congo during the early 1960s.,"English, Irish Gaelic, French, Spanish","Ireland, South Africa",3 wins & 4 nominations total,https://m.media-amazon.com/images/M/MV5BNjJhZGY0NTUtOTI0Yi00NGY5LTk4ZWYtYmVmNGFiMTZiZTgwXkEyXkFqcGc@._V1_SX300.jpg,"[{'Source': 'Internet Movie Database', 'Value': '7.2/10'}, {'Source': 'Rotten Tomatoes', 'Value': '64%'}]",N/A,7.2,"46,682",tt3922798,movie,N/A,N/A,N/A,N/A,
True,,Visaranai,Pulan Visaranai 2,2015,N/A,30 Jan 2015,145 min,Thriller,R.K. Selvamani,"Liquat Ali Khan, R.K. Selvamani","Prashanth, Karthika, Ashwini",A police officer investigates an accident involving a team of workers at a petroleum plant whose bus has fallen into a ravine.,Tamil,India,N/A,https://m.media-amazon.com/images/M/MV5BMDJjY2MwNmMtY2M5MS00MzZhLThmOTAtNzk2NDcxODg4YTVmXkEyXkFqcGdeQXVyMTEzNzg0Mjkx._V1_SX300.jpg,"[{'Source': 'Internet Movie Database', 'Value': '6.1/10'}]",N/A,6.1,31,tt4425388,movie,N/A,N/A,N/A,N/A,
True,,Lady Dynamite,Lady Dynamite,2016–2017,TV-MA,20 May 2016,1 min,Comedy,N/A,"Pam Brady, Mitchell Hurwitz","Maria Bamford, Fred Melamed, Mary Kay Place","Series is based on what Maria has accepted to be ""her life."" The occasionally surreal episodes, refracted across multiple periods of the actor/comedian's life, tell the story of a woman who loses - and then finds - herself.",English,United States,1 win & 4 nominations total,https://m.media-amazon.com/images/M/MV5BMTU2OTM0NjkzNF5BMl5BanBnXkFtZTgwOTc2MDU5MzI@._V1_SX300.jpg,"[{'Source': 'Internet Movie Database', 'Value': '7.4/10'}]",N/A,7.4,"4,140",tt4789300,series,,,,,2
True,,By the Sea,By the Sea,2015,R,09 Dec 2015,122 min,"Drama, Romance",Angelina Jolie,Angelina Jolie,"Brad Pitt, Angelina Jolie, Mélanie Laurent",A couple tries to repair their marriage while staying at a hotel in France.,"English, French, Ukrainian","France, Malta, United States",1 win & 2 nominations total,https://m.media-amazon.com/images/M/MV5BMTUyNDU2MDMxM15BMl5BanBnXkFtZTgwMzAzMTk1NjE@._V1_SX300.jpg,"[{'Source': 'Internet Movie Database', 'Value': '5.3/10'}, {'Source': 'Rotten Tomatoes', 'Value': '35%'}, {'Source': 'Metacritic', 'Value': '45/100'}]",45,5.3,"23,130",tt3707106,movie,N/A,"$538,460",N/A,N/A,
False,Movie not found!,Boyka: Undisputed IV,,,,,,,,,,,,,,,,,,,,,,,,,
True,,Team Foxcatcher,Team Foxcatcher,2016,TV-14,29 Apr 2016,90 min,"Documentary, Biography, Crime",Jon Greenhalgh,N/A,"John du Pont, Dave Schultz, Mike Gostigian","Documentary filmmaker Jon Greenhalgh examines the life of Dave Schultz, a professional wrestler who was part of 'Team Foxcatcher', funded by multi-millionaire John du Pont.",English,United States,3 nominations total,https://m.media-amazon.com/images/M/MV5BZjE1NzcyNjYtNjFjMi00NDYwLWFjOWItZTRhNDkxMDU0NTc0XkEyXkFqcGc@._V1_SX300.jpg,"[{'Source': 'Internet Movie Database', 'Value': '7.2/10'}, {'Source': 'Rotten Tomatoes', 'Value': '100%'}]",N/A,7.2,"7,413",tt5598216,movie,N/A,N/A,N/A,N/A,
True,,Signal,Signal,2016,N/A,22 Feb 2016,29S min,"Crime, Drama, Fantasy",N/A,N/A,"Lee Je-hoon, Kim Hye-su, Cho Jin-woong",A cold-case profiler in 2015 and a detective in 1989 work together to solve a series of related murders spanning three decades using a special walkie-talkie to communicate with each other.,Korean,South Korea,6 wins & 8 nominations total,https://m.media-amazon.com/images/M/MV5BNzM5Njc3YTctMmIzNi00Mjk2LWFhYjUtNTk5ODFkOTU3YzhiXkEyXkFqcGc@._V1_SX300.jpg,"[{'Source': 'Internet Movie Database', 'Value': '8.5/10'}]",N/A,8.5,"10,994",tt5332206,series,,,,,1
True,,Paranoid,Paranoid,2016,TV-MA,22 Sep 2016,1 min,"Crime, Drama, Mystery",N/A,Bill Gallagher,"Indira Varma, Robert Glenister, Dino Fetscher","The murder of a female GP in a rural playground in front of numerous witnesses draws a group of detectives into an ever-darkening mystery that takes them across Europe, aided by mysterious notes sent by the ""Ghost Detective"".",English,United Kingdom,N/A,https://m.media-amazon.com/images/M/MV5BNGM1Mzk4YjctZThjNC00MjM1LTk2ODQtYzczYzQxODFiMWYzXkEyXkFqcGc@._V1_SX300.jpg,"[{'Source': 'Internet Movie Database', 'Value': '6.6/10'}]",N/A,6.6,"10,686",tt5839454,series,,,,,1
True,,The Ridiculous 6,The Ridiculous 6,2015,TV-14,11 Dec 2015,119 min,"Action, Adventure, Comedy",Frank Coraci,"Tim Herlihy, Adam Sandler","Adam Sandler, Terry Crews, Jorge Garcia","An outlaw who was raised by Native Americans discovers that he has five half-brothers. Together the men go on a mission to find their wayward, deadbeat dad.",English,United States,N/A,https://m.media-amazon.com/images/M/MV5BNzM2NWQzMzAtYzdiNi00YTk0LWEyNjQtOTJkMTk4YTdlYmY2XkEyXkFqcGc@._V1_SX300.jpg,"[{'Source': 'Internet Movie Database', 'Value': '4.9/10'}, {'Source': 'Rotten Tomatoes', 'Value': '0%'}, {'Source': 'Metacritic', 'Value': '18/100'}]",18,4.9,"56,125",tt2479478,movie,N/A,N/A,N/A,N/A,
True,,Bo Burnham: Make Happy,Bo Burnham: Make Happy,2016,TV-MA,03 Jun 2016,60 min,"Comedy, Music","Bo Burnham, Christopher Storer",Bo Burnham,Bo Burnham,"Bo Burnham tackles life, death, sexuality, hypocrisy, mental illness and Pringles cans in his dazzling new stand-up special.",English,United States,N/A,https://m.media-amazon.com/images/M/MV5BMDgzZTA0NTYtOTBlMS00MWUyLTg2YzQtYmM0MGVhOGU4OTE4XkEyXkFqcGc@._V1_SX300.jpg,"[{'Source': 'Internet Movie Database', 'Value': '8.3/10'}, {'Source': 'Rotten Tomatoes', 'Value': '100%'}]",N/A,8.3,"17,020",tt5192124,movie,N/A,N/A,N/A,N/A,
True,,El marginal,El marginal,2016–2022,TV-MA,07 Oct 2016,60 min,"Crime, Drama, Mystery",N/A,"Israel Adrián Caetano, Sebastián Ortega","Daniel Pacheco Bautista, Nicolás Furtado, Claudio Rissi","Pastor, an undercover cop sets on a mission to rescue the kidnapped daughter of a judge by infiltrating the prison where she's suspected to be at. Once inside he will have to learn to live by the prison's and the inmates' rules.",Spanish,Argentina,13 wins & 19 nominations,https://m.media-amazon.com/images/M/MV5BYmYwODc4NDktYTVlMS00NmNhLTk5NTItZTNjYzkyYWFlYTdkXkEyXkFqcGc@._V1_SX300.jpg,"[{'Source': 'Internet Movie Database', 'Value': '8.1/10'}]",N/A,8.1,"4,849",tt5820976,series,,,,,5
True,,A Very Secret Service,A Very Secret Service,2015–2018,TV-MA,28 Oct 2015,26 min,Comedy,N/A,"Jean-François Halin, Claire Lemaréchal, Jean-André Yerlès","Hugo Becker, Wilfred Benaïche, Christophe Kourotchkine","Andre Merlaux, a young officer, under the leadership of his three seniors, needs to protect and defend the interests of France and participate in dangerous operations.",French,France,3 wins total,https://m.media-amazon.com/images/M/MV5BZWE2MzE1YTEtYzExZS00NDYzLWIxNDUtMmU1MDRiZjg3YjUwXkEyXkFqcGc@._V1_SX300.jpg,"[{'Source': 'Internet Movie Database', 'Value': '7.7/10'}]",N/A,7.7,"4,054",tt4367560,series,,,,,2
True,,The Do-Over,The Do-Over,2016,TV-MA,27 May 2016,108 min,"Action, Adventure, Comedy",Steven Brill,"Kevin Barnett, Chris Pappas","Adam Sandler, David Spade, Paula Patton","Two down-on-their-luck guys decide to fake their own deaths and start over with new identities, only to find the people they're pretending to be are in even deeper trouble.",English,United States,N/A,https://m.media-amazon.com/images/M/MV5BMTYyNDY2NzAxNV5BMl5BanBnXkFtZTgwOTMxMzg2ODE@._V1_SX300.jpg,"[{'Source': 'Internet Movie Database', 'Value': '5.7/10'}, {'Source': 'Rotten Tomatoes', 'Value': '9%'}, {'Source': 'Metacritic', 'Value': '22/100'}]",22,5.7,"53,056",tt4769836,movie,N/A,N/A,N/A,N/A,
True,,Suffragette,Suffragette,2015,PG-13,12 Oct 2015,106 min,"Drama, History",Sarah Gavron,Abi Morgan,"Carey Mulligan, Anne-Marie Duff, Helena Bonham Carter","In 1912 London, a young working mother is galvanized into radical political activism supporting the right for women to vote, and is willing to meet violence with violence to achieve this end.",English,"United Kingdom, France",17 wins & 21 nominations total,https://m.media-amazon.com/images/M/MV5BMjA2NDYxOTI1MV5BMl5BanBnXkFtZTgwOTgyMjU3NjE@._V1_SX300.jpg,"[{'Source': 'Internet Movie Database', 'Value': '6.9/10'}, {'Source': 'Rotten Tomatoes', 'Value': '72%'}, {'Source': 'Metacritic', 'Value': '64/100'}]",64,6.9,"45,907",tt3077214,movie,N/A,"$4,702,420",N/A,N/A,
True,,Headshot,Headshot,2016,Not Rated,03 Mar 2017,118 min,"Action, Drama, Thriller","Kimo Stamboel, Timo Tjahjanto",Timo Tjahjanto,"Iko Uwais, Chelsea Islan, Sunny Pang","Uwais plays a young man who washes ashore, an amnesiac with a serious head injury whose past comes back to haunt him shortly after being nursed back to health by a young doctor. Violence ensues. Sweet, sweet violence.","Indonesian, English","Indonesia, Singapore",2 wins & 6 nominations total,https://m.media-amazon.com/images/M/MV5BMjI2MzU2ODQ4M15BMl5BanBnXkFtZTgwOTgxMTU5OTE@._V1_SX300.jpg,"[{'Source': 'Internet Movie Database', 'Value': '6.3/10'}, {'Source': 'Rotten Tomatoes', 'Value': '73%'}, {'Source': 'Metacritic', 'Value': '61/100'}]",61,6.3,"16,779",tt5147214,movie,N/A,N/A,N/A,N/A,
True,,Flaked,Flaked,2016–2017,TV-MA,11 Mar 2016,30 min,"Comedy, Drama, Romance",N/A,"Will Arnett, Mark Chappell","Will Arnett, David Sullivan, Ruth Kearney","A recovering alcoholic faces reality after a life changing accident in Venice Beach, California.",English,United States,N/A,https://m.media-amazon.com/images/M/MV5BODQ0MTM2MjU4N15BMl5BanBnXkFtZTgwNzkxMzE0MjI@._V1_SX300.jpg,"[{'Source': 'Internet Movie Database', 'Value': '7.2/10'}]",N/A,7.2,"12,940",tt4973548,series,,,,,2
True,,Jem and the Holograms,Jem and the Holograms,2015,PG,23 Oct 2015,118 min,"Adventure, Drama, Family",Jon M. Chu,Ryan Landels,"Aubrey Shea, Stefanie Scott, Aurora Perrineau","As a small-town girl catapults from underground video sensation to global superstar, she and her three sisters begin a journey of discovering that some talents are too special to keep hidden.",English,United States,2 nominations,https://m.media-amazon.com/images/M/MV5BMjIxMDI1MTI2M15BMl5BanBnXkFtZTgwODYzODc2NTE@._V1_SX300.jpg,"[{'Source': 'Internet Movie Database', 'Value': '4.2/10'}, {'Source': 'Rotten Tomatoes', 'Value': '22%'}, {'Source': 'Metacritic', 'Value': '42/100'}]",42,4.2,"8,405",tt3614530,movie,N/A,"$2,184,640",N/A,N/A,
True,,Sleight,Sleight,2016,R,28 Apr 2017,89 min,"Crime, Drama, Sci-Fi",J.D. Dillard,"J.D. Dillard, Alex Theurer","Jacob Latimore, Seychelle Gabriel, Storm Reid","Struggling to raise his little sister on his own, a young street magician turns to drug dealing, unaware of how ruthless his supplier can be.",English,United States,3 nominations total,https://m.media-amazon.com/images/M/MV5BNTI2YTA5MWUtM2JmOC00ZmMwLTk4N2MtOWFhNGE3ZDRkN2QxXkEyXkFqcGc@._V1_SX300.jpg,"[{'Source': 'Internet Movie Database', 'Value': '5.9/10'}, {'Source': 'Rotten Tomatoes', 'Value': '81%'}, {'Source': 'Metacritic', 'Value': '62/100'}]",62,5.9,"9,466",tt4573516,movie,N/A,"$3,986,245",N/A,N/A,
True,,Hot Girls Wanted,Hot Girls Wanted,2015,TV-MA,29 May 2015,84 min,"Documentary, Crime","Jill Bauer, Ronna Gradus",Brittany Huckabee,"Stella May, Riley Reynolds, Rachel Bernard",A documentary about young women who have been drawn into the sex trade - and how easy it is for a web-savvy generation to end up making porn.,English,United States,Nominated for 1 Primetime Emmy. 2 nominations total,https://m.media-amazon.com/images/M/MV5BZDYxZmZhMmUtNTY3YS00YmQyLWI3ODctMWI2ZTEwMWRmYTJlXkEyXkFqcGc@._V1_SX300.jpg,"[{'Source': 'Internet Movie Database', 'Value': '6.1/10'}, {'Source': 'Rotten Tomatoes', 'Value': '83%'}]",N/A,6.1,"18,873",tt4382552,movie,N/A,N/A,N/A,N/A,
True,,The Distinguished Citizen,The Distinguished Citizen,2016,N/A,01 Sep 2017,118 min,"Comedy, Drama","Mariano Cohn, Gastón Duprat",Andrés Duprat,"Oscar Martínez, Dady Brieva, Andrea Frigerio","A winner of the Nobel Prize for Literature, who has been living in Europe for decades, accepts an invitation to receive another award. In Argentina he finds both similarities and irreconcilable differences with the people of his h...",Spanish,"Argentina, Spain",32 wins & 25 nominations total,https://m.media-amazon.com/images/M/MV5BYTc3MzE2YjAtOWEwNy00YWFhLTlkNzgtZWQyMmU3OTY0OTdiXkEyXkFqcGc@._V1_SX300.jpg,"[{'Source': 'Internet Movie Database', 'Value': '7.5/10'}, {'Source': 'Rotten Tomatoes', 'Value': '100%'}]",N/A,7.5,"14,125",tt4562518,movie,N/A,N/A,N/A,N/A,
True,,"Crouching Tiger, Hidden Dragon: Sword of Destiny","Crouching Tiger, Hidden Dragon: Sword of Destiny",2016,PG-13,26 Feb 2016,96 min,"Action, Adventure, Drama",Yuen Woo-Ping,"John Fusco, Du Lu Wang, Bey Logan","Donnie Yen, Michelle Yeoh, Harry Shum Jr.","A story of lost love, young love, a legendary sword and one last opportunity at redemption.",English,"China, United States",1 win & 1 nomination total,https://m.media-amazon.com/images/M/MV5BMTA2MzM5NTk4NTBeQTJeQWpwZ15BbWU4MDk0NjgyNDcx._V1_SX300.jpg,"[{'Source': 'Internet Movie Database', 'Value': '6.1/10'}, {'Source': 'Rotten Tomatoes', 'Value': '25%'}, {'Source': 'Metacritic', 'Value': '47/100'}]",47,6.1,"21,230",tt2652118,movie,N/A,N/A,N/A,N/A,
True,,White Rabbit Project,White Rabbit Project,2016,TV-PG,09 Dec 2016,48 min,Reality-TV,N/A,N/A,"Tory Belleci, Kari Byron, Grant Imahara","Scientists investigate unusual events from pop culture, science and history.",English,United States,N/A,https://m.media-amazon.com/images/M/MV5BY2M3OTk4ZDQtYWQ0Ni00YzUwLWE5NTUtZWNlMzJjM2QxYzExXkEyXkFqcGc@._V1_SX300.jpg,"[{'Source': 'Internet Movie Database', 'Value': '6.9/10'}]",N/A,6.9,"1,770",tt6048644,series,,,,,1
True,,Mindhorn,Mindhorn,2016,TV-MA,05 May 2017,89 min,"Action, Adventure, Comedy",Sean Foley,"Julian Barratt, Simon Farnaby","Julian Barratt, Simon Farnaby, Essie Davis","A has-been actor best known for playing the title character in the 1980s detective series ""Mindhorn"" must work with the police when a serial killer says that he will only speak with Detective Mindhorn, whom he believes to be a rea...",English,"United Kingdom, France, United States",1 win & 2 nominations total,https://m.media-amazon.com/images/M/MV5BYzRkZmIwZjItMGNmNS00YzZlLWJlZDYtY2Y0YjBjMjdkY2UxXkEyXkFqcGc@._V1_SX300.jpg,"[{'Source': 'Internet Movie Database', 'Value': '6.3/10'}, {'Source': 'Rotten Tomatoes', 'Value': '92%'}, {'Source': 'Metacritic', 'Value': '70/100'}]",70,6.3,"13,885",tt4799064,movie,N/A,N/A,N/A,N/A,
False,Movie not found!,Cinderella and Four Knights,,,,,,,,,,,,,,,,,,,,,,,,,
True,,I Am the Pretty Thing That Lives in the House,I Am the Pretty Thing That Lives in the House,2016,TV-14,28 Oct 2016,89 min,"Drama, Horror, Mystery",Osgood Perkins,Osgood Perkins,"Ruth Wilson, Paula Prentiss, Bob Balaban",A nervous nurse who scares easily finds herself caring for an ailing horror novelist while living in a house with hidden secrets.,English,Canada,2 nominations,https://m.media-amazon.com/images/M/MV5BYTU3YjY5YjAtY2ZkMS00YzI3LWFmNjQtYWI5N2RhMWU5Y2ViXkEyXkFqcGc@._V1_SX300.jpg,"[{'Source': 'Internet Movie Database', 'Value': '4.6/10'}, {'Source': 'Rotten Tomatoes', 'Value': '59%'}, {'Source': 'Metacritic', 'Value': '68/100'}]",68,4.6,"16,765",tt5059406,movie,N/A,N/A,N/A,N/A,
True,,Pee-wee's Big Holiday,Pee-wee's Big Holiday,2016,TV-PG,18 Mar 2016,90 min,"Comedy, Family",John Lee,"Paul Reubens, Paul Rust","Paul Reubens, Jordan Black, Doug Cox",A fateful meeting with a mysterious stranger inspires Pee-wee Herman to take his first holiday ever in this epic story of friendship and destiny.,"English, Spanish",United States,N/A,https://m.media-amazon.com/images/M/MV5BMjIyODA1MzYyM15BMl5BanBnXkFtZTgwMjQxODYyODE@._V1_SX300.jpg,"[{'Source': 'Internet Movie Database', 'Value': '6.1/10'}, {'Source': 'Metacritic', 'Value': '63/100'}]",63,6.1,"9,390",tt0837156,movie,N/A,N/A,N/A,N/A,
True,,You're My Boss,You're My Boss,2015,TV-PG,04 Apr 2015,116 min,"Comedy, Romance",Antoinette Jadaone,"Antoinette Jadaone, Yoshke Dimen, Toni Gonzaga","Toni Gonzaga, Coco Martin, Freddie Webb","A woman who is looking for acceptance, who's looking for love, who wants to be appreciated and who wants to belong find what she's looking for from her personal assistant.","Filipino, Tagalog",Philippines,2 wins & 11 nominations,https://m.media-amazon.com/images/M/MV5BOGFkYzdlZjktNGEzYi00NTAwLTk0YWMtYjE1YjIwYzNiNzA0XkEyXkFqcGdeQXVyNTI5NjIyMw@@._V1_SX300.jpg,"[{'Source': 'Internet Movie Database', 'Value': '6.3/10'}]",N/A,6.3,327,tt4489160,movie,N/A,N/A,N/A,N/A,
True,,The Cuba Libre Story,The Cuba Libre Story,2015–2016,TV-14,08 Dec 2016,52 min,"Documentary, History",N/A,N/A,"Ken Eaken, Jaime Suchlicki, Jean-Pierre Clerc","This documentary series recounts the tumultuous history of Cuba, a nation of foreign conquest, freedom fighters and Cold War political machinations.","German, English, Spanish, French, Russian","Germany, France, Russia",N/A,https://m.media-amazon.com/images/M/MV5BOWY1Yjg2YmMtNDRlZC00MjlmLTljMjgtMmE0MmE5ZDc3ZGEzXkEyXkFqcGc@._V1_SX300.jpg,"[{'Source': 'Internet Movie Database', 'Value': '7.6/10'}]",N/A,7.6,"2,091",tt5319838,series,,,,,1
True,,White Girl,White Girl,2016,TV-MA,01 Dec 2016,88 min,"Crime, Drama",Elizabeth Wood,Elizabeth Wood,"Morgan Saylor, Brian Marc, Justin Bartha","Summer, New York City. A college girl falls hard for a guy she just met. After a night of partying goes wrong, she goes to wild extremes to get him back.",English,United States,1 win & 3 nominations total,https://m.media-amazon.com/images/M/MV5BMjMzMDY1NDcyNl5BMl5BanBnXkFtZTgwNTc0ODc4OTE@._V1_SX300.jpg,"[{'Source': 'Internet Movie Database', 'Value': '5.7/10'}, {'Source': 'Rotten Tomatoes', 'Value': '70%'}, {'Source': 'Metacritic', 'Value': '65/100'}]",65,5.7,"12,184",tt4129870,movie,N/A,"$200,242",N/A,N/A,
True,,The Haunted House,The Haunted House,1921,Unrated,21 Feb 1921,21 min,"Short, Comedy, Horror","Edward F. Cline, Buster Keaton","Edward F. Cline, Buster Keaton","Buster Keaton, Virginia Fox, Joe Roberts",A bank clerk ends up in a seemingly haunted house that is actually a thieves' hideout.,"None, English",United States,1 nomination total,https://m.media-amazon.com/images/M/MV5BYTVkOGZiMTgtZGQwOC00NzJmLTkzMmEtM2ZmOWYwNzRjODAzXkEyXkFqcGc@._V1_SX300.jpg,"[{'Source': 'Internet Movie Database', 'Value': '6.9/10'}]",N/A,6.9,"3,791",tt0012255,movie,N/A,N/A,N/A,N/A,
True,,Frank & Lola,Frank & Lola,2016,Unrated,09 Dec 2016,88 min,"Crime, Drama, Romance",Matthew Ross,Matthew Ross,"Michael Shannon, Imogen Poots, Carlos Moreno Jr.","A psychosexual noir love story, set in Las Vegas and Paris, about love, obsession, sex, betrayal, revenge and, ultimately, the search for redemption.","English, French, Spanish",United States,1 win & 2 nominations total,https://m.media-amazon.com/images/M/MV5BMTc1OTAzMDQ0NF5BMl5BanBnXkFtZTgwODk3NTkzMDI@._V1_SX300.jpg,"[{'Source': 'Internet Movie Database', 'Value': '5.9/10'}, {'Source': 'Rotten Tomatoes', 'Value': '68%'}, {'Source': 'Metacritic', 'Value': '56/100'}]",56,5.9,"6,619",tt1290138,movie,N/A,"$9,188",N/A,N/A,
True,,The Visit,The Visit,2015,PG-13,11 Sep 2015,94 min,"Horror, Mystery, Thriller",M. Night Shyamalan,M. Night Shyamalan,"Olivia DeJonge, Ed Oxenbould, Deanna Dunagan",Two siblings become increasingly frightened by their grandparents' disturbing behavior while visiting them on vacation.,English,"United States, Japan",1 win & 14 nominations total,https://m.media-amazon.com/images/M/MV5BMTg3OTM2OTc5MV5BMl5BanBnXkFtZTgwMjMxNDM0NTE@._V1_SX300.jpg,"[{'Source': 'Internet Movie Database', 'Value': '6.3/10'}, {'Source': 'Rotten Tomatoes', 'Value': '68%'}, {'Source': 'Metacritic', 'Value': '55/100'}]",55,6.3,"163,760",tt3567288,movie,N/A,"$65,206,105",N/A,N/A,
True,,Sunny Bunnies,Sunny Bunnies,2015–,TV-Y,04 Dec 2015,N/A,"Animation, Short, Adventure",N/A,N/A,"Svetlana Tsimokhina, Dmitri Davidovich, Lucy Capri","A group of magical bunnies appear in seemingly randomly chosen locations. During these endeavors, the characters are usually at odds and clash, leaving a absurdist humor and slapstick trail of chaos and destruction in their wake.",None,"Russia, Poland, Belarus",1 win & 1 nomination total,https://m.media-amazon.com/images/M/MV5BZDg4YWE0NzQtOThkMS00YjgzLTkxMDktNmFiNTVhODkyMGE3XkEyXkFqcGc@._V1_SX300.jpg,"[{'Source': 'Internet Movie Database', 'Value': '6.1/10'}]",N/A,6.1,165,tt7264084,series,,,,,1
True,,Dinotrux,Dinotrux,2015–2017,TV-Y7-FV,14 Aug 2015,N/A,"Animation, Action, Adventure",N/A,N/A,"Andrew Francis, Richard Ian Cox, Ashleigh Ball","Animals like the Craneosauraus, Garbageadon and Tyrannosaurus Trux (part dinosaurs and part truck) exist in a fictional prehistoric era.","English, French","United States, Canada",4 wins & 5 nominations,https://m.media-amazon.com/images/M/MV5BMTdjMTQ3YWItOTM3Yy00YzY4LWExYjAtOTFhOWQ4M2E4ZjRjXkEyXkFqcGc@._V1_SX300.jpg,"[{'Source': 'Internet Movie Database', 'Value': '6.7/10'}]",N/A,6.7,574,tt1396212,series,,,,,5
True,,Zumbo's Just Desserts,Zumbo's Just Desserts,2016–2020,TV-14,22 Aug 2016,52 min,"Game-Show, Reality-TV",N/A,N/A,"Gigi Falanga, Adriano Zumbo, Rachel Khoo",Amateur Australian chefs compete to impress patisserie chef Adriano Zumbo with their sweet creations. Those who don't fit the brief go head to head in the 'Zumbo test' to replicate his unique desserts.,English,Australia,N/A,https://m.media-amazon.com/images/M/MV5BYzM4ZTA3ZDgtNGU2Zi00ZjVmLWExZDYtN2RmNDQzNmFlZTM3XkEyXkFqcGc@._V1_SX300.jpg,"[{'Source': 'Internet Movie Database', 'Value': '6.9/10'}]",N/A,6.9,"2,352",tt7239256,series,,,,,2
True,,Barry,Barry,2018–2023,TV-MA,25 Mar 2018,2 min,"Action, Comedy, Crime",N/A,"Alec Berg, Bill Hader","Bill Hader, Stephen Root, Sarah Goldberg",A hit man from the Midwest moves to Los Angeles and gets caught up in the city's theatre arts scene.,English,United States,Won 10 Primetime Emmys. 47 wins & 205 nominations total,https://m.media-amazon.com/images/M/MV5BYzdlYWZkNjQtMWYwNi00YjNkLTljYjgtZjRhMmQ2YTQ1MWQ0XkEyXkFqcGc@._V1_SX300.jpg,"[{'Source': 'Internet Movie Database', 'Value': '8.3/10'}]",N/A,8.3,"136,498",tt5348176,series,,,,,4
True,,David Brent: Life on the Road,David Brent: Life on the Road,2016,Not Rated,10 Feb 2017,96 min,"Comedy, Music",Ricky Gervais,Ricky Gervais,"Ricky Gervais, Rob Jarvis, Abbie Murphy","A camera crew catches up with David Brent, the former star of the fictional British TV series The Office (2001), as he now fancies himself a rock star on the road.",English,"United Kingdom, United States, Canada",1 win & 2 nominations total,https://m.media-amazon.com/images/M/MV5BMjE5MzI1ODE4NV5BMl5BanBnXkFtZTgwOTAwMDE0OTE@._V1_SX300.jpg,"[{'Source': 'Internet Movie Database', 'Value': '6.3/10'}, {'Source': 'Rotten Tomatoes', 'Value': '57%'}, {'Source': 'Metacritic', 'Value': '54/100'}]",54,6.3,"22,466",tt3137630,movie,N/A,N/A,N/A,N/A,
True,,Dawn of the Croods,Dawn of the Croods,2015–2017,TV-Y7,24 Dec 2015,1 min,"Animation, Adventure, Comedy",N/A,N/A,"Dan Milano, A.J. LoCascio, Laraine Newman","Eep, Grug, Thunk, Ugga, Sandy and Gran are back. Follow them as they meet new friends, outrun new creatures and encounter ""firsts"" the world has never seen - such as school, slumber parties, hiccups and elections.",English,"United States, South Korea, Canada, Philippines",4 nominations,https://m.media-amazon.com/images/M/MV5BZjMzOGU5YjEtY2YyYS00MzVjLTk3NjAtNjkwZjQ0MGRiZTBhXkEyXkFqcGc@._V1_SX300.jpg,"[{'Source': 'Internet Movie Database', 'Value': '5.8/10'}]",N/A,5.8,909,tt5193172,series,,,,,4
True,,The Adventures of Puss in Boots,The Adventures of Puss in Boots,2015–2018,TV-Y7,16 Jan 2015,23 min,"Animation, Action, Adventure",N/A,N/A,"Eric Bauza, Jayma Mays, Grey DeLisle","The famous cat protects the city of San Lorenzo, a mythical land invisible to the outside world.",English,"United States, India, Canada",1 win & 12 nominations total,https://m.media-amazon.com/images/M/MV5BNTU3MTI0NDE1M15BMl5BanBnXkFtZTgwMzU2ODI5NDE@._V1_SX300.jpg,"[{'Source': 'Internet Movie Database', 'Value': '6.5/10'}]",N/A,6.5,"2,751",tt3807034,series,,,,,6
False,Movie not found!,Grizzy & the Lemmings,,,,,,,,,,,,,,,,,,,,,,,,,
True,,Güeros,Los güeros también somos nacos,2016–,N/A,N/A,N/A,Comedy,N/A,N/A,"Lorena Velázquez, Lupe Vázquez, Pablo Cheng",N/A,Spanish,Mexico,N/A,N/A,[],N/A,N/A,N/A,tt11260730,series,,,,,N/A
True,,Front Cover,Front Cover,2015,Unrated,05 Aug 2016,87 min,"Comedy, Drama, Romance",Ray Yeung,Ray Yeung,"Jake Choi, James Chen, Jennie Page","When a gay fashion stylist works with a renowned foreign actor, they both embark on a journey of self-discovery.","English, Mandarin, Cantonese",United States,6 wins & 6 nominations,https://m.media-amazon.com/images/M/MV5BNDIxMTA5MTM2NV5BMl5BanBnXkFtZTgwNTQ5MzczOTE@._V1_SX300.jpg,"[{'Source': 'Internet Movie Database', 'Value': '6.5/10'}, {'Source': 'Rotten Tomatoes', 'Value': '83%'}, {'Source': 'Metacritic', 'Value': '52/100'}]",52,6.5,"1,415",tt3185602,movie,N/A,"$26,409",N/A,N/A,
False,Movie not found!,Terrace House: Boys & Girls in the City,,,,,,,,,,,,,,,,,,,,,,,,,
True,,Rocco,Rocco,2016,TV-MA,01 Sep 2017,105 min,Documentary,"Thierry Demaizière, Alban Teurlai",N/A,"Rocco Siffredi, Anikka Albrite, Veronica Avluv",A behind-the-scene account of the porn world and its stars as they've never been seen before - and the no-holds-barred portrait of a true giant.,"French, Hungarian, Italian, English",France,1 win,https://m.media-amazon.com/images/M/MV5BOGY5ZmY2ODAtMzc3Mi00MWMyLThkNzMtOTdlYzJiNWMwNTk4XkEyXkFqcGc@._V1_SX300.jpg,"[{'Source': 'Internet Movie Database', 'Value': '5.7/10'}]",N/A,5.7,"4,373",tt5788462,movie,N/A,N/A,N/A,N/A,
True,,Club de Cuervos,Club de Cuervos,2015–2019,TV-MA,07 Aug 2015,40 min,"Comedy, Drama, Sport",N/A,"Gary Alazraki, Michael Lam","Luis Gerardo Méndez, Mariana Treviño, Jesús Zavala","When the patriarch of a prominent family dies, his heirs battle to determine who will gain control of his beloved soccer team: The Cuervos of Nuevo Toledo.",Spanish,Mexico,2 wins & 1 nomination total,https://m.media-amazon.com/images/M/MV5BMzU4ZTdmZmQtMWQ4YS00NjgxLWJmYjctZWQ4ZGZlYTY0MzViXkEyXkFqcGc@._V1_SX300.jpg,"[{'Source': 'Internet Movie Database', 'Value': '8.2/10'}]",N/A,8.2,"6,572",tt4680240,series,,,,,4
True,,T@gged,T@gged,2016–2018,TV-14,19 Jul 2016,18 min,"Drama, Mystery, Thriller",N/A,Hannah Macpherson,"Lulu Antariksa, Katelyn Nacon, Nick Fink",A series of violent videos from an unknown user named 'monkeyman' target a group of high school students whose pasts are connected.,English,United States,N/A,https://m.media-amazon.com/images/M/MV5BNzg1NjI5NDAtYWY1Ni00YmMwLWFkMjYtZjQ4Mzk4NDA2ZjlhXkEyXkFqcGc@._V1_SX300.jpg,"[{'Source': 'Internet Movie Database', 'Value': '7.1/10'}]",N/A,7.1,"2,521",tt5881326,series,,,,,3
True,,Ratchet & Clank,Ratchet & Clank,2016,PG,29 Apr 2016,94 min,"Animation, Action, Adventure","Kevin Munroe, Jericca Cleland","T.J. Fixman, Kevin Munroe, Gerry Swallow","James Arnold Taylor, David Kaye, Jim Ward","When the galaxy comes under the threat of a nefarious space captain, a mechanic and his newfound robot ally join an elite squad of combatants to save the universe.",English,"Hong Kong, Canada, United States, China",1 win & 6 nominations total,https://m.media-amazon.com/images/M/MV5BNDMxMjkzOTEzOV5BMl5BanBnXkFtZTgwNDExNjk5NzE@._V1_SX300.jpg,"[{'Source': 'Internet Movie Database', 'Value': '5.5/10'}, {'Source': 'Rotten Tomatoes', 'Value': '22%'}, {'Source': 'Metacritic', 'Value': '29/100'}]",29,5.5,"12,190",tt2865120,movie,N/A,"$8,821,329",N/A,N/A,
True,,Crazyhead,Crazyhead,2016,TV-MA,16 Dec 2016,60 min,"Comedy, Horror, Sci-Fi",N/A,Howard Overman,"Cara Theobold, Susan Wokoma, Lewis Reeves",Amy and Raquel attempt to navigate their way through the choppy waters of their early twenties whilst simultaneously kicking ass on some seriously gnarly demons. What could possibly go wrong?,English,United Kingdom,3 wins total,https://m.media-amazon.com/images/M/MV5BYTgyZWRiMWQtMmY2ZC00MmJmLWFkMjAtZDdlNjgyODMzZGRkXkEyXkFqcGc@._V1_SX300.jpg,"[{'Source': 'Internet Movie Database', 'Value': '7.2/10'}]",N/A,7.2,"5,600",tt6038584,series,,,,,1
True,,The Darkness,The Darkness,2016,PG-13,13 May 2016,92 min,"Horror, Thriller",Greg McLean,"Greg McLean, Shayne Armstrong, S.P. Krause","Kevin Bacon, Radha Mitchell, David Mazouz","A family unknowingly awakens an ancient supernatural entity on a Grand Canyon vacation, and must fight for survival when it follows them home.",English,United States,N/A,https://m.media-amazon.com/images/M/MV5BMjIxMTg2NjAyMV5BMl5BanBnXkFtZTgwNDE5ODIxODE@._V1_SX300.jpg,"[{'Source': 'Internet Movie Database', 'Value': '4.5/10'}, {'Source': 'Rotten Tomatoes', 'Value': '3%'}, {'Source': 'Metacritic', 'Value': '27/100'}]",27,4.5,"17,370",tt1878841,movie,N/A,"$10,753,574",N/A,N/A,
True,,The Windsors,The Windsors,2016–,TV-MA,16 Dec 2017,30 min,Comedy,N/A,"George Jeffrie, Bert Tyler-Moore","Celeste Dring, Louise Ford, Hugh Skinner",Comedy soap opera re-imagining the lives of the British Royal Family as you have never seen them before.,English,United Kingdom,Nominated for 1 BAFTA Award1 win & 1 nomination total,https://m.media-amazon.com/images/M/MV5BNjRiMjUyNzMtOTE0OC00ZTA1LWExMmEtNzhiNTFlNDI5NDIyXkEyXkFqcGc@._V1_SX300.jpg,"[{'Source': 'Internet Movie Database', 'Value': '7.2/10'}]",N/A,7.2,"3,590",tt5692740,series,,,,,3
True,,The K2,The K2,2016,TV-14,03 Nov 2020,60 min,"Drama, Romance, Thriller",N/A,N/A,"Ji Chang-wook, Song Yun-ah, Im Yoon-ah","A highly trained special ops agent goes off the grid after being framed for murder, and is hired as a bodyguard when the powerful and influential father of a troubled girl sees his skills.",Korean,South Korea,N/A,https://m.media-amazon.com/images/M/MV5BODhkODkxN2QtZWVmMy00ODJjLWIwNjAtY2Y0MWE1NWI2M2Y3XkEyXkFqcGc@._V1_SX300.jpg,"[{'Source': 'Internet Movie Database', 'Value': '7.8/10'}]",N/A,7.8,"10,933",tt5966882,series,,,,,1
True,,Marco Polo: One Hundred Eyes,Marco Polo: One Hundred Eyes,2015,TV-MA,26 Dec 2015,28 min,"Action, Drama, History",Alik Sakharov,John Fusco,"Benedict Wong, Tom Wu, Lorenzo Richelmy",Before he lost his sight. Before he pledged his service to Kublai Khan. Hundred Eyes saw what made him into the deadly assassin who trains Marco Polo.,English,United States,2 nominations total,https://m.media-amazon.com/images/M/MV5BZDFhYWQ0YzAtZTFhZC00ZGUyLTkxY2MtZWE3MmYzZTg1MDkxXkEyXkFqcGc@._V1_SX300.jpg,"[{'Source': 'Internet Movie Database', 'Value': '7.7/10'}]",N/A,7.7,"11,881",tt5235348,movie,N/A,N/A,N/A,N/A,
False,Movie not found!,Netflix Presents: The Characters,,,,,,,,,,,,,,,,,,,,,,,,,
False,Movie not found!,W/ Bob & David,,,,,,,,,,,,,,,,,,,,,,,,,
True,,The Mr. Peabody & Sherman Show,The Mr. Peabody & Sherman Show,2015–2017,TV-Y7,09 Oct 2015,23 min,"Animation, Adventure, Comedy",N/A,N/A,"Chris Parnell, Max Charles, David P. Smith",The world's smartest dog and his boy host a TV talk show.,English,United States,4 wins & 10 nominations,https://m.media-amazon.com/images/M/MV5BM2FlOWMxZDUtM2Q5Ni00NzE0LWIyZTEtZjY3YmMxYzMyZTAzXkEyXkFqcGc@._V1_SX300.jpg,"[{'Source': 'Internet Movie Database', 'Value': '5.7/10'}]",N/A,5.7,590,tt5021206,series,,,,,4
True,,Between,Between,2015–2016,TV-14,21 May 2015,60 min,"Drama, Mystery, Sci-Fi",N/A,Michael McGowan,"Jennette McCurdy, Jesse Carere, Justin Kelly","After a mysterious disease kills every resident over 22 years old, survivors of a town must fend for themselves when the government quarantines them",English,Canada,4 nominations total,https://m.media-amazon.com/images/M/MV5BMjgxZDc4NDktMTdhOC00MDBjLWJiNGItMzBlNTU5N2NlM2FmXkEyXkFqcGc@._V1_SX300.jpg,"[{'Source': 'Internet Movie Database', 'Value': '6.0/10'}]",N/A,6.0,"10,390",tt4132692,series,,,,,2
True,,Love O2O,Love O2O,2016–,N/A,22 Aug 2016,45 min,"Drama, Romance",N/A,Man Gu,"Yang Yang, Shuang Zheng, Denny Huang",A story of two popular college students who fell in love through an online game.,Chinese,China,3 wins & 2 nominations total,https://m.media-amazon.com/images/M/MV5BNTkwMTEwNTAtODViYS00OTFkLTlhMzUtYWQzMGNhZTRiZDY1XkEyXkFqcGc@._V1_SX300.jpg,"[{'Source': 'Internet Movie Database', 'Value': '7.7/10'}]",N/A,7.7,"3,678",tt6055498,series,,,,,1
True,,Puffin Rock,Puffin Rock,2015–2016,TV-Y,06 Jul 2021,7 min,"Animation, Family",N/A,Lily Bernard,"Kate McCafferty, Chris O'Dowd, Sally McDaid","Puffin Rock follows the adventures of Oona, her little brother Baba, and their family and friends on a gorgeous and wild Irish island.",English,"Ireland, United States, United Kingdom",2 wins & 9 nominations total,https://m.media-amazon.com/images/M/MV5BMjVlNWM4ZjQtMTAyZS00NzM1LThlZjYtN2JmZDJhMDU2ZWUwXkEyXkFqcGc@._V1_SX300.jpg,"[{'Source': 'Internet Movie Database', 'Value': '8.6/10'}]",N/A,8.6,"1,253",tt3590338,series,,,,,2
True,,Care Bears and Cousins,Care Bears and Cousins,2015–2016,TV-Y,06 Nov 2015,132 min,Animation,N/A,N/A,"Olivia Hack, Braeden Marcott, Stephanie Sheh","The Care Bears are at it again, with fun adventures with their cousins, learning valuable lessons about friendship, hard work and most of all, caring. All in wonderful and colorful 3D CGI animated.",English,United States,N/A,https://m.media-amazon.com/images/M/MV5BZGFiMzdhNmEtZjY2NS00OGYyLWI0YTEtZTZiMThhYjM5Mzk0XkEyXkFqcGc@._V1_SX300.jpg,"[{'Source': 'Internet Movie Database', 'Value': '6.8/10'}]",N/A,6.8,100,tt4680360,series,,,,,2
True,,Tramps,Tramps,2016,N/A,21 Apr 2017,82 min,"Adventure, Romance",Adam Leon,"Adam Leon, Jamund Washington","Callum Turner, Grace Van Patten, Michal Vondel",A young man and woman find love in an unlikely place while carrying out a shady deal.,"English, Polish",United States,1 nomination,https://m.media-amazon.com/images/M/MV5BODhmZmU1NmEtOGNlZi00ZmYzLWE1YmItNmE4ZDQ5Zjc3NGZmXkEyXkFqcGc@._V1_SX300.jpg,"[{'Source': 'Internet Movie Database', 'Value': '6.5/10'}, {'Source': 'Rotten Tomatoes', 'Value': '91%'}, {'Source': 'Metacritic', 'Value': '76/100'}]",76,6.5,"6,406",tt4991512,movie,N/A,N/A,N/A,N/A,
True,,Dragons: Race to the Edge,Dragons: Race to the Edge,2015–2018,TV-Y7-FV,26 Jun 2015,1 min,"Animation, Action, Adventure",N/A,N/A,"Jay Baruchel, America Ferrera, Zack Pearlman","Unlock the secrets of the Dragon Eye and come face to face with more dragons than anyone has ever imagined as Hiccup, Toothless and the Dragon Riders soar to the edge of adventure.",English,United States,2 wins & 9 nominations total,https://m.media-amazon.com/images/M/MV5BZTVkNzUyMGYtNjAyMy00YTlmLWE1YjUtYzhlMjZiNjYwOTVhXkEyXkFqcGc@._V1_SX300.jpg,"[{'Source': 'Internet Movie Database', 'Value': '8.2/10'}]",N/A,8.2,"9,157",tt4816058,series,,,,,6
True,,LEGO Marvel Super Heroes: Avengers Reassembled!,Lego Marvel Super Heroes: Avengers Reassembled,2015,Not Rated,16 Nov 2015,22 min,"Animation, Short, Action",Rob Silvestri,Mark Hoffmeier,"Laura Bailey, Troy Baker, Eric Bauza","The Avengers are forced to ""party"" with Ultron when he seeks to disassemble the team by taking control of Iron Man's armor and enact a nefarious scheme to take over the world.",English,United States,N/A,https://m.media-amazon.com/images/M/MV5BMTllMmI0NWMtYzI1Zi00YTIzLTk5MDUtNmRmN2VhZDhiMWMxXkEyXkFqcGc@._V1_SX300.jpg,"[{'Source': 'Internet Movie Database', 'Value': '6.1/10'}]",N/A,6.1,"1,101",tt5371572,movie,N/A,N/A,N/A,N/A,
True,,Marauders,Marauders,2016,R,01 Jul 2016,107 min,"Action, Crime, Thriller",Steven C. Miller,"Michael Cody, Chris Sivertson","Bruce Willis, Christopher Meloni, Dave Bautista","When a bank is hit by a brutal heist, all evidence points to the owner and his high-powered clients. But as a group of FBI agents dig deeper into the case - and the deadly heists continue - it becomes clear that a larger conspirac...",English,"Canada, United States",N/A,https://m.media-amazon.com/images/M/MV5BODU2OTc1OTgyMF5BMl5BanBnXkFtZTgwOTU4OTMxOTE@._V1_SX300.jpg,"[{'Source': 'Internet Movie Database', 'Value': '5.5/10'}, {'Source': 'Rotten Tomatoes', 'Value': '22%'}, {'Source': 'Metacritic', 'Value': '42/100'}]",42,5.5,"24,250",tt3963816,movie,N/A,N/A,N/A,N/A,
True,,Case,Case,2015–,N/A,18 Oct 2015,45 min,"Crime, Drama, Mystery",N/A,N/A,"Steinunn Ólína Þorsteinsdóttir, Magnús Jónsson, Birna Rún Eiríksdóttir",A smart lawyer whose drinking and recklessness send him on a path of self-destruction finds new purpose investigating a teenager's apparent suicide.,Icelandic,Iceland,2 wins & 6 nominations,https://m.media-amazon.com/images/M/MV5BZjc1YTllY2QtOTQyYy00NTA3LWE0YTUtMGQ0ZWNjYTE4NTE2XkEyXkFqcGc@._V1_SX300.jpg,"[{'Source': 'Internet Movie Database', 'Value': '7.0/10'}]",N/A,7.0,"2,925",tt5038858,series,,,,,1
True,,The Method,The Method,2005,N/A,23 Sep 2005,115 min,"Drama, Thriller",Marcelo Piñeyro,"Jordi Galceran, Mateo Gil, Marcelo Piñeyro","Eduardo Noriega, Najwa Nimri, Eduard Fernández",7 Spanish top corporate job candidates are left in a room and informed on computer screens about their tasks and that one of them is an observer. Let the psyching begin.,"Spanish, English, French","Spain, Argentina, Italy",11 wins & 14 nominations total,https://m.media-amazon.com/images/M/MV5BMTc4Mjg3OTIxMV5BMl5BanBnXkFtZTcwMjg3MTg0MQ@@._V1_SX300.jpg,"[{'Source': 'Internet Movie Database', 'Value': '7.1/10'}, {'Source': 'Rotten Tomatoes', 'Value': '72%'}, {'Source': 'Metacritic', 'Value': '68/100'}]",68,7.1,"12,527",tt0427582,movie,N/A,"$7,017",N/A,N/A,
True,,Special Correspondents,Special Correspondents,2016,TV-MA,29 Apr 2016,101 min,Comedy,Ricky Gervais,"Ricky Gervais, Jacques Labib, Simon Michaël","Ricky Gervais, Eric Bana, Vera Farmiga",A radio journalist and his technician get in over their heads when they hatch a scheme to fake their own kidnapping during a rebel uprising in South America and hide out in New York instead.,"English, Spanish","Canada, United Kingdom, United States",N/A,https://m.media-amazon.com/images/M/MV5BMTQ2MzUwODQzMF5BMl5BanBnXkFtZTgwMTA5MDM0ODE@._V1_SX300.jpg,"[{'Source': 'Internet Movie Database', 'Value': '5.9/10'}, {'Source': 'Rotten Tomatoes', 'Value': '16%'}, {'Source': 'Metacritic', 'Value': '36/100'}]",36,5.9,"26,928",tt4181052,movie,N/A,N/A,N/A,N/A,
True,,La Niña,La niña,2016–,TV-MA,N/A,N/A,Drama,N/A,N/A,"Ana María Estupiñán, Sebastian Eslava, Laura Archbold","A young woman who was part of the guerrilla force now seeks a better life in the city. She wants to study medicine, to heal instead of hurt, but she'll have a challenge since being part of outside-the-law groups always leaves cons...",Spanish,Colombia,6 wins & 1 nomination,https://m.media-amazon.com/images/M/MV5BZWIzMmJmNTctNjhlNy00ZDQ3LTg0ZGQtMGZiNTg2ODE3ZWE1XkEyXkFqcGc@._V1_SX300.jpg,"[{'Source': 'Internet Movie Database', 'Value': '8.3/10'}]",N/A,8.3,728,tt5677942,series,,,,,1
True,,Baaghi,Baaghi,2016,Not Rated,29 Apr 2016,133 min,"Action, Drama, Romance",Sabbir Khan,"Shifuji Shaurya Bharadwaj, Sanjeev Datta, Sanjeev Dutta","Tiger Shroff, Shraddha Kapoor, Sudheer Babu Posani",A martial artist faces his biggest test when he has to travel to Bangkok to rescue the woman he loves from the clutches of his romantic rival.,Hindi,India,3 wins & 5 nominations total,https://m.media-amazon.com/images/M/MV5BMzczODY2ZmMtYjU4MS00MzFjLTk2YTAtYTMyMmFlNTk3OTIyXkEyXkFqcGc@._V1_SX300.jpg,"[{'Source': 'Internet Movie Database', 'Value': '5.4/10'}, {'Source': 'Rotten Tomatoes', 'Value': '33%'}]",N/A,5.4,"11,007",tt4864932,movie,N/A,"$438,207",N/A,N/A,
True,,Midnight Diner: Tokyo Stories,Midnight Diner: Tokyo Stories,2016–2019,TV-14,21 Oct 2016,24 min,Drama,N/A,N/A,"Kaoru Kobayashi, Mansaku Fuwa, Asako Kobayashi",An anthology of human relationship stories connected by the only open in the wee hours diner the characters frequent. Resolutions are often facilitated by the owner/chef.,Japanese,Japan,N/A,https://m.media-amazon.com/images/M/MV5BOGYwOTEwMTAtYjY1NC00NTY1LWFiYzUtODQyY2FiMWMyMzg1XkEyXkFqcGc@._V1_SX300.jpg,"[{'Source': 'Internet Movie Database', 'Value': '8.4/10'}]",N/A,8.4,"5,092",tt6150576,series,,,,,2
True,,Tallulah,Tallulah,2016,N/A,29 Jul 2016,111 min,"Comedy, Drama, Romance",Sian Heder,Sian Heder,"Elliot Page, Allison Janney, Tammy Blanchard","Desperate to be rid of her toddler, a dissatisfied Manhattan housewife hires a stranger to babysit and ends up getting much more than she bargained for.",English,United States,2 nominations total,https://m.media-amazon.com/images/M/MV5BMGNkNmVhMmYtNzE5YS00MmIwLTk5N2ItZDIzNDZmMWRlOTJhXkEyXkFqcGc@._V1_SX300.jpg,"[{'Source': 'Internet Movie Database', 'Value': '6.7/10'}, {'Source': 'Rotten Tomatoes', 'Value': '85%'}, {'Source': 'Metacritic', 'Value': '63/100'}]",63,6.7,"21,916",tt1639084,movie,N/A,N/A,N/A,N/A,
True,,Inside the World's Toughest Prisons,Inside the World's Toughest Prisons,2016–2023,TV-MA,20 Apr 2016,47 min,Documentary,N/A,N/A,"Raphael Rowe, Paul Connelly, Marios El Khoury","Imagine being in jail. Now imagine living in a foreign country. Scary? Paul Connelly takes you inside these jails. He shows what living conditions are for the inmates, as well as the guards. You'll never look at prison the same.",English,United Kingdom,N/A,https://m.media-amazon.com/images/M/MV5BNDE2ZjBjZTEtMjJmNy00YzE5LTk1ZWYtYmU3YWZhMjEyNjdmXkEyXkFqcGc@._V1_SX300.jpg,"[{'Source': 'Internet Movie Database', 'Value': '7.2/10'}]",N/A,7.2,"4,263",tt6322264,series,,,,,7
True,,Conspiracy,Conspiracy,2001,R,19 May 2001,96 min,"Biography, Drama, History",Frank Pierson,Loring Mandel,"Clare Bullus, Stanley Tucci, Simon Markey","At the Wannsee Conference on January 20, 1942, senior Nazi officials meet to determine the manner in which the so-called ""Final Solution to the Jewish Question"" can be best implemented.","English, German, Latin","United States, United Kingdom",Won 2 Primetime Emmys. 7 wins & 21 nominations total,https://m.media-amazon.com/images/M/MV5BY2Y0NTU4MTUtMTMyOC00MDk5LTg3ODMtY2Q4ZjAwNGYzN2IyXkEyXkFqcGc@._V1_SX300.jpg,"[{'Source': 'Internet Movie Database', 'Value': '7.6/10'}, {'Source': 'Rotten Tomatoes', 'Value': '100%'}]",N/A,7.6,"27,489",tt0266425,movie,N/A,N/A,N/A,N/A,
True,,Bert Kreischer: The Machine,Bert Kreischer: The Machine,2016,TV-MA,11 Nov 2016,70 min,Comedy,Ryan Polito,Bert Kreischer,Bert Kreischer,"Stand-up comedy special featuring inimitable storyteller Bert Kreisher, who expounds on a series of incredible and hilarious tales - from an unforgettable run-in with a grizzly bear to his legendary travels in Russia.",English,United States,N/A,https://m.media-amazon.com/images/M/MV5BN2ZjNzg4NWUtODI4Mi00M2RhLWI5Y2QtMDBmOWZhZWFiMWUwXkEyXkFqcGc@._V1_SX300.jpg,"[{'Source': 'Internet Movie Database', 'Value': '7.6/10'}]",N/A,7.6,"2,228",tt6545220,movie,N/A,N/A,N/A,N/A,
True,,The Deep,The Deep,1977,PG,17 Jun 1977,123 min,"Adventure, Mystery, Thriller",Peter Yates,"Peter Benchley, Tracy Keenan Wynn","Jacqueline Bisset, Nick Nolte, Dick Anthony Williams","In Bermuda, two amateur treasure-hunting divers have a run-in with local criminals when they inadvertently discover the secret cargo of a World War II shipwreck.","English, French","United Kingdom, United States",Nominated for 1 Oscar. 4 nominations total,https://m.media-amazon.com/images/M/MV5BNzg4YzgxOWItYjM5OC00ZDE2LWI2ZDUtZjhmN2U5NjQ3MDdmXkEyXkFqcGc@._V1_SX300.jpg,"[{'Source': 'Internet Movie Database', 'Value': '6.2/10'}, {'Source': 'Rotten Tomatoes', 'Value': '40%'}, {'Source': 'Metacritic', 'Value': '41/100'}]",41,6.2,"14,857",tt0075925,movie,N/A,"$47,346,365",N/A,N/A,
True,,Rosario Tijeras,Rosario Tijeras,2005,R,12 Aug 2005,126 min,"Crime, Drama, Romance",Emilio Maillé,"Marcelo Figueras, Jorge Franco Ramos","Flora Martínez, Unax Ugalde, Manolo Cardona","Two friends meet and are seduced by sensuous hit woman Rosario Tijeras. Full of hatred, violence is her way of life. The trio loose themselves in a passionate love triangle where the pain of love will be confused with that of death.",Spanish,"Colombia, Mexico, Spain, Brazil",3 wins & 3 nominations,https://m.media-amazon.com/images/M/MV5BZjVjNmIwMDAtZjNlNC00NjE0LTgxZWQtZDQwZDA2NTM5MmFlXkEyXkFqcGc@._V1_SX300.jpg,"[{'Source': 'Internet Movie Database', 'Value': '6.3/10'}]",N/A,6.3,"2,562",tt0382271,movie,N/A,N/A,N/A,N/A,
True,,Amanda Knox,Amanda Knox,2016,TV-MA,30 Sep 2016,92 min,"Documentary, Crime","Rod Blackhurst, Brian McGinn","Matthew Hamachek, Brian McGinn","Amanda Knox, Meredith Kercher, Raffaele Sollecito",American exchange student Amanda Knox is charged with the 2007 death of another student in Italy.,"English, Italian","Denmark, United States",Nominated for 2 Primetime Emmys. 8 nominations total,https://m.media-amazon.com/images/M/MV5BNTY5NjE4MTQyNF5BMl5BanBnXkFtZTgwMzg1NjEwMDI@._V1_SX300.jpg,"[{'Source': 'Internet Movie Database', 'Value': '6.9/10'}, {'Source': 'Rotten Tomatoes', 'Value': '82%'}, {'Source': 'Metacritic', 'Value': '78/100'}]",78,6.9,"26,523",tt5952332,movie,N/A,N/A,N/A,N/A,
True,,Sniper: Ghost Shooter,Sniper: Ghost Shooter,2016,R,02 Aug 2016,99 min,"Action, Drama, Thriller, War",Don Michael Paul,"Michael Frost Beckner (based on characters created by), Crash Leyland (based on characters created by), Chris Hauty (screenplay by)","Chad Michael Collins, Billy Zane, Dennis Haysbert, Nick Gomez",Snipers ordered to protect a gas pipeline from terrorists suspect a security breach when they're targeted by a ghost shooter who knows their location.,English,USA,N/A,https://m.media-amazon.com/images/M/MV5BZGFjOGVjNjctN2ZhZS00MWYxLTk3MGEtZWRjNTgzZmRkZjJlXkEyXkFqcGdeQXVyMjQ1MDE0NzU@._V1_SX300.jpg,"[{'Source': 'Internet Movie Database', 'Value': '5.4/10'}, {'Source': 'Rotten Tomatoes', 'Value': '34%'}]",N/A,5.4,"3,292",tt5090828,movie,02 Aug 2016,N/A,N/A,N/A,
True,,Bella and the Bulldogs,Bella and the Bulldogs,2015–2016,TV-G,17 Jan 2015,1 min,"Comedy, Drama, Family",N/A,"Jonathan Butler, Gabriel Alejandro Garza","Brec Bassinger, Coy Stewart, Jackie Radinsky","Perky head cheerleader Bella's life in Texas takes an unexpected turn when she becomes the new quarterback for her school's football team, the Bulldogs.",English,United States,4 wins & 6 nominations total,https://m.media-amazon.com/images/M/MV5BYjVmYWZlNzQtNTg3MS00YWE2LWFhOTQtMGJmNmRmZTA0OWMxXkEyXkFqcGc@._V1_SX300.jpg,"[{'Source': 'Internet Movie Database', 'Value': '5.3/10'}]",N/A,5.3,"2,841",tt3596178,series,,,,,2
True,,Results,Results,2015,R,29 May 2015,105 min,"Comedy, Romance",Andrew Bujalski,Andrew Bujalski,"Guy Pearce, Cobie Smulders, Kevin Corrigan","Two mismatched personal trainers' lives are upended by the actions of a new, wealthy client.","English, Japanese",United States,5 nominations total,https://m.media-amazon.com/images/M/MV5BMTQ4MjEzMzQ1Ml5BMl5BanBnXkFtZTgwODUyNTQzNTE@._V1_SX300.jpg,"[{'Source': 'Internet Movie Database', 'Value': '5.5/10'}, {'Source': 'Rotten Tomatoes', 'Value': '85%'}, {'Source': 'Metacritic', 'Value': '73/100'}]",73,5.5,"7,942",tt3824412,movie,N/A,"$104,507",N/A,N/A,
True,,Sebastian Maniscalco: Why Would You Do That?,Sebastian Maniscalco: Why Would You Do That?,2016,TV-14,01 Oct 2016,63 min,Comedy,Joe DeMaio,Sebastian Maniscalco,Sebastian Maniscalco,"Filmed at the legendary Beacon Theatre, Sebastian Maniscalco continues to deliver his signature comedy style that blends high-energy physical acts-outs and hilariously demonstrative facial expressions.",English,United States,N/A,https://m.media-amazon.com/images/M/MV5BOGZkYTc2YzAtYjRiNy00NzRjLTkxMTQtYmRlNDc4YjU0ODY3XkEyXkFqcGc@._V1_SX300.jpg,"[{'Source': 'Internet Movie Database', 'Value': '7.4/10'}]",N/A,7.4,"1,367",tt6295304,movie,N/A,N/A,N/A,N/A,
True,,Chelsea Does,Chelsea Does,2016,TV-MA,23 Jan 2016,70 min,"Documentary, Talk-Show",N/A,N/A,"Chelsea Handler, Steven David, Mary McCormack","Comedienne and writer Chelsea Handler discusses the topics of marriage, racism, Silicon Valley, and drugs.",English,United States,2 nominations,https://m.media-amazon.com/images/M/MV5BN2UzZTM2ZTktZjJhNC00YmNkLWIyMzMtMjVmNzg5M2Y5YTRjXkEyXkFqcGc@._V1_SX300.jpg,"[{'Source': 'Internet Movie Database', 'Value': '7.4/10'}]",N/A,7.4,"2,602",tt5275894,series,,,,,1
True,,The Young Messiah,The Young Messiah,2016,PG-13,11 Mar 2016,111 min,"Drama, Fantasy",Cyrus Nowrasteh,"Betsy Giffen Nowrasteh, Cyrus Nowrasteh, Anne Rice","Adam Greaves-Neal, Vincent Walsh, Sara Lazzaro","Tells the story of Jesus Christ at age seven as he and his family depart Egypt to return home to Nazareth. Told from his childhood perspective, it follows young Jesus as he grows into his religious identity.",English,"United States, South Korea",3 wins total,https://m.media-amazon.com/images/M/MV5BMTU4NzM3NzczMF5BMl5BanBnXkFtZTgwMzM0NjkwNzE@._V1_SX300.jpg,"[{'Source': 'Internet Movie Database', 'Value': '5.7/10'}, {'Source': 'Rotten Tomatoes', 'Value': '50%'}, {'Source': 'Metacritic', 'Value': '33/100'}]",33,5.7,"4,016",tt1002563,movie,N/A,"$6,490,401",N/A,N/A,
True,,Molang,Molang,2015–,TV-Y,31 Dec 2015,N/A,"Animation, Short, Comedy",N/A,N/A,"Bruno Guéraçague, Nathalie Stas","Molang's and Piu Piu's friends suggest they go on a bicycle ride, but Piu Piu can't keep up with them. Molang is going to do everything he can to make sure his friend also enjoy the ride.","English, French, Greek, None","France, United Kingdom, Mongolia, Canada, South Korea, Israel",N/A,https://m.media-amazon.com/images/M/MV5BZmVjOGZhNzMtMzMwMS00MmIzLWE2NWEtZDU0MGY2MzYzMzE4XkEyXkFqcGc@._V1_SX300.jpg,"[{'Source': 'Internet Movie Database', 'Value': '8.2/10'}]",N/A,8.2,512,tt6046238,series,,,,,6
True,,Ask the Storybots,Ask the StoryBots,2016–2019,TV-Y,12 Aug 2016,1 min,"Animation, Adventure, Comedy",N/A,"Evan Spiridellis, Gregg Spiridellis","Judy Greer, Erin Fitzgerald, Fred Tatasciore","Based on the award-winning educational apps, the StoryBots are curious little creatures who live in the world beneath our screens and go on fun adventures to help answer kids' questions.",English,United States,7 wins & 16 nominations total,https://m.media-amazon.com/images/M/MV5BYTBlYjhhYWYtMjcwMi00YTZiLThlNmMtOWJjNjVlY2JjMjQwXkEyXkFqcGc@._V1_SX300.jpg,"[{'Source': 'Internet Movie Database', 'Value': '8.5/10'}]",N/A,8.5,"1,131",tt5846856,series,,,,,3
True,,Heidi,Heidi,2015,N/A,25 Oct 2016,111 min,"Drama, Family",Alain Gsponer,"Petra Biondina Volpe, Johanna Spyri","Anuk Steffen, Anna Schinz, Lilian Naef",A story of a young girl who lives in the Swiss Alps with her goat herding Grandfather.,"German, Swiss German, Afrikaans","Germany, Switzerland, France",4 wins & 7 nominations total,https://m.media-amazon.com/images/M/MV5BZDBjZjY0ZjMtNGFlNi00YWRmLThkYjUtY2Q3YmFlMmJkYzI5XkEyXkFqcGc@._V1_SX300.jpg,"[{'Source': 'Internet Movie Database', 'Value': '7.4/10'}, {'Source': 'Rotten Tomatoes', 'Value': '100%'}]",N/A,7.4,"7,836",tt3700392,movie,N/A,N/A,N/A,N/A,
True,,Term Life,Term Life,2016,R,29 Apr 2016,93 min,"Action, Crime, Drama",Peter Billingsley,"Andy Lieberman, Nick Thornborrow","Vince Vaughn, Hailee Steinfeld, Bill Paxton",A guy wanted around town by various hitmen hopes to stay alive long enough for his life insurance policy to kick in and pay out for his estranged daughter.,English,United States,N/A,https://m.media-amazon.com/images/M/MV5BMjA4MzQwNTk4Ml5BMl5BanBnXkFtZTgwOTQxOTAxODE@._V1_SX300.jpg,"[{'Source': 'Internet Movie Database', 'Value': '5.6/10'}, {'Source': 'Rotten Tomatoes', 'Value': '0%'}, {'Source': 'Metacritic', 'Value': '23/100'}]",23,5.6,"8,883",tt2978102,movie,N/A,"$21,256",N/A,N/A,
True,,For the Love of Spock,For the Love of Spock,2016,Not Rated,09 Sep 2016,111 min,"Documentary, Biography",Adam Nimoy,N/A,"Chris Pine, Zoe Saldaña, Simon Pegg",An examination of the enduring appeal of Leonard Nimoy and his portrayal of Spock in Star Trek (1966).,English,"Canada, United States",2 wins total,https://m.media-amazon.com/images/M/MV5BMjM2Mjg4Mjk5Nl5BMl5BanBnXkFtZTgwMTE1OTE5OTE@._V1_SX300.jpg,"[{'Source': 'Internet Movie Database', 'Value': '7.6/10'}, {'Source': 'Rotten Tomatoes', 'Value': '100%'}, {'Source': 'Metacritic', 'Value': '74/100'}]",74,7.6,"5,020",tt4572820,movie,N/A,"$80,141",N/A,N/A,
True,,John Mulaney: The Comeback Kid,John Mulaney: The Comeback Kid,2015,TV-MA,13 Nov 2015,62 min,Comedy,Rhys Thomas,John Mulaney,"Petunia, John Mulaney, Amanda Walsh","Armed with boyish charm and a sharp wit, the former SNL writer offers sly takes on marriage, his beef with babies and the time he met Bill Clinton.",English,United States,Nominated for 1 Primetime Emmy. 1 nomination total,https://m.media-amazon.com/images/M/MV5BMzA3NjgyNDMtMTFkMS00Zjg4LWI0N2UtZGU2ODE4OTA0M2YyXkEyXkFqcGc@._V1_SX300.jpg,"[{'Source': 'Internet Movie Database', 'Value': '7.9/10'}, {'Source': 'Rotten Tomatoes', 'Value': '100%'}]",N/A,7.9,"9,761",tt5069564,movie,N/A,N/A,N/A,N/A,
True,,Incarnate,Incarnate,2016,PG-13,02 Dec 2016,87 min,"Horror, Thriller",Brad Peyton,Ronnie Christensen,"Aaron Eckhart, Carice van Houten, Catalina Sandino Moreno","A scientist with the ability to enter the subconscious minds of the possessed must save a young boy from the grips of a demon with powers never seen before, while facing the horrors of his past.",English,United States,N/A,https://m.media-amazon.com/images/M/MV5BOTI4NDkxMTAxM15BMl5BanBnXkFtZTgwMzU1Mzk5OTE@._V1_SX300.jpg,"[{'Source': 'Internet Movie Database', 'Value': '5.3/10'}, {'Source': 'Metacritic', 'Value': '30/100'}]",30,5.3,"14,609",tt3216348,movie,N/A,"$4,799,774",N/A,N/A,
True,,Message from the King,Message from the King,2016,R,04 Aug 2017,102 min,"Action, Crime, Drama",Fabrice du Welz,"Oliver Butcher, Stephen Cornwell","Chadwick Boseman, Luke Evans, Alfred Molina","Jacob King, a mysterious outsider from South Africa, arrives in Los Angeles to look for his missing younger sister.","English, Armenian","United Kingdom, France, Belgium, United States",1 nomination,https://m.media-amazon.com/images/M/MV5BODg0YmI2MDAtZGVkMi00NzMzLTg1ZGQtNmNiZmJhYTZmNmUwXkEyXkFqcGc@._V1_SX300.jpg,"[{'Source': 'Internet Movie Database', 'Value': '6.4/10'}, {'Source': 'Rotten Tomatoes', 'Value': '50%'}, {'Source': 'Metacritic', 'Value': '40/100'}]",40,6.4,"18,402",tt1712192,movie,N/A,N/A,N/A,N/A,
True,,Cooked,Cooked,2016,N/A,19 Feb 2016,60 min,Documentary,N/A,N/A,Michael Pollan,"As he tries his hand at baking, brewing and braising, acclaimed food writer Michael Pollan explores how cooking transforms food and shapes our world.",English,United States,1 nomination total,https://m.media-amazon.com/images/M/MV5BYWYzYWRjOWItNTljOC00MTk0LTk0NWEtMGU1N2JjZmFjY2UyXkEyXkFqcGc@._V1_SX300.jpg,"[{'Source': 'Internet Movie Database', 'Value': '8.0/10'}]",N/A,8.0,"3,232",tt5347906,series,,,,,1
True,,Kung Fu Panda: Secrets of the Scroll,Kung Fu Panda: Secrets of the Scroll,2016,TV-Y7,05 Jan 2016,23 min,"Animation, Short, Action",Rodolphe Guenoden,"Paul McEvoy, Ethan Reiff, Cyrus Voris","Jack Black, Eliott Guenoden, James Hong","As Po looks for his lost action figures, the story of how the panda inadvertently helped create the Furious Five is told.",English,"United States, India, Canada",1 nomination total,https://m.media-amazon.com/images/M/MV5BOTNjOWUxOTMtMjdjZi00NDYwLWJmZGQtZmI0MDA5ODk2MDY1XkEyXkFqcGc@._V1_SX300.jpg,"[{'Source': 'Internet Movie Database', 'Value': '6.9/10'}]",N/A,6.9,"3,202",tt5513770,movie,N/A,N/A,N/A,N/A,
True,,World of Winx,World of Winx,2016–2017,TV-Y7,04 Nov 2016,30 min,"Animation, Action, Comedy",N/A,Iginio Straffi,"Rebecca Soler, Alysha Deslorieux, Haven Burton Paschall",The Winx travel all over the world searching for talent for WOW. and preventing the mysterious talent thief from kidnapping them.,English,"Italy, United States",1 win,https://m.media-amazon.com/images/M/MV5BNTE4YjA3YTUtYzg5Mi00NDZjLThlY2ItMWEwMTFhNzUyNzYyXkEyXkFqcGc@._V1_SX300.jpg,"[{'Source': 'Internet Movie Database', 'Value': '6.6/10'}]",N/A,6.6,891,tt5874596,series,,,,,2
True,,Inspector Gadget,Inspector Gadget,1999,PG,23 Jul 1999,78 min,"Action, Adventure, Comedy",David Kellogg,"Andy Heyward, Jean Chalopin, Bruno Bianchi","Matthew Broderick, Rupert Everett, Joely Fisher",A security guard's dreams come true when he is selected to be transformed into a cybernetic police officer.,"English, Norwegian, French, Spanish",United States,1 win & 13 nominations total,https://m.media-amazon.com/images/M/MV5BZDJlODc3NWItODA4MC00ODhiLTllNjMtMzI0ZWFiZDUxODM2XkEyXkFqcGc@._V1_SX300.jpg,"[{'Source': 'Internet Movie Database', 'Value': '4.2/10'}, {'Source': 'Rotten Tomatoes', 'Value': '20%'}, {'Source': 'Metacritic', 'Value': '36/100'}]",36,4.2,"52,622",tt0141369,movie,N/A,"$97,403,112",N/A,N/A,
True,,Anthony Jeselnik: Thoughts and Prayers,Anthony Jeselnik: Thoughts and Prayers,2015,TV-MA,16 Oct 2015,59 min,Comedy,Adam Dubin,Anthony Jeselnik,"Anthony Jeselnik, Peggy",Stand up comedian and former Late Night with Jimmy Fallon writer Anthony Jeselnik brings his dark humor and wit to San Francisco.,English,United States,N/A,https://m.media-amazon.com/images/M/MV5BY2RhZTZiNzQtNzU5NC00OGI4LWExNjYtOTRiNjM4OWZiM2ViXkEyXkFqcGc@._V1_SX300.jpg,"[{'Source': 'Internet Movie Database', 'Value': '7.7/10'}, {'Source': 'Rotten Tomatoes', 'Value': '100%'}]",N/A,7.7,"6,305",tt5087554,movie,16 Oct 2015,N/A,N/A,N/A,
True,,LEGO Jurassic World: The Indominus Escape,Lego Jurassic World: The Indominus Escape,2016,Not Rated,03 Oct 2016,1 min,"Animation, Short, Action",N/A,N/A,"A.J. LoCascio, Sendhil Ramamurthy, Fred Tatasciore","In LEGO® Jurassic World: The Indominus Escape, disaster strikes after the Indominus escapes in a hungry rage. It’s up to the talented dinosaur trainer Owen to save the day!",English,United States,N/A,https://m.media-amazon.com/images/M/MV5BNTc2NDczMzcwM15BMl5BanBnXkFtZTgwNjc3MDcxMDI@._V1_SX300.jpg,"[{'Source': 'Internet Movie Database', 'Value': '5.7/10'}]",N/A,5.7,"1,123",tt6101862,series,,,,,1
True,,Kong: King of the Apes,Kong: King of the Apes,2016–2018,TV-Y7,15 Apr 2016,1 min,"Animation, Action, Adventure",N/A,N/A,"Lee Tockar, Viv Leacock, Vincent Tong","Kong is saved as a young ape by a young boy, Lucas. Lucas and his family raise kong but Lucas' twin brother is jealous and tries to get rid of Kong.","English, Spanish, French, German, Mandarin","United States, Japan, Canada",3 nominations,https://m.media-amazon.com/images/M/MV5BMjQyOTU4NDc5M15BMl5BanBnXkFtZTgwNzE3MTU3ODE@._V1_SX300.jpg,"[{'Source': 'Internet Movie Database', 'Value': '5.7/10'}]",N/A,5.7,397,tt5462936,series,,,,,2
True,,Real Rob,Real Rob,2015–2017,TV-MA,01 Dec 2015,1 min,Comedy,N/A,N/A,"Rob Schneider, Patricia Maya Schneider, Jamie Lissow",Centers around comedian Rob Schneider's real life while living in Hollywood.,English,United States,N/A,https://m.media-amazon.com/images/M/MV5BMzA4MDg0ZjEtMGZkMS00YzM2LTkxZDgtMTIwMGIyNzE2ODZiXkEyXkFqcGc@._V1_SX300.jpg,"[{'Source': 'Internet Movie Database', 'Value': '6.3/10'}]",N/A,6.3,"3,256",tt3741346,series,,,,,1
True,,Tokyo Trial,Tokyo Trial,2016,N/A,12 Dec 2016,45 min,"Drama, History",N/A,N/A,"Tim Ahern, Paul Freeman, Serge Hazanavicius",A historical drama that focuses on a decade-long investigation into events in the Pacific during and after WWII.,"Japanese, English","Canada, Japan, Netherlands",1 win & 1 nomination,https://m.media-amazon.com/images/M/MV5BZGE5ZjU3YTAtYjZkZS00YWQ1LWJmNGMtODAyNGE3OTQ2OTdjXkEyXkFqcGc@._V1_SX300.jpg,"[{'Source': 'Internet Movie Database', 'Value': '7.3/10'}]",N/A,7.3,"2,014",tt4040530,series,,,,,1
True,,The Warriors Gate,Enter the Warriors Gate,2016,PG-13,05 May 2017,108 min,"Action, Adventure, Comedy",Matthias Hoene,"Luc Besson, Robert Mark Kamen","Mark Chao, Ni Ni, Dave Bautista",A teenager is magically transported to China and learns to convert his video game skills into those of a Kung Fu warrior.,"Central Khmer, English, Cantonese, Spanish","China, France, Canada",1 nomination total,https://m.media-amazon.com/images/M/MV5BMjQ5MWVlOWQtNWZjYy00ZWRiLWFkYzItNzU5MTRjNWJjZTBlXkEyXkFqcGc@._V1_SX300.jpg,"[{'Source': 'Internet Movie Database', 'Value': '5.4/10'}, {'Source': 'Rotten Tomatoes', 'Value': '44%'}]",N/A,5.4,"5,851",tt4652532,movie,N/A,N/A,N/A,N/A,
True,,Beat Bugs,Beat Bugs,2016–2018,TV-Y,03 Aug 2016,24 min,"Animation, Adventure, Comedy",N/A,Josh Wakely,"Ashleigh Ball, Charles Demers, Rebecca Husain","The adventures of a gang of kid bugs in a residential backyard, set to the music of The Beatles.",English,"Australia, Canada",6 wins & 7 nominations total,https://m.media-amazon.com/images/M/MV5BMDQ2ZDNhYWQtOWZkZS00NjEyLTg0ZjMtMzkxZGM3NmM4NTBkXkEyXkFqcGc@._V1_SX300.jpg,"[{'Source': 'Internet Movie Database', 'Value': '7.5/10'}]",N/A,7.5,596,tt4716268,series,,,,,3
True,,Tig,Tig,2015,TV-14,17 Jul 2015,95 min,"Documentary, Biography","Kristina Goolsby, Ashley York",Jennifer Arnold,"Stephanie Allynne, Zach Galifianakis, Sarah Silverman","The personal Biography of Tig Notaro, a Stand-up comedian who was diagnosed with cancer.",English,United States,3 nominations,https://m.media-amazon.com/images/M/MV5BMTQ4MTQ5NDU2OV5BMl5BanBnXkFtZTgwMzY4NzExNjE@._V1_SX300.jpg,"[{'Source': 'Internet Movie Database', 'Value': '7.4/10'}, {'Source': 'Rotten Tomatoes', 'Value': '79%'}]",N/A,7.4,"2,890",tt3986532,movie,N/A,N/A,N/A,N/A,
True,,Lego Bionicle: The Journey to One,Lego Bionicle: The Journey to One,2016,TV-Y7-FV,04 Mar 2016,22 min,"Animation, Action, Adventure",N/A,N/A,"Nolan Balzer, Paolo Bryant, Jacqui Fox","Six heroes, the Toa, fight against the evil Makuta's forces which are threatening the beautiful island of Okoto.",English,United States,N/A,https://m.media-amazon.com/images/M/MV5BZDdhYmQxMGMtZWM4NS00NmU0LWJlODYtMmFjMGM0ODJmMDlkXkEyXkFqcGc@._V1_SX300.jpg,"[{'Source': 'Internet Movie Database', 'Value': '5.3/10'}]",N/A,5.3,250,tt5075942,series,,,,,2
True,,Intersection,Intersection,1994,R,21 Jan 1994,98 min,"Drama, Romance",Mark Rydell,"David Rayfiel, Marshall Brickman, Paul Guimard","Richard Gere, Sharon Stone, Lolita Davidovich","While driving on a remote highway, indecisive architect Vincent Eastman is torn between reuniting with his estranged frigid calculating wife Sally or taking up with his lover Olivia Marshak, a magazine writer.",English,"United States, Canada",2 wins total,https://m.media-amazon.com/images/M/MV5BNDFlYzQwYzItYzczNi00OTNiLWJkMTQtNWZiNWQyZjFmMWM1XkEyXkFqcGc@._V1_SX300.jpg,"[{'Source': 'Internet Movie Database', 'Value': '5.4/10'}, {'Source': 'Rotten Tomatoes', 'Value': '9%'}]",N/A,5.4,"9,412",tt0110146,movie,N/A,"$21,355,893",N/A,N/A,
True,,No Tomorrow,No Tomorrow,2016–2017,TV-PG,04 Oct 2016,43 min,"Comedy, Drama, Romance",N/A,"Corinne Brinkerhoff, Scott McCabe, Tory Stanton","Joshua Sasse, Tori Anderson, Jonathan Langdon","Evie, a risk-averse quality-control assessor falls for free-spirited thrill seeker Xavier only to find out he lives his life that way because he believes the apocalypse is coming.",English,United States,2 nominations total,https://m.media-amazon.com/images/M/MV5BMTc2ODUwNjgyMF5BMl5BanBnXkFtZTgwNTE0NDg4OTE@._V1_SX300.jpg,"[{'Source': 'Internet Movie Database', 'Value': '7.2/10'}]",N/A,7.2,"5,475",tt5595688,series,,,,,1
True,,Drishyam,Drishyam,2015,Not Rated,31 Jul 2015,163 min,"Crime, Drama, Mystery",Nishikant Kamat,"Jeethu Joseph, Upendra Sidhaye","Ajay Devgn, Shriya Saran, Tabu","Desperate measures are taken by a man who tries to save his family from the dark side of the law, after they commit an unexpected crime.","Hindi, English",India,2 wins & 8 nominations total,https://m.media-amazon.com/images/M/MV5BM2NmMGFjYTYtNWEwNS00MTM4LWE2ZTktNzZjMTE0OTQyNjFiXkEyXkFqcGc@._V1_SX300.jpg,"[{'Source': 'Internet Movie Database', 'Value': '8.2/10'}, {'Source': 'Rotten Tomatoes', 'Value': '78%'}]",N/A,8.2,"103,850",tt4430212,movie,N/A,N/A,N/A,N/A,
True,,Skylanders Academy,Skylanders Academy,2016–2018,TV-Y7,28 Oct 2016,1 min,"Animation, Action, Adventure",N/A,Eric Rogers,"Justin Long, Ashley Tisdale, Jonathan Banks","Follows the heroic adventures of Spyro, Eruptor, Stealth Elf, Jet-Vac and Pop Fizz as they travel the vast Skylands universe, protecting it from evil-doers.","English, Spanish, German, French, Mandarin, Korean","South Korea, United States",3 nominations total,https://m.media-amazon.com/images/M/MV5BNWE0NzJhMzctMTU4MC00MzdmLThlMDgtMTJkY2IyOGE1Y2FiXkEyXkFqcGc@._V1_SX300.jpg,"[{'Source': 'Internet Movie Database', 'Value': '6.7/10'}]",N/A,6.7,"1,064",tt5916218,series,,,,,3
True,,The Dreamseller,The Dreamseller,2016,N/A,08 Dec 2016,98 min,Drama,"Jayme Monjardim, Luca Bueno","L.G. Bayão, Augusto Cury, Luiza Shelling Tubaldini","César Troncoso, Dan Stulbach, Dani Antunes",A disillusioned psychologist tries to commit suicide until he strikes up a friendship with an unlikely savior who teaches him a new way of living.,Portuguese,Brazil,1 nomination,https://m.media-amazon.com/images/M/MV5BNjBhNTdmZDctNmI1Yy00YzhmLThhYWMtZGQ2MWY3ODk4MDliXkEyXkFqcGc@._V1_SX300.jpg,"[{'Source': 'Internet Movie Database', 'Value': '6.1/10'}]",N/A,6.1,"2,202",tt5496926,movie,N/A,N/A,N/A,N/A,
True,,Tales by Light,Tales by Light,2015–,N/A,24 May 2015,23 min,Documentary,N/A,N/A,"Art Wolfe, Jonathan Scott, Stephen Dupont","Behind every powerful image is a powerful story. Uniting exploration, photography and the natural world, Tales By Light follows photographers from Australia and around the world as they push the limits of their craft.",English,Australia,9 wins & 3 nominations,https://m.media-amazon.com/images/M/MV5BNGE2ZDE3MGQtYmRhZC00NmE5LWJkYWQtZDcxYmE4MDJmMWVlXkEyXkFqcGc@._V1_SX300.jpg,"[{'Source': 'Internet Movie Database', 'Value': '8.2/10'}]",N/A,8.2,"2,065",tt5350276,series,,,,,3
True,,Lavender,Lavender,2016,Not Rated,03 Mar 2017,92 min,"Adventure, Drama, Horror",Ed Gass-Donnelly,"Colin Frizzell, Ed Gass-Donnelly","Abbie Cornish, Diego Klattenhoff, Justin Long","After discovering old fractures in her skull, a photographer recovering from amnesia becomes increasingly haunted by a sinister childhood secret.",English,"Canada, United States",1 win total,https://m.media-amazon.com/images/M/MV5BNjkyMzY3N2QtMzhiNS00MDhkLWI2YTEtNGNkYmFjYjYyZGI0XkEyXkFqcGc@._V1_SX300.jpg,"[{'Source': 'Internet Movie Database', 'Value': '5.4/10'}, {'Source': 'Rotten Tomatoes', 'Value': '41%'}, {'Source': 'Metacritic', 'Value': '46/100'}]",46,5.4,"9,225",tt4680980,movie,N/A,N/A,N/A,N/A,
True,,Ali Wong: Baby Cobra,Ali Wong: Baby Cobra,2016,TV-MA,05 May 2016,60 min,Comedy,Jaime Eliezer Karas,Ali Wong,Ali Wong,"Ali Wong's stand up special delves into her sexual adventures, hoarding, the rocky road to pregnancy, and why feminism is terrible.",English,United States,N/A,https://m.media-amazon.com/images/M/MV5BMDJmZjQxODMtN2I4Yi00OGUzLWJmOWEtOTc1N2Q2MTE0M2JmXkEyXkFqcGc@._V1_SX300.jpg,"[{'Source': 'Internet Movie Database', 'Value': '7.5/10'}, {'Source': 'Rotten Tomatoes', 'Value': '100%'}]",N/A,7.5,"8,243",tt5066574,movie,06 May 2016,N/A,N/A,N/A,
True,,Hyena Road,Hyena Road,2015,R,02 Aug 2016,120 min,"Drama, War",Paul Gross,Paul Gross,"Rossif Sutherland, Allan Hawco, David Richmond-Peck","Three different men, three different worlds, three different wars - all stand at the intersection of modern warfare - a murky world of fluid morality where all is not as it seems.",English,Canada,5 wins & 12 nominations total,https://m.media-amazon.com/images/M/MV5BMzAyMzI2NDMyOV5BMl5BanBnXkFtZTgwMTc2NjIxODE@._V1_SX300.jpg,"[{'Source': 'Internet Movie Database', 'Value': '6.5/10'}, {'Source': 'Rotten Tomatoes', 'Value': '57%'}, {'Source': 'Metacritic', 'Value': '44/100'}]",44,6.5,"9,696",tt4034452,movie,N/A,"$1,430",N/A,N/A,
True,,Septembers of Shiraz,Septembers of Shiraz,2015,PG-13,24 Jun 2016,110 min,"Drama, History, Thriller",Wayne Blair,"Hanna Weg, Dalia Sofer","Shohreh Aghdashloo, Salma Hayek, Adrien Brody",Prior to the Iranian revolution it was a place where people of all religions were allowed to flourish. This is the story of a prosperous Jewish family who abandon everything before they are consumed by the passions of revolutionar...,English,United States,1 nomination,https://m.media-amazon.com/images/M/MV5BMTg0NjYyMDI1NF5BMl5BanBnXkFtZTgwMzI0ODIyOTE@._V1_SX300.jpg,"[{'Source': 'Internet Movie Database', 'Value': '6.2/10'}, {'Source': 'Rotten Tomatoes', 'Value': '31%'}, {'Source': 'Metacritic', 'Value': '16/100'}]",16,6.2,"5,876",tt3661298,movie,N/A,N/A,N/A,N/A,
True,,A Very Murray Christmas,A Very Murray Christmas,2015,TV-MA,04 Dec 2015,56 min,"Comedy, Music, Musical",Sofia Coppola,"Sofia Coppola, Mitch Glazer, Bill Murray","Bill Murray, Paul Shaffer, Michael Cera",Bill Murray worries no one will show up to his TV show due to a terrible snowstorm in New York City.,English,United States,Nominated for 2 Primetime Emmys. 8 nominations total,https://m.media-amazon.com/images/M/MV5BMTY3MDI2NjAzMl5BMl5BanBnXkFtZTgwNDY4NDgyNzE@._V1_SX300.jpg,"[{'Source': 'Internet Movie Database', 'Value': '5.5/10'}, {'Source': 'Rotten Tomatoes', 'Value': '68%'}]",N/A,5.5,"16,830",tt4537842,movie,N/A,N/A,N/A,N/A,
True,,Divines,Divines,2016,N/A,18 Nov 2016,105 min,"Crime, Drama",Houda Benyamina,"Houda Benyamina, Romain Compingt, Malik Rumeau","Oulaya Amamra, Déborah Lukumuena, Kévin Mischel",A street teenager from a dysfunctional family from a banlieue (HLMs) in Paris comes across a young dancer who turns her life upside down.,French,"France, Qatar",16 wins & 13 nominations total,https://m.media-amazon.com/images/M/MV5BYjAwMzU1YWYtOTgyZi00OTdlLWJjNTgtY2NmM2I3MmJiNjA0XkEyXkFqcGc@._V1_SX300.jpg,"[{'Source': 'Internet Movie Database', 'Value': '7.3/10'}, {'Source': 'Rotten Tomatoes', 'Value': '84%'}, {'Source': 'Metacritic', 'Value': '71/100'}]",71,7.3,"10,888",tt4730986,movie,N/A,N/A,N/A,N/A,
True,,Kuromukuro,Kuromukuro,2016,TV-14,04 Jul 2016,24 min,"Animation, Action, Sci-Fi",N/A,N/A,"Johnny Yong Bosch, Todd Haberkorn, Keith Silverstein","When mecha attack a research center, its students, pilots, and researchers must fight back with the help of mysterious artifacts and a young samurai.","Japanese, English",Japan,2 nominations total,https://m.media-amazon.com/images/M/MV5BYzdkYmUwMzEtM2VjNS00MjQ5LWEwOGMtYTUwNGEwNTBiZTdmXkEyXkFqcGc@._V1_SX300.jpg,"[{'Source': 'Internet Movie Database', 'Value': '7.1/10'}]",N/A,7.1,"1,557",tt5895314,series,,,,,2
True,,Audrie & Daisy,Audrie & Daisy,2016,TV-14,23 Sep 2016,95 min,"Documentary, Crime","Bonni Cohen, Jon Shenk",N/A,"Robin Bourland, Daisy Coleman, Charles Coleman",A look at the effects that online bullying has on the lives of teenagers and their community.,English,United States,2 wins & 8 nominations,https://m.media-amazon.com/images/M/MV5BNzM3NDkyMjU1NV5BMl5BanBnXkFtZTgwNjQwNDc4OTE@._V1_SX300.jpg,"[{'Source': 'Internet Movie Database', 'Value': '7.2/10'}, {'Source': 'Rotten Tomatoes', 'Value': '81%'}, {'Source': 'Metacritic', 'Value': '73/100'}]",73,7.2,"7,124",tt5278460,movie,N/A,N/A,N/A,N/A,
True,,Hip Hop Evolution,Hip-Hop Evolution,2016–,TV-MA,04 Sep 2016,90 min,"Documentary, Music","Darby Wheeler, Sam Dunn(co-director), Scot McFadyen(co-director)",Rodrigo Bascunan,"Shad, LL Cool J, Big Daddy Kane","MC and journalist Shad Kabango meets with Hip-Hop's biggest stars to retrace how Hip-Hop became the world's most popular music, but realizes that Hip-Hop's true legacy is something much more profound.",English,Canada,5 wins & 3 nominations total,https://m.media-amazon.com/images/M/MV5BNmE1ZDdmZmYtNWRlZS00ZmU5LTgxMDctNTMzY2FiOTE4MmVkXkEyXkFqcGc@._V1_SX300.jpg,"[{'Source': 'Internet Movie Database', 'Value': '8.4/10'}]",N/A,8.4,"6,636",tt4130418,series,,,,,4
True,,Chef's Table: France,Chef's Table: France,2016,TV-14,02 Sep 2016,46 min,Documentary,N/A,N/A,"Alain Passard, Alexandre Couillon","Chef's Table, French edition, goes inside the lives and kitchens of some of the world's most renowned French chefs. Each episode focuses on a single chef and their unique look at their lives, talents and passion from their piece o...",French,France,N/A,https://m.media-amazon.com/images/M/MV5BOTU1MzU4NDI0MV5BMl5BanBnXkFtZTgwMjk1ODA5OTE@._V1_SX300.jpg,"[{'Source': 'Internet Movie Database', 'Value': '8.3/10'}]",N/A,8.3,"1,898",tt6088326,series,,,,,1
True,,Project Mc²,Project Mc²,2015–2017,TV-Y7,07 Aug 2015,26 min,Family,N/A,Jordana Arkin,"Mika Abdalla, Ysa Penarejo, Victoria Vida","McKeyla, Adrienne, Bryden, and Camryn are four super-smart and science-skilled girls recruited to join the spy organization NOV8.",English,United States,1 win & 15 nominations,https://m.media-amazon.com/images/M/MV5BMjQxMjkxNTY4Nl5BMl5BanBnXkFtZTgwNjk5MjE1NjE@._V1_SX300.jpg,"[{'Source': 'Internet Movie Database', 'Value': '6.2/10'}]",N/A,6.2,"1,394",tt4861760,series,,,,,6
True,,Always Be My Maybe,Always Be My Maybe,2019,PG-13,31 May 2019,101 min,"Comedy, Romance",Nahnatchka Khan,"Ali Wong, Randall Park, Michael Golamco","Ali Wong, Randall Park, James Saito","Everyone assumed that Sasha and Marcus would wind up together, except for Sasha and Marcus. Reconnecting after 15 years, the two start to wonder--maybe?",English,United States,1 win & 5 nominations total,https://m.media-amazon.com/images/M/MV5BZjUxMDEzMWItN2Y2OS00ZTNmLThhYTEtZDAzYWFiMzQ0MTlkXkEyXkFqcGc@._V1_SX300.jpg,"[{'Source': 'Internet Movie Database', 'Value': '6.7/10'}, {'Source': 'Rotten Tomatoes', 'Value': '89%'}, {'Source': 'Metacritic', 'Value': '64/100'}]",64,6.7,"64,602",tt7374948,movie,N/A,N/A,N/A,N/A,
True,,Pandora,Pandora,2016,Not Rated,17 Mar 2017,136 min,"Action, Drama, Thriller",Jeong-woo Park,Jeong-woo Park,"Kim Nam-gil, Kim Joo-Hyun, Jung Jin-young",The explosion of a nuclear power plant caused by an earthquake leads to a disaster which no one other than its workers can stop from spreading further.,Korean,South Korea,12 nominations,https://m.media-amazon.com/images/M/MV5BZjRkMjAxMjgtZTUwMC00MDI0LWI3YTYtYzVjZDFkMWQ1YTkyXkEyXkFqcGc@._V1_SX300.jpg,"[{'Source': 'Internet Movie Database', 'Value': '6.7/10'}]",N/A,6.7,"8,873",tt6302160,movie,N/A,N/A,N/A,N/A,
True,,Nightmare Teacher,Nightmare Teacher,2016,N/A,14 Mar 2016,15 min,"Drama, Horror, Mystery",N/A,N/A,"Uhm Ki-joon, Seo Shin-ae, Kim So-hyun","Mysterious things start to happen to an ordinary school, as seen by the students dreams happen in reality.",Korean,South Korea,N/A,https://m.media-amazon.com/images/M/MV5BNTFlNjEzZjAtZjk1NS00OWY4LWJhYjMtZTgxNDNlYzhmNDZlXkEyXkFqcGc@._V1_SX300.jpg,"[{'Source': 'Internet Movie Database', 'Value': '7.0/10'}]",N/A,7.0,587,tt6209442,series,,,,,1
True,,Keith Richards: Under the Influence,Keith Richards: Under the Influence,2015,TV-PG,18 Sep 2015,81 min,"Documentary, Music",Morgan Neville,N/A,"Keith Richards, Anthony DeCurtis, Steve Jordan","A portrait of Keith Richards that takes us on a journey to discover the genesis of his sound as a songwriter, guitarist and performer.",English,United States,3 nominations,https://m.media-amazon.com/images/M/MV5BMTc2MDE0ODg3MV5BMl5BanBnXkFtZTgwOTAxOTU3NjE@._V1_SX300.jpg,"[{'Source': 'Internet Movie Database', 'Value': '7.1/10'}, {'Source': 'Metacritic', 'Value': '62/100'}]",62,7.1,"3,692",tt4900018,movie,N/A,N/A,N/A,N/A,
False,Movie not found!,"Surviving Compton: Dre, Suge and Michel'le",,,,,,,,,,,,,,,,,,,,,,,,,
True,,Colin Quinn: The New York Story,Colin Quinn: The New York Story,2016,TV-MA,18 Nov 2016,62 min,Comedy,Jerry Seinfeld,Colin Quinn,Colin Quinn,Colin Quinn discusses the origins of New York and how it got its unique personality.,English,United States,N/A,https://m.media-amazon.com/images/M/MV5BYzgxZTMyNzItNTZmMS00MDAyLWJmMzQtMzgzYjM2YWE2YmNjXkEyXkFqcGc@._V1_SX300.jpg,"[{'Source': 'Internet Movie Database', 'Value': '7.0/10'}]",N/A,7.0,"1,090",tt6257714,movie,N/A,N/A,N/A,N/A,
True,,Secrets of Great British Castles,Secrets of Great British Castles,2015–2016,TV-PG,03 Apr 2015,45 min,"Documentary, History",N/A,N/A,"Dan Jones, Christophe Lombardi, Jay Dee","Historian Dan Jones explores the millennium of history behind six of Great Britain's most famous castles: Warwick, Dover, Caernarfon, the Tower of London, Carrickfergus, and Stirling.",English,United Kingdom,N/A,https://m.media-amazon.com/images/M/MV5BMGNiNTJiZTItOThlOC00NjkyLTkwZDYtODM4ZDhkZDQ1MmJiXkEyXkFqcGc@._V1_SX300.jpg,"[{'Source': 'Internet Movie Database', 'Value': '7.7/10'}]",N/A,7.7,"1,271",tt5181284,series,,,,,2
True,,Hawaizaada,Hawaizaada,2015,Not Rated,06 Feb 2015,148 min,"Biography, Drama",Vibhu Puri,"Saurabh Bhave, Vibhu Puri","Naman Jain, Mithun Chakraborty, Samir Chandra","The film which is based on the life on an Indian scientist Shivkar Bapuji Talpade, who is credited to have constructed India's first unmanned plane is the tale of the hardships that he went through on the journey to discover. Also...",Hindi,India,2 nominations,https://m.media-amazon.com/images/M/MV5BNDRiYmZjZjktNTkxMi00NGRjLWEzOGYtYTg5NmMyMjI1YzMwXkEyXkFqcGdeQXVyODE5NzE3OTE@._V1_SX300.jpg,"[{'Source': 'Internet Movie Database', 'Value': '5.5/10'}, {'Source': 'Rotten Tomatoes', 'Value': '0%'}]",N/A,5.5,"2,097",tt4338154,movie,N/A,N/A,N/A,N/A,
True,,Rainbow Ruby,Rainbow Ruby,2016–2020,TV-Y,23 Apr 2016,11 min,"Animation, Short, Adventure",N/A,Roberto Santiago,"Johnny Yong Bosch, Colleen O'Shaughnessey, Shannon Chan-Kent","A little girl travels to Rainbow Village, a land where all her toys live, and helps save the day.",Korean,"South Korea, Canada, Spain, Mexico",N/A,https://m.media-amazon.com/images/M/MV5BNWQwYWJlZmEtZjhiZS00NzA1LWIyZjAtZDVjZjg5NWNjMzA0XkEyXkFqcGc@._V1_SX300.jpg,"[{'Source': 'Internet Movie Database', 'Value': '6.0/10'}]",N/A,6.0,118,tt5828144,series,,,,,2
True,,Riot,Riot,2015,Not Rated,15 Apr 2016,87 min,Action,John Lyde,"John Lyde, Spanky Dustin Ward","Matthew Reese, Dolph Lundgren, Danielle C. Ryan",Cop Jack Stone robs a Russian mob bank to end in the same prison as the mob boss killing Jack's wife. An inmate helps him as does a reporter. Lots of fights.,English,United States,N/A,https://m.media-amazon.com/images/M/MV5BMjI0OTM2Mjg1OV5BMl5BanBnXkFtZTgwNzUyNzU2NzE@._V1_SX300.jpg,"[{'Source': 'Internet Movie Database', 'Value': '5.1/10'}]",N/A,5.1,"3,986",tt4642044,movie,N/A,N/A,N/A,N/A,
True,,Simon,Simon,2004,TV-MA,30 Sep 2004,102 min,"Comedy, Drama",Eddy Terstall,Eddy Terstall,"Cees Geel, Marcel Hensema, Rifka Lodeizen",A mild-mannered gay dentist and a hedonist womanizer rekindle their unlikely friendship when the latter's terminal cancer drives them back together after a decade apart.,"Dutch, English, German, Thai",Netherlands,8 wins & 4 nominations,https://m.media-amazon.com/images/M/MV5BMTQwODU3MTMxMl5BMl5BanBnXkFtZTcwMTA3OTYyMQ@@._V1_SX300.jpg,"[{'Source': 'Internet Movie Database', 'Value': '7.8/10'}, {'Source': 'Rotten Tomatoes', 'Value': '67%'}, {'Source': 'Metacritic', 'Value': '59/100'}]",59,7.8,"8,242",tt0393775,movie,N/A,"$4,055",N/A,N/A,
True,,Richie Rich,Richie Rich,1994,PG,21 Dec 1994,95 min,"Comedy, Family",Donald Petrie,"Neil Tolkin, Tom S. Parker, Jim Jennewein","Macaulay Culkin, Edward Herrmann, John Larroquette","Richie Rich is the richest kid in the world. The one thing Richie doesn't have is friends. When his parents suddenly go missing, Richie hooks up with a group of kids who just might fill the void in his life, while helping save his...","English, Latin",United States,3 nominations total,https://m.media-amazon.com/images/M/MV5BZWEyNTYzNmMtMTFkNC00Zjk4LWI4MzUtMjAzMjZjOTJmMjVmXkEyXkFqcGc@._V1_SX300.jpg,"[{'Source': 'Internet Movie Database', 'Value': '5.4/10'}, {'Source': 'Rotten Tomatoes', 'Value': '27%'}, {'Source': 'Metacritic', 'Value': '49/100'}]",49,5.4,"76,687",tt0110989,movie,N/A,"$38,087,756",N/A,N/A,
True,,Kevin Hart: What Now?,Kevin Hart: What Now?,2016,R,14 Oct 2016,96 min,"Documentary, Comedy","Leslie Small, Tim Story","Kevin Hart, Joey Wells, Harry Ratchford","Kevin Hart, Don Cheadle, Halle Berry","Comedian Kevin Hart performs in front of a crowd of 53,000 people at Philadelphia's outdoor venue, Lincoln Financial Field.",English,United States,1 nomination.,https://m.media-amazon.com/images/M/MV5BNzI2MDk3OTA5N15BMl5BanBnXkFtZTgwMDU1MDgxMDI@._V1_SX300.jpg,"[{'Source': 'Internet Movie Database', 'Value': '6.0/10'}, {'Source': 'Rotten Tomatoes', 'Value': '75%'}, {'Source': 'Metacritic', 'Value': '60/100'}]",60,6.0,"10,065",tt4669186,movie,N/A,"$23,591,043",N/A,N/A,
True,,Legends of the Hidden Temple,Legends of the Hidden Temple,1993–1995,TV-G,11 Sep 1993,30 min,"Adventure, Family, Game-Show",N/A,"Stephen Brown, David G. Stanley, Scott A. Stone","Kirk Fogg, Dee Bradley Baker, Zachary Maxell",Six teams compete for the chance to search for the treasure inside the titular temple.,English,United States,1 win & 1 nomination total,https://m.media-amazon.com/images/M/MV5BNzk3MTUwMzQtYmRhMy00ZTlhLTljMDUtMzUwYTRkYTlmYjUwXkEyXkFqcGc@._V1_SX300.jpg,"[{'Source': 'Internet Movie Database', 'Value': '8.1/10'}]",N/A,8.1,"4,185",tt0310482,series,,,,,3
True,,Marseille,Marseille,2016–2018,TV-MA,05 May 2016,2 min,Drama,N/A,Dan Franck,"Gérard Depardieu, Benoît Magimel, Géraldine Pailhas","A tale of power, corruption and redemption set against the rich backdrop of the French port city of Marseille.",French,France,N/A,https://m.media-amazon.com/images/M/MV5BMjMwNTY0NjU5N15BMl5BanBnXkFtZTgwODYyNzc3NDM@._V1_SX300.jpg,"[{'Source': 'Internet Movie Database', 'Value': '6.9/10'}]",N/A,6.9,"5,686",tt4003966,series,,,,,2
True,,Veteran,Veteran,2015,Not Rated,05 Aug 2015,123 min,"Action, Comedy, Crime",Ryoo Seung-wan,Ryoo Seung-wan,"Hwang Jung-min, Yoo Ah-in, Yoo Hae-jin",An honest cop seeks justice for a common man against all odds. A rich boy seeks revenge on the cop.,"Korean, Russian, English",South Korea,25 wins & 45 nominations total,https://m.media-amazon.com/images/M/MV5BYzI1Y2FkMDItMmMxNi00ZmJhLWEzMGUtOTdiOTc4YmZiOGE4XkEyXkFqcGc@._V1_SX300.jpg,"[{'Source': 'Internet Movie Database', 'Value': '7.0/10'}, {'Source': 'Rotten Tomatoes', 'Value': '89%'}]",N/A,7.0,"8,875",tt4768764,movie,N/A,"$1,200,627",N/A,N/A,
True,,Opening Night,Opening Night,1977,PG-13,17 Apr 1978,144 min,Drama,John Cassavetes,John Cassavetes,"Gena Rowlands, John Cassavetes, Ben Gazzara",A renowned actress teeters on the edge of a breakdown as she counts down the days toward a big Broadway opening.,English,United States,2 wins & 3 nominations total,https://m.media-amazon.com/images/M/MV5BMDVlYjdiZDctMzQwMi00YTE4LTlmZTItZGUyNDQ5MjA1ODgwXkEyXkFqcGc@._V1_SX300.jpg,"[{'Source': 'Internet Movie Database', 'Value': '7.9/10'}, {'Source': 'Rotten Tomatoes', 'Value': '96%'}, {'Source': 'Metacritic', 'Value': '69/100'}]",69,7.9,"13,448",tt0079672,movie,N/A,"$23,488",N/A,N/A,
False,Movie not found!,Raman Raghav 2.0,,,,,,,,,,,,,,,,,,,,,,,,,
True,,The 101-Year-Old Man Who Skipped Out on the Bill and Disappeared,The 101-Year-Old Man Who Skipped Out on the Bill and Disappeared,2016,N/A,25 Apr 2017,108 min,"Adventure, Comedy, Crime","Felix Herngren, Felix Herngren Måns Herngren, Måns Herngren","Hans Ingemansson, Felix Herngren, Måns Herngren","Robert Gustafsson, Iwar Wiklander, David Wiberg","The 101 year old man Allan Karlsson goes through Europe in search for a Russian soda recipe he lost during the early 70s. Unfortunately, he is not the only one who is looking for it.","Swedish, English, German, Russian","Sweden, Hungary, United States",2 wins & 7 nominations,https://m.media-amazon.com/images/M/MV5BMTU3MzE1Mzc0M15BMl5BanBnXkFtZTgwMTg4Njg0MDI@._V1_SX300.jpg,"[{'Source': 'Internet Movie Database', 'Value': '6.3/10'}]",N/A,6.3,"6,716",tt4940370,movie,N/A,N/A,N/A,N/A,
True,,Another Miss Oh,Another Miss Oh,2016,N/A,02 May 2016,70 min,"Comedy, Fantasy, Romance",N/A,N/A,"Eric Moon, Seo Hyeon-jin, Ye Ji-won","A romantic television series about two women who not only share the same name Oh Hae Young but they also share a destiny with the same man, Park Do Kyung, who can see the future.",Korean,South Korea,3 wins & 4 nominations,https://m.media-amazon.com/images/M/MV5BNGIzMzI5NzktNTQyYi00OGY4LWE1NzktYmU0YTBlZDYzMzU3XkEyXkFqcGc@._V1_SX300.jpg,"[{'Source': 'Internet Movie Database', 'Value': '7.8/10'}]",N/A,7.8,"2,527",tt5679572,series,,,,,1
True,,6 Years,6 Years,2015,Not Rated,18 Aug 2015,79 min,"Drama, Romance",Hannah Fidell,Hannah Fidell,"Taissa Farmiga, Ben Rosenfield, Lindsay Burdge","A young couple, bound by a seemingly ideal love, begin to unravel as unexpected opportunities spin them down a volatile and violent path and threaten the future they had always imagined.",English,United States,4 nominations total,https://m.media-amazon.com/images/M/MV5BMTYzMTMwMDMzMF5BMl5BanBnXkFtZTgwNDc4MjUzNjE@._V1_SX300.jpg,"[{'Source': 'Internet Movie Database', 'Value': '5.5/10'}, {'Source': 'Rotten Tomatoes', 'Value': '69%'}, {'Source': 'Metacritic', 'Value': '53/100'}]",53,5.5,"13,296",tt3799372,movie,N/A,N/A,N/A,N/A,
True,,Paquita Salas,Paquita Salas,2016–2019,N/A,06 Jul 2016,N/A,Comedy,N/A,"Javier Ambrossi, Javier Calvo","Brays Efe, Belén Cuesta, Lidia San José","After losing her biggest client, talent agent Paquita starts a search for new stars.",Spanish,Spain,5 wins & 18 nominations,https://m.media-amazon.com/images/M/MV5BMjQ4MDc4Mjc1MF5BMl5BanBnXkFtZTgwNDYzNDk2NTM@._V1_SX300.jpg,"[{'Source': 'Internet Movie Database', 'Value': '8.0/10'}]",N/A,8.0,"4,034",tt5866074,series,,,,,4
True,,Unnatural Selection,Unnatural Selection,2019,TV-MA,18 Oct 2019,66 min,Documentary,N/A,N/A,"David Ishee, Jeffrey Kahn, Jackson Kennedy","DNA, the very essence of life, can now be altered. Not only by Harvard geneticists and multi-billion dollar corporations, but also by renegade biohackers working out of their garages.",English,United States,N/A,https://m.media-amazon.com/images/M/MV5BZTZhNDM3YjktNGU0OC00NmMxLWFmNWMtZTFlMDQ0NTViYmYyXkEyXkFqcGc@._V1_SX300.jpg,"[{'Source': 'Internet Movie Database', 'Value': '7.8/10'}]",N/A,7.8,"2,281",tt11063952,series,,,,,1
True,,Shaun the Sheep: The Farmer's Llamas,Shaun the Sheep: The Farmer's Llamas,2015,TV-G,13 Nov 2015,28 min,"Animation, Comedy, Family",Jay Grace,"Nick Vincent Murphy, Lee Pressman, Richard Starzak","Justin Fletcher, John Sparkes, Sean Connolly",Shaun the Sheep gets the Farmer to bring home three llamas from the County Fair.,English,United Kingdom,2 wins,https://m.media-amazon.com/images/M/MV5BODExNjU0MjYtZjZhMy00YjI4LWE1NzItNDZkMWExMTQzOWZkXkEyXkFqcGc@._V1_SX300.jpg,"[{'Source': 'Internet Movie Database', 'Value': '6.8/10'}]",N/A,6.8,"1,740",tt5174284,movie,N/A,N/A,N/A,N/A,
True,,Un + une,Un + Une,2015,Not Rated,09 Dec 2015,115 min,"Comedy, Drama, Romance",Claude Lelouch,"Claude Lelouch, Valérie Perrin","Jean Dujardin, Elsa Zylberstein, Christopher Lambert","French famous film score composer goes to India to compose the score for an Indian adaptation of Romeo and Juliet. There he meets the wife of the French ambassador to India, and a complicated relationship ensues.","English, French","France, United Kingdom",1 nomination total,https://m.media-amazon.com/images/M/MV5BOTIxZDI1MjktYjJmMy00ZDVhLTlhMDgtM2VhZWY0MTg1MDJiXkEyXkFqcGc@._V1_SX300.jpg,"[{'Source': 'Internet Movie Database', 'Value': '6.2/10'}]",N/A,6.2,"2,533",tt1918911,movie,N/A,N/A,N/A,N/A,
False,Movie not found!,Ok Kanmani,,,,,,,,,,,,,,,,,,,,,,,,,
True,,True Memoirs of an International Assassin,True Memoirs of an International Assassin,2016,TV-14,11 Nov 2016,98 min,"Action, Comedy, Crime",Jeff Wadlow,"Jeff Morris, Jeff Wadlow","Kevin James, Kim Coates, Maurice Compte","After a publisher changes a writer's debut novel about a deadly assassin from fiction to non-fiction, the author finds himself thrust into the world of his lead character, and must take on the role of his character for his own sur...",English,United States,N/A,https://m.media-amazon.com/images/M/MV5BMjEzMjI0Mzc5MV5BMl5BanBnXkFtZTgwODExMDgxMDI@._V1_SX300.jpg,"[{'Source': 'Internet Movie Database', 'Value': '5.9/10'}, {'Source': 'Rotten Tomatoes', 'Value': '0%'}, {'Source': 'Metacritic', 'Value': '37/100'}]",37,5.9,"24,820",tt1542768,movie,N/A,N/A,N/A,N/A,
False,Movie not found!,H20: Mermaid Adventures,,,,,,,,,,,,,,,,,,,,,,,,,
True,,High & Low The Movie,High & Low: The Movie,2016,N/A,16 Jul 2016,129 min,Action,Shigeaki Kubo,"Norihisa Hiranuma, Kei Watanabe","Joshua Walters, Ryôhei Abe, Leon Shibli Ahmad","Chiku is a devastated and dangerous town with 5 gangs fighting fiercely. Mugen and the Amamiya Brothers clashed, leading to Mugen disbanding.",Japanese,Japan,N/A,https://m.media-amazon.com/images/M/MV5BNDFkY2IwZjgtZmIyMi00MTc5LTgzYzktZDFjNmJkNjFmMTkwXkEyXkFqcGc@._V1_SX300.jpg,"[{'Source': 'Internet Movie Database', 'Value': '6.4/10'}]",N/A,6.4,851,tt5659172,movie,N/A,N/A,N/A,N/A,
False,Movie not found!,Dear My Friends,,,,,,,,,,,,,,,,,,,,,,,,,
True,,Strange Weather,Strange Weather,2016,R,28 Jul 2017,92 min,Drama,Katherine Dieckmann,Katherine Dieckmann,"Holly Hunter, Carrie Coon, Kim Coates","in an effort to deal with the grief over the death of her son, a Georgia mother travels the back roads of the deep south to settle a score. A story of grief and forgiveness, of looking inward to find a way to move forward.",English,United States,1 win & 1 nomination,https://m.media-amazon.com/images/M/MV5BMTYxZDUwZmUtODhmOC00M2VhLTkwNTUtMjY5ZDhjZTY0MzQ3XkEyXkFqcGc@._V1_SX300.jpg,"[{'Source': 'Internet Movie Database', 'Value': '6.0/10'}, {'Source': 'Rotten Tomatoes', 'Value': '58%'}, {'Source': 'Metacritic', 'Value': '57/100'}]",57,6.0,"1,906",tt5205210,movie,N/A,N/A,N/A,N/A,
True,,The Sound of Your Heart,The Sound of Your Heart,2016–2017,N/A,07 Nov 2016,N/A,Comedy,N/A,Seok Jo,"Lee Kwang-soo, Kim Dae-myung, Jung So-min","Based on the longest-running webtoon ""Maeum-ui Sori"" in Korea, ""Sound of your heart"" is a story about Cho Seok, an aspiring comic writer, and his strange family.",Korean,South Korea,N/A,https://m.media-amazon.com/images/M/MV5BYTY3OTUzMDEtNzRlYi00NTJjLTg5Y2UtZTBjMjc2OTQzMzM0XkEyXkFqcGc@._V1_SX300.jpg,"[{'Source': 'Internet Movie Database', 'Value': '8.1/10'}]",N/A,8.1,"1,768",tt4613520,series,,,,,1
False,Movie not found!,The Lighthouse of the Orcas,,,,,,,,,,,,,,,,,,,,,,,,,
True,,The Good Cop,The Good Cop,2018,TV-PG,21 Sep 2018,2 min,"Comedy, Crime, Drama",N/A,Andy Breckman,"Tony Danza, Josh Groban, Monica Barbaro","A disgraced former NYPD officer lives with his son, an earnest, obsessively honest NYPD detective.",English,United States,N/A,https://m.media-amazon.com/images/M/MV5BMGQxYzA5OWUtNWQ5YS00NTdiLTk5MmUtZWNhNzJmZTMzY2NkXkEyXkFqcGc@._V1_SX300.jpg,"[{'Source': 'Internet Movie Database', 'Value': '7.0/10'}]",N/A,7.0,"7,313",tt7183074,series,,,,,1
True,,Servant Of The People 2,Servant of the People 2,2016,N/A,23 Dec 2016,100 min,"Comedy, Family",Aleksey Kiryushchenko,N/A,"Volodymyr Zelenskyy, Evgeniy Koshevoy, Stanislav Boklan","'What if an ordinary man, an honest and principled teacher, becomes the President? Would he be able to survive in the world of high politics, overcome all obstacles and corruption, and confront the oligarchs and all political oppo...","Russian, Ukrainian",Ukraine,3 nominations,https://m.media-amazon.com/images/M/MV5BODBjNWYwMGUtMTJmZC00NGNmLTk0MGUtNWM2NmQxNzY5NTBiXkEyXkFqcGc@._V1_SX300.jpg,"[{'Source': 'Internet Movie Database', 'Value': '6.4/10'}]",N/A,6.4,"1,064",tt6818880,movie,N/A,N/A,N/A,N/A,
True,,Sons of the Caliphate,Sons of the Caliphate,2016–,N/A,13 Oct 2016,N/A,Drama,N/A,N/A,"Mofe Duncan, Rahama Sadau, Yvonne Hays","This is a drama series about the lives of three rich, entitled, passionate and ambitious young men: Kalifah, Nuhu and Diko. Elections are fast approaching and there's a tussle for the governorship seat of the Northern Caliphate St...","Hausa, English",Nigeria,N/A,https://m.media-amazon.com/images/M/MV5BNDY3MzY5MDQtMGZhNC00YjU0LTg1NDUtNGZkN2YzMGVmZjA0XkEyXkFqcGdeQXVyMTMxODk2OTU@._V1_SX300.jpg,"[{'Source': 'Internet Movie Database', 'Value': '8.1/10'}]",N/A,8.1,47,tt10202268,series,,,,,2
True,,Kathleen Madigan: Bothering Jesus,Kathleen Madigan: Bothering Jesus,2016,N/A,N/A,72 min,Comedy,Lorene Machado,Kathleen Madigan,Kathleen Madigan,"Once again Kathleen's standup is beyond hysterical where she riffs on drinking, Jesus, her large and funny family, Ireland, Missouri ( Her home state) and her views on life!",English,United States,N/A,https://m.media-amazon.com/images/M/MV5BYjhmYjMzZjMtMmNmYy00NDY5LWEzYjEtOGIzNGYyNjVkZmIzXkEyXkFqcGc@._V1_SX300.jpg,"[{'Source': 'Internet Movie Database', 'Value': '7.5/10'}]",N/A,7.5,712,tt6264486,movie,N/A,N/A,N/A,N/A,
True,,Heneral Luna,Heneral Luna,2015,R,30 Oct 2015,118 min,"Action, Biography, History",Jerrold Tarog,"Henry Francia, Sumaquel P. Hosalla, Pedro Javier","John Arcilla, Arron Villaflor, Mon Confiado","Set during the Philippine-American war, a short-tempered Philippine Revolutionary Army general faces an enemy more formidable than the American army: his own treacherous countrymen.","Filipino, English, Spanish",Philippines,17 wins & 20 nominations,https://m.media-amazon.com/images/M/MV5BNjg3MTgxNjA2NV5BMl5BanBnXkFtZTgwOTczNDY5NjE@._V1_SX300.jpg,"[{'Source': 'Internet Movie Database', 'Value': '7.2/10'}, {'Source': 'Rotten Tomatoes', 'Value': '78%'}, {'Source': 'Metacritic', 'Value': '58/100'}]",58,7.2,"2,586",tt4944352,movie,N/A,"$206,040",N/A,N/A,
True,,Ordinary World,Ordinary World,2016,Not Rated,14 Oct 2016,86 min,"Comedy, Drama, Music",Lee Kirk,Lee Kirk,"Billie Joe Armstrong, Fred Armisen, Judy Greer",An aging punk rocker copes with life after rock.,English,United States,N/A,https://m.media-amazon.com/images/M/MV5BMjI4MDM4MTU0Ml5BMl5BanBnXkFtZTgwMTg4NzgwMDI@._V1_SX300.jpg,"[{'Source': 'Internet Movie Database', 'Value': '5.5/10'}, {'Source': 'Metacritic', 'Value': '55/100'}]",55,5.5,"3,371",tt4189494,movie,N/A,N/A,N/A,N/A,
True,,El Chema,El Chema,2016–2017,TV-MA,17 Nov 2016,43 min,"Action, Crime",N/A,Luis Zelkowicz,"Mauricio Ochmann, Julio Bracho, Itatí Cantoral","The notorious rise and fall of El Chapo, the world's most powerful drug lord. The story of a man who became the biggest drug kingpin through grit, audacity and relentless brutality.",Spanish,Mexico,N/A,https://m.media-amazon.com/images/M/MV5BYmU0MjI1NzMtMjhmNS00YzYxLWFiNDYtNTc4ZmE1Mzk5MGNmXkEyXkFqcGc@._V1_SX300.jpg,"[{'Source': 'Internet Movie Database', 'Value': '6.9/10'}]",N/A,6.9,362,tt5730624,series,,,,,1
True,,Mohenjo Daro,Mohenjo Daro,2016,Not Rated,12 Aug 2016,155 min,"Action, Adventure, Drama",Ashutosh Gowariker,"Ashutosh Gowariker, Preiti Mamgain","Hrithik Roshan, Pooja Hegde, Kabir Bedi","In 2016 BC, a kind farmer leads an uprising in the city of Mohenjo Daro.","Indonesian, Hindi",India,1 win & 7 nominations,https://m.media-amazon.com/images/M/MV5BNmYxZGNjMzQtZWY1Yy00ODMxLTg0ODktOTQ4OTZkZWFlNmFmXkEyXkFqcGc@._V1_SX300.jpg,"[{'Source': 'Internet Movie Database', 'Value': '5.6/10'}, {'Source': 'Rotten Tomatoes', 'Value': '36%'}, {'Source': 'Metacritic', 'Value': '39/100'}]",39,5.6,"12,973",tt3859980,movie,N/A,"$1,264,339",N/A,N/A,
True,,Captive,Captive,2015,PG-13,18 Sep 2015,97 min,"Action, Biography, Crime",Jerry Jameson,"Brian Bird, Ashley Smith, Stacy Mattingly","Kate Mara, David Oyelowo, Mimi Rogers",A single mother struggling with drug addiction is taken hostage in her own apartment by a man on the run who has broken out of jail and murdered the judge assigned to his case.,English,"United States, Mexico",3 nominations total,https://m.media-amazon.com/images/M/MV5BMjMwNzIyNTY5N15BMl5BanBnXkFtZTgwOTUyNDEwNjE@._V1_SX300.jpg,"[{'Source': 'Internet Movie Database', 'Value': '5.4/10'}, {'Source': 'Rotten Tomatoes', 'Value': '28%'}, {'Source': 'Metacritic', 'Value': '36/100'}]",36,5.4,"7,397",tt3268668,movie,N/A,"$2,583,301",N/A,N/A,
True,,Dil Dhadakne Do,Dil Dhadakne Do,2015,Not Rated,05 Jun 2015,170 min,"Comedy, Drama, Romance",Zoya Akhtar,"Zoya Akhtar, Reema Kagti, Javed Akhtar","Anil Kapoor, Shefali Shah, Priyanka Chopra Jonas",The Mehra family must contemplate over their way of living and their love lives while on a cruise celebrating their 30th wedding anniversary.,Hindi,India,10 wins & 31 nominations,https://m.media-amazon.com/images/M/MV5BZmExOTlmNDAtYWMzZC00NzEyLWFhYmYtNTgwMjZiMDRhMDQyXkEyXkFqcGc@._V1_SX300.jpg,"[{'Source': 'Internet Movie Database', 'Value': '7.0/10'}, {'Source': 'Rotten Tomatoes', 'Value': '68%'}]",N/A,7.0,"20,475",tt4110568,movie,N/A,"$3,066,100",N/A,N/A,
False,Movie not found!,"Hello, My Twenties!",,,,,,,,,,,,,,,,,,,,,,,,,
True,,Haters Back Off,Haters Back Off!,2016–2017,TV-14,14 Oct 2016,30 min,"Comedy, Drama, Family",N/A,"Christopher Ballinger, Colleen Ballinger, Gigi McCreery","Colleen Ballinger, Angela Kinsey, Francesca Reale","The oddball family life of Miranda Sings, an incredibly confident, totally untalented star on the rise who continues to fail upward by the power of her belief that she was born famous--but nobody knows yet.",English,United States,3 wins & 1 nomination,https://m.media-amazon.com/images/M/MV5BMjMzNzEwNDIzNl5BMl5BanBnXkFtZTgwMzI4OTMyMDI@._V1_SX300.jpg,"[{'Source': 'Internet Movie Database', 'Value': '5.9/10'}]",N/A,5.9,"7,954",tt5467814,series,,,,,2
True,,Toro,Toro,2016,PG-13,22 Apr 2016,105 min,"Action, Crime, Drama",Kike Maíllo,"Rafael Cobos, Fernando Navarro","Mario Casas, Luis Tosar, José Sacristán",A former con man must be back to his old habits to save his older brother and niece from his ex boss and mentor.,Spanish,Spain,6 nominations,https://m.media-amazon.com/images/M/MV5BMzRmYTAxNmQtNjgwMy00ODAwLWIzZjItZThjNzYzMjIwMWI1XkEyXkFqcGc@._V1_SX300.jpg,"[{'Source': 'Internet Movie Database', 'Value': '5.9/10'}, {'Source': 'Rotten Tomatoes', 'Value': '80%'}]",N/A,5.9,"3,490",tt4213806,movie,N/A,N/A,N/A,N/A,
True,,Good Morning Call,Good Morning Call,2016–2017,TV-14,12 Feb 2016,48 min,"Comedy, Romance",N/A,Yue Takasuka,"Haruka Fukuhara, Shun'ya Shiraishi, Moe Arai","Nao rents her dream apartment, but things are not what they seem when she finds out she will be sharing it with high school heart throb Uehara.",Japanese,Japan,N/A,https://m.media-amazon.com/images/M/MV5BNTFkZjM3OTgtZDhmZi00OGViLWIxNDYtNjk0MWU1NGZiZDE5XkEyXkFqcGc@._V1_SX300.jpg,"[{'Source': 'Internet Movie Database', 'Value': '7.5/10'}]",N/A,7.5,"3,759",tt5520732,series,,,,,2
True,,Witch Hunt: A Century of Murder,Witch Hunt: A Century of Murder,2015–,N/A,29 Oct 2020,N/A,"Crime, History",N/A,N/A,"Suzannah Lipscomb, Kathy Trevelyan, Lee Ravitz","Religious zeal, paranoia and trumped-up charges. For a century, they fueled brutal scourges that claimed innocent lives.",English,United Kingdom,N/A,https://m.media-amazon.com/images/M/MV5BMWVmOGRiOWItYWVkNy00ODJjLTk5ZWMtZmQwOTg4ZTRhYzhiXkEyXkFqcGc@._V1_SX300.jpg,"[{'Source': 'Internet Movie Database', 'Value': '7.2/10'}]",N/A,7.2,362,tt5113032,series,,,,,1
False,Movie not found!,Riphagen the Untouchable,,,,,,,,,,,,,,,,,,,,,,,,,
True,,Gabbar Is Back,Gabbar Is Back,2015,Not Rated,01 May 2015,128 min,"Action, Crime, Drama",Radha Krishna Jagarlamudi,"A.R. Murugadoss, Rajat Arora, D.S. Kannan","Akshay Kumar, Shruti Haasan, Kareena Kapoor","After a vengeful college professor targets corruption in the government, he adopts the name ""Gabbar"" and becomes a hero to a weary public.",Hindi,India,3 wins & 3 nominations total,https://m.media-amazon.com/images/M/MV5BNTM4MmFkNjctNWY0ZC00NWYzLWFhNDItNmE2OGNkMjdkZDc3XkEyXkFqcGc@._V1_SX300.jpg,"[{'Source': 'Internet Movie Database', 'Value': '7.0/10'}, {'Source': 'Rotten Tomatoes', 'Value': '18%'}]",N/A,7.0,"27,056",tt2424988,movie,N/A,"$534,601",N/A,N/A,
True,,Demetri Martin: Live (At The Time),Demetri Martin: Live (At the Time),2015,TV-MA,01 Mar 2015,61 min,"Documentary, Comedy",Jaime Eliezer Karas,Demetri Martin,Demetri Martin,Demetri Martin performs his newest stand-up routine at The Lincoln Theater in Washington D.C.,English,United States,N/A,https://m.media-amazon.com/images/M/MV5BNjQ4NTQ2NzE1N15BMl5BanBnXkFtZTgwODc4ODA3NjE@._V1_SX300.jpg,"[{'Source': 'Internet Movie Database', 'Value': '7.4/10'}]",N/A,7.4,"2,422",tt4512714,movie,N/A,N/A,N/A,N/A,
True,,4K Fireplace,4K Fireplace,2015,Not Rated,01 Sep 2015,181 min,Reality-TV,N/A,N/A,N/A,"Enjoy our new crackling fireplace during a holiday party or a cozy night in. Shot in stunning 4K Ultra HD and in 5.1 surround sound, this 3-hour fireplace video flickers, crackles and adds warmth to any room. An original from Manc...",N/A,N/A,N/A,https://m.media-amazon.com/images/M/MV5BMjI2NjUwNTI2Nl5BMl5BanBnXkFtZTgwMDgyOTE1NzE@._V1_SX300.jpg,"[{'Source': 'Internet Movie Database', 'Value': '7.7/10'}]",N/A,7.7,69,tt5275236,movie,N/A,N/A,N/A,N/A,
True,,Spotless,Spotless,2015,TV-MA,14 Nov 2015,17S min,"Crime, Drama",N/A,"Corinne Marrinan, Ed McCardie","Marc-André Grondin, Denis Ménochet, Miranda Raison",The law-abiding owner of a crime scene cleaning service is forced into business with a powerful mob boss thanks to his irresponsible older brother.,"English, French","United Kingdom, France",2 nominations total,https://m.media-amazon.com/images/M/MV5BMjA0ODgyNjE2NF5BMl5BanBnXkFtZTgwNzAzNDEwMzE@._V1_SX300.jpg,"[{'Source': 'Internet Movie Database', 'Value': '7.7/10'}]",N/A,7.7,"4,116",tt3834000,series,,,,,1
True,,7 Years,7 Years,2016,N/A,28 Oct 2016,77 min,Drama,Roger Gual,"Jose Cabeza, Julia Fontana, Cristian Conti","Juana Acosta, Alex Brendemühl, Paco León",Four friends face an agonizing decision. One must go to prison. The other three must make the sacrifice worthwhile.,Spanish,Spain,N/A,https://m.media-amazon.com/images/M/MV5BYzU1YzE5MGItZTM0My00MTkwLThjODMtYjlkNjk5YzUwMmNlXkEyXkFqcGc@._V1_SX300.jpg,"[{'Source': 'Internet Movie Database', 'Value': '6.7/10'}]",N/A,6.7,"5,413",tt5517438,movie,N/A,N/A,N/A,N/A,
True,,Cheer Squad,Cheer Squad,2016,TV-PG,06 Jul 2016,60 min,Reality-TV,N/A,N/A,Ali Moffatt,"Cheer squad is a show based on the Canadian cheer team The Great Whites. Will they be able to balance friendships,school,jobs,family to be on a team. Find out in Cheer Squad",English,United States,1 nomination,https://m.media-amazon.com/images/M/MV5BOWY3NDJiNTQtYmE4Yy00Y2ZjLThlOGEtMTgyMGE5ZjBlYmZiXkEyXkFqcGc@._V1_SX300.jpg,"[{'Source': 'Internet Movie Database', 'Value': '7.4/10'}]",N/A,7.4,178,tt5993744,series,,,,,1
True,,Talvar,Talvar,2015,Not Rated,02 Oct 2015,132 min,"Crime, Drama, Mystery",Meghna Gulzar,"Vishal Bhardwaj, Aditya Nimbalkar","Irrfan Khan, Konkona Sen Sharma, Neeraj Kabi",An experienced investigator confronts several conflicting theories about the perpetrators of a violent double homicide.,Hindi,India,11 wins & 34 nominations,https://m.media-amazon.com/images/M/MV5BMTYzODg0Mjc4M15BMl5BanBnXkFtZTgwNzY4Mzc3NjE@._V1_SX300.jpg,"[{'Source': 'Internet Movie Database', 'Value': '8.1/10'}]",N/A,8.1,"38,990",tt4934950,movie,N/A,"$342,370",N/A,N/A,
True,,Brothers,Brothers,2009,R,04 Dec 2009,105 min,"Drama, Thriller, War",Jim Sheridan,"David Benioff, Susanne Bier, Anders Thomas Jensen","Jake Gyllenhaal, Natalie Portman, Tobey Maguire","While on tour in Afghanistan, Sam's helicopter is shot down and he is presumed dead. Back home, it is his screw-up brother who looks after the family. Sam does return, but with a lot of excess baggage.",English,United States,4 wins & 16 nominations total,https://m.media-amazon.com/images/M/MV5BMTkyMTY5MTcxOV5BMl5BanBnXkFtZTcwMTI3MDE3Mg@@._V1_SX300.jpg,"[{'Source': 'Internet Movie Database', 'Value': '7.1/10'}, {'Source': 'Rotten Tomatoes', 'Value': '63%'}, {'Source': 'Metacritic', 'Value': '58/100'}]",58,7.1,"164,874",tt0765010,movie,N/A,"$28,544,157",N/A,N/A,
True,,Gabriel Iglesias: I'm Sorry for What I Said When I Was Hungry,Gabriel Iglesias: I'm Sorry for What I Said When I Was Hungry,2016,N/A,20 Dec 2016,87 min,Comedy,Manny Rodriguez,Gabriel Iglesias,"Gabriel Iglesias, Martin Moreno, Ron Rivera","Hawaiian - shirt enthusiast Gabriel ""Fluffy"" Iglesias finds laughs in racist gift baskets, Prius - driving cops and all - female taco trucks.",English,United States,N/A,https://m.media-amazon.com/images/M/MV5BZWQ4NmI5NzMtZDc5NS00N2UzLWEyOTctNGJmOGE1NDRjZjM0XkEyXkFqcGc@._V1_SX300.jpg,"[{'Source': 'Internet Movie Database', 'Value': '7.5/10'}]",N/A,7.5,"2,967",tt6302122,movie,N/A,N/A,N/A,N/A,
True,,Fartsa,Fartsa,2015–,N/A,30 Mar 2015,N/A,"Crime, Drama",N/A,N/A,"Alexander Petrov, Aleksey Vesyolkin, Filipp Gorenshteyn","As four Russian friends grow up in the early 1960's, life, love and the curse of success threaten to derail their dreams.",Russian,Russia,1 win & 4 nominations total,https://m.media-amazon.com/images/M/MV5BMTUxMzgwM2UtZDMxYy00ZDE4LWIwN2MtMjViODFlYjdmM2YzXkEyXkFqcGc@._V1_SX300.jpg,"[{'Source': 'Internet Movie Database', 'Value': '6.7/10'}]",N/A,6.7,237,tt4567218,series,,,,,1
True,,The Paper,The Paper,1994,R,25 Mar 1994,112 min,"Comedy, Drama",Ron Howard,"David Koepp, Stephen Koepp","Michael Keaton, Glenn Close, Robert Duvall","New York City tabloid editor Henry's faced with tough decisions while he faces several serious life challenges, and a tempting job offer.",English,United States,Nominated for 1 Oscar. 1 nomination total,https://m.media-amazon.com/images/M/MV5BMmZmYzZiNTAtNWFlNy00ZjQxLTlhMDQtZmVmOGZhMmRlZDYyXkEyXkFqcGc@._V1_SX300.jpg,"[{'Source': 'Internet Movie Database', 'Value': '6.7/10'}, {'Source': 'Rotten Tomatoes', 'Value': '87%'}, {'Source': 'Metacritic', 'Value': '70/100'}]",70,6.7,"16,646",tt0110771,movie,N/A,"$38,824,341",N/A,N/A,
True,,Pyaar Ka Punchnama 2,Pyaar Ka Punchnama 2,2015,Not Rated,16 Oct 2015,137 min,"Comedy, Drama, Romance",Luv Ranjan,"Luv Ranjan, Rahul Mody, Tarun Jain","Kartik Aaryan, Omkar Kapoor, Sunny Singh","After falling in love, three roommates experience changes in their lives.",Hindi,India,4 wins & 11 nominations,https://m.media-amazon.com/images/M/MV5BMTcxNDY5NjA5NV5BMl5BanBnXkFtZTgwNjcyMTk5NjE@._V1_SX300.jpg,"[{'Source': 'Internet Movie Database', 'Value': '7.2/10'}, {'Source': 'Rotten Tomatoes', 'Value': '25%'}]",N/A,7.2,"16,288",tt4430136,movie,N/A,"$222,856",N/A,N/A,
True,,Much Loved,Much Loved,2015,N/A,16 Sep 2015,104 min,Drama,Nabil Ayouch,Nabil Ayouch,"Loubna Abidar, Asmaa Lazrak, Halima Karaouane",A group of women in Morocco make a living as prostitutes in a culture that is very unforgiving toward women in that profession.,"Arabic, French","France, Morocco",3 wins & 4 nominations,https://m.media-amazon.com/images/M/MV5BYjgwM2Y5MzAtYTVkMS00NGQzLWE4ODUtZDVjOWU1NTRmNGU5XkEyXkFqcGc@._V1_SX300.jpg,"[{'Source': 'Internet Movie Database', 'Value': '6.2/10'}]",N/A,6.2,"3,109",tt4685750,movie,N/A,N/A,N/A,N/A,
True,,Word Party,Word Party,2016–,TV-Y,08 Jul 2016,11 min,"Animation, Family",N/A,Alex Rockwell,"Victor Yerrid, Dorien Davies, Misty Rosas",Four adorable animal babies need your help to learn lots of skills - especially how to talk.,English,United States,N/A,https://m.media-amazon.com/images/M/MV5BZmZlYTg4MmEtZTNiYS00OTFhLTkwZjItNzQwZGU2YzdhMGM5XkEyXkFqcGc@._V1_SX300.jpg,"[{'Source': 'Internet Movie Database', 'Value': '5.5/10'}]",N/A,5.5,397,tt5235950,series,,,,,5
True,,Ralphie May: Unruly,Ralphie May: Unruly,2015,N/A,27 Feb 2015,83 min,Comedy,John Asher,Ralphie May,Ralphie May,"Filmed in front of a raucous crowd, comedian Ralphie May unleashes his hilariously raunchy perspective in his first Netflix original stand-up special.",English,USA,N/A,https://m.media-amazon.com/images/M/MV5BOWVhZDViYjUtNDE4MC00YTJmLWE2MzUtZTYwOWE2ZDg5ZWQxXkEyXkFqcGdeQXVyMzcyNTQ5NzI@._V1_SX300.jpg,"[{'Source': 'Internet Movie Database', 'Value': '4.8/10'}]",N/A,4.8,370,tt4454406,movie,27 Feb 2015,N/A,Netflix,N/A,
True,,Rebirth,Rebirth,2016,TV-MA,15 Jul 2016,100 min,Thriller,Karl Mueller,Karl Mueller,"Fran Kranz, Adam Goldberg, Nicky Whelan",He's a family man headed for a weekend of self-discovery. But it's about to turn into a nightmare with no escape.,"English, French",United States,N/A,https://m.media-amazon.com/images/M/MV5BYmRlZmJiYzYtYzE0My00MWMxLWE2MDgtYTQ3ODQ3Y2ExOWJjXkEyXkFqcGc@._V1_SX300.jpg,"[{'Source': 'Internet Movie Database', 'Value': '5.0/10'}, {'Source': 'Rotten Tomatoes', 'Value': '50%'}]",N/A,5.0,"5,956",tt4902716,movie,N/A,N/A,N/A,N/A,
True,,Lang Tong,Lang Tong,2014,TV-MA,08 Mar 2015,82 min,Thriller,Sam Loh,"Sam Loh, Alex Soh","Angeline Yap, Vivienne Tseng, William Lawandi","A rebellious woman seduces a con man, then involves him in a criminal scheme targeting her sister, revealing an intricate plot of deception and vengeance.","Mandarin, English",Singapore,N/A,https://m.media-amazon.com/images/M/MV5BYzg3OGU5MjMtNTdjZC00ODA2LWFlZGItNjc2OWU2M2FiZmNhXkEyXkFqcGc@._V1_SX300.jpg,"[{'Source': 'Internet Movie Database', 'Value': '4.7/10'}]",N/A,4.7,505,tt6423578,movie,N/A,N/A,N/A,N/A,
True,,Manson Family Vacation,Manson Family Vacation,2015,Not Rated,06 Oct 2015,84 min,"Comedy, Drama, Thriller",J. Davis,J. Davis,"Jay Duplass, Linas Phillips, Leonora Pitts",Two brothers tour Charles Manson murder sites. One is a devoted family man. One is devoted to The Family.,English,United States,2 wins & 3 nominations,https://m.media-amazon.com/images/M/MV5BODgwMjQ0NTQ5Nl5BMl5BanBnXkFtZTgwODIwNDY4NjE@._V1_SX300.jpg,"[{'Source': 'Internet Movie Database', 'Value': '5.8/10'}, {'Source': 'Rotten Tomatoes', 'Value': '100%'}]",N/A,5.8,"3,223",tt3275216,movie,N/A,N/A,N/A,N/A,
True,,Popples,Popples,1986–1988,TV-Y,06 Sep 1986,30 min,"Animation, Comedy, Family",N/A,N/A,"Stevie Louise Vallance, Len Carlson, Linda Sorensen",The misadventures of Billy and Bonnie Wagner and their mischievous (though helpful) Popples.,"English, French, Japanese","United States, France, Japan",N/A,https://m.media-amazon.com/images/M/MV5BMTI2NTg3NzgyNV5BMl5BanBnXkFtZTcwNDIxNTYyMQ@@._V1_SX300.jpg,"[{'Source': 'Internet Movie Database', 'Value': '6.2/10'}]",N/A,6.2,263,tt0174420,series,,,,,2
True,,Gridlocked,Gridlocked,2015,R,14 Jun 2016,110 min,Action,Allan Ungar,"Allan Ungar, Rob Robol","Dominic Purcell, Cody Hackman, Saul Rubinek",Former SWAT leader David Hendrix and hard-partying movie star Brody Walker must cut their ride-along short when a police training facility is attacked by a team of mercenaries.,English,Canada,2 wins total,https://m.media-amazon.com/images/M/MV5BMTc4MDMxNjQ0Ml5BMl5BanBnXkFtZTgwNTU2Nzk2ODE@._V1_SX300.jpg,"[{'Source': 'Internet Movie Database', 'Value': '5.8/10'}, {'Source': 'Rotten Tomatoes', 'Value': '60%'}]",N/A,5.8,"5,301",tt2724532,movie,N/A,N/A,N/A,N/A,
True,,StoryBots Super Songs,StoryBots Super Songs,2016–,N/A,07 Oct 2016,N/A,"Animation, Family, Musical",N/A,"Evan Spiridellis, Gregg Spiridellis","Judy Greer, Erin Fitzgerald, Fred Tatasciore","Based on the award-winning educational apps, ""StoryBots Super Songs"" centers on the StoryBots, the curious little creatures who live in the world beneath our screens and help answer humans' biggest questions.",English,United States,N/A,https://m.media-amazon.com/images/M/MV5BM2EwY2M4NjgtN2NiMC00MzUwLWFmMjctMDkzODEwZmVhYmRhXkEyXkFqcGdeQXVyNjgxOTE3Njc@._V1_SX300.jpg,"[{'Source': 'Internet Movie Database', 'Value': '8.8/10'}]",N/A,8.8,186,tt6163070,series,,,,,1
True,,Jimmy Carr: Funny Business,Jimmy Carr: Funny Business,2016,TV-MA,18 Mar 2016,62 min,Comedy,Sam Wrench,Jimmy Carr,Jimmy Carr,"A man, with an incredibly stupid laugh, tells jokes to an audience.",English,United Kingdom,N/A,https://m.media-amazon.com/images/M/MV5BNjc0ODQzNDktNzJiMy00Nzk2LTgxOTEtY2JlZDNmODVmMDZhXkEyXkFqcGc@._V1_SX300.jpg,"[{'Source': 'Internet Movie Database', 'Value': '7.2/10'}]",N/A,7.2,"4,974",tt5222724,movie,N/A,N/A,N/A,N/A,
False,Movie not found!,Aziz Ansari: Live at Madison Square Garden,,,,,,,,,,,,,,,,,,,,,,,,,
True,,The Next Skin,The Next Skin,2016,TV-MA,21 Oct 2016,103 min,"Drama, Mystery, Thriller","Isa Campo, Isaki Lacuesta","Isa Campo, Isaki Lacuesta, Fran Araújo","Àlex Monner, Emma Suárez, Sergi López","A teenager who went missing and was presumed dead returns home after eight years to find a family deeply affected by his disappearance. Gradually, doubts arise about whether he really is the missing boy or an impostor.","Catalan, French, Spanish","Spain, Switzerland",14 wins & 18 nominations total,https://m.media-amazon.com/images/M/MV5BZTljMTI5ZWUtYTNkMi00ZWMwLTljYmEtMjZkNTJjZWI5MDBhXkEyXkFqcGc@._V1_SX300.jpg,"[{'Source': 'Internet Movie Database', 'Value': '6.1/10'}]",N/A,6.1,"2,149",tt4034208,movie,N/A,N/A,N/A,N/A,
True,,Chris Tucker: Live,Chris Tucker Live,2015,TV-MA,10 Jul 2015,92 min,"Documentary, Comedy",Phil Joanou,Chris Tucker,Chris Tucker,"In this Netflix special, Chris Tucker returns to the stage he loves and showcases his mind-blowing comedic chops as he shares his experiences from childhood to the big time.",English,United States,N/A,https://m.media-amazon.com/images/M/MV5BMTU1MzU2Njg2MF5BMl5BanBnXkFtZTgwNTM0MzgxNjE@._V1_SX300.jpg,"[{'Source': 'Internet Movie Database', 'Value': '6.3/10'}]",N/A,6.3,"2,119",tt4835636,movie,N/A,N/A,N/A,N/A,
True,,"Dana Carvey: Straight White Male, 60","Dana Carvey: Straight White Male, 60",2016,N/A,04 Nov 2016,64 min,Comedy,Marcus Raboy,Dana Carvey,"Dana Carvey, Dex Carvey, Thomas Carvey","Emmy-winning comedy legend Dana Carvey returns to the stage with a routine that blends pitch-perfect impressions of big personalities with so-true-it-hurts stories about being a dad of millennials, the joys of aging, and pharmaceu...",English,United States,N/A,https://m.media-amazon.com/images/M/MV5BZWJlMzAxMGItNzRlMS00MTIzLTljMzItMDI5ZjIxYzU5ZTIyXkEyXkFqcGdeQXVyNjYzMDA4MTI@._V1_SX300.jpg,"[{'Source': 'Internet Movie Database', 'Value': '6.5/10'}]",N/A,6.5,"1,632",tt6217368,movie,N/A,N/A,N/A,N/A,
True,,Justin Timberlake + The Tennessee Kids,Justin Timberlake + the Tennessee Kids,2016,N/A,12 Oct 2016,90 min,"Documentary, Music",Jonathan Demme,N/A,"Adam Blackstone, Aaron Camper, Devine Evans","The final performance of Justin Timberlake and the Tennessee Kids' 20/20 Experience World Tour, filmed in 2015 at the MGM Grand Garden Arena in Las Vegas.",English,United States,N/A,https://m.media-amazon.com/images/M/MV5BOGQyNzRkNWItOWRmOS00YTk0LWIyYWYtZDcxMGIyMmQwNTU0XkEyXkFqcGc@._V1_SX300.jpg,"[{'Source': 'Internet Movie Database', 'Value': '7.6/10'}, {'Source': 'Metacritic', 'Value': '81/100'}]",81,7.6,"2,322",tt5001772,movie,N/A,N/A,N/A,N/A,
True,,Russell Peters: Almost Famous,Russell Peters: Almost Famous,2016,N/A,07 Oct 2016,73 min,Comedy,David Higby,Russell Peters,"Russell Peters, Jus Reign","Canadian comedy star, Russell Peters, visits Toronto's Massey Hall for a homecoming stand-up comedy performance. Russell returns to his trademark material of ethnic jokes and audience interaction.",English,United States,N/A,https://m.media-amazon.com/images/M/MV5BYWUzMDM4MjQtODA4MC00ZTQyLWI4NjktMjRmMTlkMGVmNWM0XkEyXkFqcGc@._V1_SX300.jpg,"[{'Source': 'Internet Movie Database', 'Value': '6.6/10'}]",N/A,6.6,"2,110",tt5946232,movie,N/A,N/A,N/A,N/A,
True,,Sin senos sí hay paraíso,Sin Senos Sí Hay Paraíso,2016–2018,TV-14,19 Jul 2016,44 min,"Action, Crime, Drama",N/A,N/A,"Fabián Ríos, Carolina Gaitan, Crystal Lopez",A girl goes on to live difficult times when she chooses to step outside the path her parents had laid out for her.,Spanish,"Colombia, United States",N/A,https://m.media-amazon.com/images/M/MV5BOWIzZDRjMjgtMDliNy00NTgyLTkwOTYtMzZkZTU2NzRmMzgwXkEyXkFqcGc@._V1_SX300.jpg,"[{'Source': 'Internet Movie Database', 'Value': '6.6/10'}]",N/A,6.6,722,tt5676412,series,,,,,3
True,,Colin Quinn: Unconstitutional,Colin Quinn: Unconstitutional,2015,Not Rated,01 Feb 2015,55 min,Comedy,Jay Chapman,Colin Quinn,Colin Quinn,"Filmed live in Tarrytown, NY, long-time comedian, Colin Quinn, brings up some excellent points about America's history. Laugh out loud to this stand-up special while learning a thing or two!",English,United States,N/A,https://m.media-amazon.com/images/M/MV5BM2VjYjIzNTAtNjBiMS00MzRkLTk2MmEtNDIxMWE3YThiMzQ4XkEyXkFqcGc@._V1_SX300.jpg,"[{'Source': 'Internet Movie Database', 'Value': '7.1/10'}]",N/A,7.1,528,tt4392266,movie,N/A,N/A,N/A,N/A,
True,,Jim Jefferies: Freedumb,Jim Jefferies: Freedumb,2016,TV-MA,01 Jul 2016,86 min,Comedy,Ryan Polito,Jim Jefferies,Jim Jefferies,"Jim Jefferies talks about family life and challenges the idea of American freedom live on stage in Nashville, Tennessee.",English,United States,N/A,https://m.media-amazon.com/images/M/MV5BM2Y2MDViYzUtOTA2Yy00NTMyLWJiYjItMTlkNDQ1ZDk3ZWY4XkEyXkFqcGc@._V1_SX300.jpg,"[{'Source': 'Internet Movie Database', 'Value': '7.7/10'}]",N/A,7.7,"5,958",tt5849950,movie,01 Jul 2016,N/A,Netflix,N/A,
True,,Asperger's Are Us,Asperger's Are Us,2016,N/A,11 Nov 2016,82 min,"Documentary, Comedy, Drama",Alex Lehmann,N/A,"Noah Britton, Ethan Finlan, Jack Hanke","In this coming of age documentary, four friends on the Autism spectrum whom have bonded through humor and performed as the comedy troupe ""Asperger's Are Us"" will prepare for one final, ambitious show before going their separate ways.",English,United States,1 nomination,https://m.media-amazon.com/images/M/MV5BMTBkZWNlNTctYjFiMy00ZDRhLThmNjYtMjkyOTljYjM1ZWUzXkEyXkFqcGdeQXVyMTU2NzQ5MzA@._V1_SX300.jpg,"[{'Source': 'Internet Movie Database', 'Value': '6.6/10'}, {'Source': 'Rotten Tomatoes', 'Value': '100%'}]",N/A,6.6,824,tt4109268,movie,N/A,N/A,N/A,N/A,
True,,Tony Robbins: I Am Not Your Guru,Tony Robbins: I Am Not Your Guru,2016,TV-MA,15 Jul 2016,115 min,Documentary,Joe Berlinger,N/A,"Sage Bonnie Humphrey, Steven Kronick, Anthony Robbins","TONY ROBBINS: I AM NOT YOUR GURU, a feature documentary film about internationally renowned life and business strategist Tony Robbins, is a revelatory cinéma vérité film that goes behind the scenes of his mammoth seminar ""Date Wit...",English,United States,3 wins & 1 nomination,https://m.media-amazon.com/images/M/MV5BMzM3NTAwMjAxMl5BMl5BanBnXkFtZTgwMjU0ODkxOTE@._V1_SX300.jpg,"[{'Source': 'Internet Movie Database', 'Value': '6.6/10'}, {'Source': 'Rotten Tomatoes', 'Value': '45%'}, {'Source': 'Metacritic', 'Value': '51/100'}]",51,6.6,"4,735",tt5151716,movie,N/A,N/A,N/A,N/A,
True,,Hunterrr,Hunterrr,2015,N/A,20 Mar 2015,141 min,"Comedy, Romance",Harshavardhan Kulkarni,"Harshavardhan Kulkarni, Vijay Maurya","Gulshan Devaiah, Radhika Apte, Sai Tamhankar","Mandar, an ordinary guy is obsessed with sex and chases girls until he meets Tripti and decides to settle down with her.",Hindi,India,3 nominations,https://m.media-amazon.com/images/M/MV5BMGQzYjVkYjgtYTRiNS00NTgxLWJlYmUtN2VlMzg3MDFmMjExXkEyXkFqcGc@._V1_SX300.jpg,"[{'Source': 'Internet Movie Database', 'Value': '7.0/10'}, {'Source': 'Rotten Tomatoes', 'Value': '50%'}]",N/A,7.0,"6,877",tt4333674,movie,N/A,N/A,N/A,N/A,
True,,Belgica,Belgica,2016,N/A,02 Mar 2016,127 min,Drama,Felix van Groeningen,"Arne Sierens, Felix van Groeningen","Stef Aerts, Tom Vermeir, Stefaan De Winter",The drama follows two brothers who start a bar and get swept up in its success in the midst of Belgium's nightlife scene.,"Flemish, Dutch","Belgium, France, Netherlands",4 wins & 10 nominations total,https://m.media-amazon.com/images/M/MV5BOGE4OTI0ZDAtZTQwNi00ZjJmLTlkMmEtNDlmODA5NzI4ZDU0XkEyXkFqcGc@._V1_SX300.jpg,"[{'Source': 'Internet Movie Database', 'Value': '6.7/10'}, {'Source': 'Rotten Tomatoes', 'Value': '53%'}, {'Source': 'Metacritic', 'Value': '63/100'}]",63,6.7,"4,902",tt3544218,movie,N/A,N/A,N/A,N/A,
True,,Chelsea,Chelsea,2016–2017,TV-MA,11 May 2016,30 min,"Comedy, Talk-Show",N/A,N/A,"Chelsea Handler, Jeff Wild, Daniel Maurio","Chelsea Handler interviews celebrities, academics, and professionals in her new show on Netflix.",English,United States,1 nomination,https://m.media-amazon.com/images/M/MV5BNTQyMzAyOTM1Ml5BMl5BanBnXkFtZTgwOTQ3MzQwMjI@._V1_SX300.jpg,"[{'Source': 'Internet Movie Database', 'Value': '6.4/10'}]",N/A,6.4,"2,169",tt5672036,series,,,,,2
True,,Kapoor & Sons,Kapoor & Sons,2016,Not Rated,18 Mar 2016,132 min,"Comedy, Crime, Drama",Shakun Batra,"Shakun Batra, Ayesha DeVitre, Spandan Mishra","Rishi Kapoor, Rajat Kapoor, Ratna Pathak Shah",The story about two brothers who visit their dysfunctional family for their grandfather's birthday party.,Hindi,India,18 wins & 38 nominations,https://m.media-amazon.com/images/M/MV5BMjE4NDk4MTIwNl5BMl5BanBnXkFtZTgwNDEwODI5NzE@._V1_SX300.jpg,"[{'Source': 'Internet Movie Database', 'Value': '7.7/10'}, {'Source': 'Rotten Tomatoes', 'Value': '100%'}]",N/A,7.7,"28,920",tt4900716,movie,N/A,"$2,607,036",N/A,N/A,
True,,Udta Punjab,Udta Punjab,2016,Not Rated,17 Jun 2016,148 min,"Action, Crime, Drama",Abhishek Chaubey,"Sudip Sharma, Abhishek Chaubey","Shahid Kapoor, Alia Bhatt, Kareena Kapoor",A story that revolves around drug abuse in the affluent north Indian State of Punjab and how the youth there have succumbed to it en-masse resulting in a socio-economic decline.,Hindi,India,21 wins & 39 nominations,https://m.media-amazon.com/images/M/MV5BN2I5YjhlYTctYzhmNy00NGVlLWJjNDEtYWJkYjViMDEzMWViXkEyXkFqcGc@._V1_SX300.jpg,"[{'Source': 'Internet Movie Database', 'Value': '7.7/10'}, {'Source': 'Rotten Tomatoes', 'Value': '92%'}]",N/A,7.7,"32,640",tt4434004,movie,N/A,N/A,N/A,N/A,
True,,Tamasha,Tamasha,2015,Not Rated,27 Nov 2015,139 min,"Comedy, Drama, Romance",Imtiaz Ali,Imtiaz Ali,"Deepika Padukone, Ranbir Kapoor, Naila Grrewal","A boy meets a girl, in Corsica. They decide not to reveal their real name or personality.",Hindi,India,12 wins & 29 nominations,https://m.media-amazon.com/images/M/MV5BMzg4NzE4NDMtMGNmOC00MTc1LTk2NTItMmFlMjNjMDgxN2Y5XkEyXkFqcGc@._V1_SX300.jpg,"[{'Source': 'Internet Movie Database', 'Value': '7.4/10'}, {'Source': 'Rotten Tomatoes', 'Value': '65%'}]",N/A,7.4,"33,263",tt3148502,movie,N/A,"$2,065,487",N/A,N/A,
False,Movie not found!,Mossad 101,,,,,,,,,,,,,,,,,,,,,,,,,
True,,Breaking the Bank,Breaking the Bank,2014,Not Rated,03 Jun 2016,105 min,Comedy,Vadim Jean,"Roger Devlin, Vadim Jean, Stephen Keyworth","Sonya Cassidy, Kelsey Grammer, John Michael Higgins","With ruthless US and Japanese investment banks circling Tuftons, a struggling 200-year-old family-run British bank, can its bumbling, incompetent chairman, Sir Charles Bunbury, fend off the onslaught and save the bank?","English, Japanese",United Kingdom,1 nomination total,https://m.media-amazon.com/images/M/MV5BNmUxNjNiOGUtYjA3YS00ZDVjLWFiM2ItZDM1ZGQ4N2IxNzA0XkEyXkFqcGc@._V1_SX300.jpg,"[{'Source': 'Internet Movie Database', 'Value': '4.8/10'}]",N/A,4.8,"1,046",tt3105662,movie,N/A,N/A,N/A,N/A,
False,Movie not found!,All About Asado,,,,,,,,,,,,,,,,,,,,,,,,,
False,Movie not found!,Vanished 46,,,,,,,,,,,,,,,,,,,,,,,,,
True,,Chronically Metropolitan,Chronically Metropolitan,2016,Not Rated,04 Aug 2017,90 min,"Comedy, Drama",Xavier Manrique,Nicholas Schutt,"Shiloh Fernandez, Chris Noth, Victor Cruz","A cynical and clever coming-of-age film about first-time novelist Fenton Dillane, who returns to New York City unannounced to confront his family, his ex-girlfriend, and a few lingering childhood fears.","English, Italian",United States,1 nomination,https://m.media-amazon.com/images/M/MV5BMTAxOTI5MjczMDdeQTJeQWpwZ15BbWU4MDAyNzYyMDgx._V1_SX300.jpg,"[{'Source': 'Internet Movie Database', 'Value': '5.0/10'}, {'Source': 'Rotten Tomatoes', 'Value': '40%'}, {'Source': 'Metacritic', 'Value': '28/100'}]",28,5.0,"1,600",tt4460854,movie,N/A,N/A,N/A,N/A,
True,,The Miracle,The Miracle,2015,TV-MA,01 Jan 2015,136 min,"Comedy, Drama, History",Mahsun Kirmizigül,Mahsun Kirmizigül,"Talat Bulut, Mert Turak, Mahsun Kirmizigül","N the 1960s, a new teacher arrives in a village in the interior of Turkey and discovers that there is no school. He mobilizes the residents to build a place for children and the disabled to learn.",Turkish,Turkey,N/A,https://m.media-amazon.com/images/M/MV5BNTk3NzU5NjY3Nl5BMl5BanBnXkFtZTgwMzcwNDQyNDE@._V1_SX300.jpg,"[{'Source': 'Internet Movie Database', 'Value': '7.6/10'}]",N/A,7.6,"14,850",tt3138782,movie,N/A,N/A,N/A,N/A,
True,,Fate/Grand Order: First Order,Fate/Grand Order: First Order,2016,N/A,31 Dec 2016,74 min,Animation,Hitoshi Nanba,"Kinoko Nasu, Ayumi Sekine","Nobunaga Shimazaki, Rie Takahashi, Madoka Yonezawa","It is the year 2015, the final era over which magic still held sway. Caldea is an organization established to observe the magical world and the world of science - as well as to prevent the final extinction of mankind. Humanity is ...",Japanese,Japan,2 nominations total,https://m.media-amazon.com/images/M/MV5BOWFlZjk2NGMtZGUwNS00YTY3LTg4YjgtNGMwODFhZTg0MTJjXkEyXkFqcGc@._V1_SX300.jpg,"[{'Source': 'Internet Movie Database', 'Value': '5.8/10'}]",N/A,5.8,"1,135",tt6213810,movie,N/A,N/A,N/A,N/A,
True,,White Nights,White Nights,1957,Not Rated,28 May 1961,97 min,"Drama, Romance",Luchino Visconti,"Fyodor Dostoevsky, Suso Cecchi D'Amico, Luchino Visconti","Maria Schell, Marcello Mastroianni, Jean Marais",A humble clerk courts a woman who awaits her lover's return night after night.,Italian,"Italy, France",7 wins & 7 nominations,https://m.media-amazon.com/images/M/MV5BYjUwYzczMTctMzUzNC00ZmRiLTlkN2EtNjA5ZjRjMmQ3NmVlXkEyXkFqcGc@._V1_SX300.jpg,"[{'Source': 'Internet Movie Database', 'Value': '7.8/10'}, {'Source': 'Rotten Tomatoes', 'Value': '89%'}]",N/A,7.8,"9,351",tt0050782,movie,N/A,N/A,N/A,N/A,
True,,Toon,Toon,2016–2017,N/A,22 Apr 2016,25 min,Comedy,N/A,"Beer ten Kate, Dirk van Pelt, Joep Vermolen","Joep Vermolen, Amy van der Weerden, Loulou Hameleers","A reclusive, socially awkward jingle composer finds himself navigating the nightmarish world of show business after a viral video skyrockets him to fame overnight.",Dutch,Netherlands,2 nominations,https://m.media-amazon.com/images/M/MV5BZTA5MDVlYTktNDkzMS00MWE2LWFhM2QtYjA3YzM1YjBiYjNkXkEyXkFqcGdeQXVyMTMxODk2OTU@._V1_SX300.jpg,"[{'Source': 'Internet Movie Database', 'Value': '7.6/10'}]",N/A,7.6,"1,044",tt5698140,series,,,,,2
True,,Hannibal Buress: Comedy Camisado,Hannibal Buress: Comedy Camisado,2016,TV-MA,05 Feb 2016,83 min,Comedy,Lance Bangs,Hannibal Buress,"Hannibal Buress, Al Jackson, Dan Steinhaus",A night of stand-up with comedian Hannibal Buress.,English,United States,N/A,https://m.media-amazon.com/images/M/MV5BMGQ3NzZiNjYtODVhMi00OTA2LThlMTctYzNhNDUyNDk2M2RkXkEyXkFqcGc@._V1_SX300.jpg,"[{'Source': 'Internet Movie Database', 'Value': '6.6/10'}, {'Source': 'Rotten Tomatoes', 'Value': '100%'}]",N/A,6.6,"1,623",tt5352432,movie,N/A,N/A,N/A,N/A,
True,,Anjelah Johnson: Not Fancy,Anjelah Johnson: Not Fancy,2015,Not Rated,01 Oct 2015,90 min,"Documentary, Comedy",Jaime Eliezer Karas,Anjelah Johnson-Reyes,Anjelah Johnson-Reyes,"Angelah Johnson waxes about religion, married life, travel, and food among other topics in this new laugh out loud and family friendly stand up special taped live in California.","Spanish, English",United States,N/A,https://m.media-amazon.com/images/M/MV5BODUyNGRlZTEtMGU0Yy00MWUxLWJjYTgtMDMyOWNjYjY5NWUyXkEyXkFqcGc@._V1_SX300.jpg,"[{'Source': 'Internet Movie Database', 'Value': '5.8/10'}]",N/A,5.8,771,tt4199110,movie,N/A,N/A,N/A,N/A,
True,,72 Cutest Animals,72 Cutest Animals,2016–,N/A,01 Jun 2016,27 min,Documentary,N/A,N/A,"Graham Mitchell, Bob Humphries, Kym Illman",This series examines the nature of cuteness and how adorability helps some animal species to survive and thrive in a variety of environments.,"English, German, Italian, French, Spanish",Australia,N/A,https://m.media-amazon.com/images/M/MV5BNzA4NzRhNDQtZWJhOC00ZTFmLTllM2UtZGEyMWU1NmViZTkxXkEyXkFqcGdeQXVyNjYxNDUxNTA@._V1_SX300.jpg,"[{'Source': 'Internet Movie Database', 'Value': '5.7/10'}]",N/A,5.7,505,tt5815824,series,,,,,1
True,,Force 2,Force 2,2016,Not Rated,18 Nov 2016,127 min,"Action, Thriller",Abhinay Deo,"Jasmeet K Reen, Parveez Shaikh","John Abraham, Sonakshi Sinha, Tahir Raj Bhasin",ACP Yashvardhan teams up with RAW Agent KK to bring down the mole within RAW.,Hindi,India,4 nominations total,https://m.media-amazon.com/images/M/MV5BYzdlYjJmODItYjNhMy00ZGMxLTlhNjItN2JlMzFmMzYyZDVmXkEyXkFqcGc@._V1_SX300.jpg,"[{'Source': 'Internet Movie Database', 'Value': '6.2/10'}, {'Source': 'Rotten Tomatoes', 'Value': '55%'}]",N/A,6.2,"6,307",tt5156746,movie,N/A,N/A,N/A,N/A,
True,,Fitoor,Fitoor,2016,N/A,12 Feb 2016,131 min,"Drama, Romance",Abhishek Kapoor,"Charles Dickens, Abhishek Kapoor, Supratik Sen","Aditya Roy Kapoor, Katrina Kaif, Tabu",Modern adaptation of Charles Dickens' Great Expectations; a poor but talented boy falls in love with a girl from an affluent family.,"Urdu, Hindi",India,1 win & 13 nominations,https://m.media-amazon.com/images/M/MV5BYTg0NmE4MjAtNjFhZS00ZDdmLWI3NGEtMzBhNzc1YTc3ZTk1XkEyXkFqcGc@._V1_SX300.jpg,"[{'Source': 'Internet Movie Database', 'Value': '5.4/10'}, {'Source': 'Rotten Tomatoes', 'Value': '15%'}]",N/A,5.4,"5,417",tt4399594,movie,N/A,"$528,799",N/A,N/A,
True,,Triumph in the Skies,Triumph in the Skies,2015,N/A,20 Feb 2015,100 min,Drama,"Matt Chow, Wilson Yip","Matt Chow, Cheung Gee Yin, Tze-Man Sin","Louis Koo, Sammi Cheng, Francis Ng","Feature film adaptation of the the TV series, ""Triumph in the Skies.""",Cantonese,Hong Kong,1 win,https://m.media-amazon.com/images/M/MV5BMmI2MmNlODEtNDAzOC00ZDhkLTkwZTMtNzNlOWNmYWY1M2U1XkEyXkFqcGc@._V1_SX300.jpg,"[{'Source': 'Internet Movie Database', 'Value': '4.3/10'}]",N/A,4.3,411,tt1929433,movie,N/A,N/A,N/A,N/A,
True,,In the Shadow of Iris,In the Shadow of Iris,2016,TV-MA,16 Nov 2016,99 min,"Drama, Thriller",Jalil Lespert,"Andrew Bovell, Jérémie Guez, Jalil Lespert","Romain Duris, Charlotte Le Bon, Jalil Lespert","Iris, young wife of a banker, disappears in Paris. Maybe a mechanic with many debts is involved in the strange affair. A really complicated job for the police.",French,"France, Belgium",1 nomination total,https://m.media-amazon.com/images/M/MV5BYTIzYjhkZTctZWRiZS00MTY4LThhYzUtMjQ4MWM3ZWQ1NTQ2XkEyXkFqcGc@._V1_SX300.jpg,"[{'Source': 'Internet Movie Database', 'Value': '6.1/10'}]",N/A,6.1,"4,784",tt5598110,movie,N/A,N/A,N/A,N/A,
True,,The White Helmets,The White Helmets,2016,TV-14,16 Sep 2016,41 min,"Documentary, Short, War",Orlando von Einsiedel,N/A,"Dana Abed, Tia Alkerdi, Khalid Farah","As daily airstrikes pound civilian targets in Syria, a group of indomitable first responders risk their lives to rescue victims from the rubble.","Arabic, English",United Kingdom,Won 1 Oscar. 5 wins & 4 nominations total,https://m.media-amazon.com/images/M/MV5BMjVlNzYxMmUtNzY0OS00OGQzLTk5ODctN2UyNTdmZTEwYTQ5XkEyXkFqcGc@._V1_SX300.jpg,"[{'Source': 'Internet Movie Database', 'Value': '7.5/10'}, {'Source': 'Rotten Tomatoes', 'Value': '100%'}]",N/A,7.5,"8,339",tt6073176,movie,N/A,N/A,N/A,N/A,
True,,Mucize,Mucize,2023,N/A,18 Jun 2023,N/A,Short,Emirhan Cakiroglu,Emirhan Cakiroglu,"Berk Ucan, Mehmet Nacak, Hacer Türkekul",The psychological journey of a young survivor after the earthquake,Turkish,Turkey,N/A,https://m.media-amazon.com/images/M/MV5BYzM3ZTVjMzMtNmZkYi00YmE3LTg0MzktODUxMzM0MjJmODZjXkEyXkFqcGc@._V1_SX300.jpg,[],N/A,N/A,12,tt28437887,movie,N/A,N/A,N/A,N/A,
True,,The Ivory Game,The Ivory Game,2016,N/A,04 Nov 2016,112 min,Documentary,"Kief Davidson, Richard Ladkani",N/A,"Andrea Crosta, Ian Stevenson, Prince William of Wales",Wildlife activists in take on poachers in an effort to end illegal ivory trade in Africa.,English,Austria,7 wins & 7 nominations total,https://m.media-amazon.com/images/M/MV5BNTY4OTQ3NDIwMF5BMl5BanBnXkFtZTgwOTk4MzkzMDI@._V1_SX300.jpg,"[{'Source': 'Internet Movie Database', 'Value': '7.8/10'}, {'Source': 'Rotten Tomatoes', 'Value': '77%'}, {'Source': 'Metacritic', 'Value': '73/100'}]",73,7.8,"3,550",tt5952266,movie,N/A,N/A,N/A,N/A,
True,,Our Lovers,Our Lovers,2016,N/A,03 Jun 2016,88 min,"Comedy, Drama, Romance",Miguel Ángel Lamata,Miguel Ángel Lamata,"Eduardo Noriega, Michelle Jenner, Fele Martínez","One man, one woman, one rule: don't fall in love.",Spanish,Spain,1 nomination,https://m.media-amazon.com/images/M/MV5BMDNlMzdmNDYtMTMzOC00ZGQ3LWFmNWQtZDUxYTQ5NjI3ZmJkXkEyXkFqcGdeQXVyMjI3NzMwMTU@._V1_SX300.jpg,"[{'Source': 'Internet Movie Database', 'Value': '6.7/10'}, {'Source': 'Rotten Tomatoes', 'Value': '20%'}]",N/A,6.7,"4,658",tt4631532,movie,N/A,N/A,N/A,N/A,
True,,If I were an Animal,If I Were an Animal,2018–,N/A,01 Jun 2018,N/A,Documentary,N/A,N/A,N/A,N/A,English,United Kingdom,N/A,https://m.media-amazon.com/images/M/MV5BMjc3ODQ2M2EtMjFlZi00NzZhLTgzMzctZGZjMjc1ZGM5Yjc0XkEyXkFqcGc@._V1_SX300.jpg,[],N/A,N/A,N/A,tt32896588,series,,,,,N/A
True,,Home: Adventures with Tip & Oh,Home: Adventures with Tip & Oh,2016–2018,TV-Y7,29 Jul 2016,23 min,"Animation, Adventure, Comedy",N/A,"Ryan Crego, Thurop Van Orman","Rachel Crow, Mark Whitten, Ana Ortiz","Picking up where the 2015 film left off, this coming-of-age buddy comedy follows fearless Tip and overenthusiastic Oh, as they navigate the crazily combined human and alien culture they live in, finding adventure everywhere they go.",English,United States,1 nomination total,https://m.media-amazon.com/images/M/MV5BOTM4ODIyNzUyOF5BMl5BanBnXkFtZTgwMDkxOTkxOTE@._V1_SX300.jpg,"[{'Source': 'Internet Movie Database', 'Value': '6.2/10'}]",N/A,6.2,722,tt5759196,series,,,,,4
True,,Beauty and the Bestie,Beauty and the Bestie,2015,TV-14,26 Feb 2019,119 min,"Action, Comedy, Drama",Wenn V. Deramas,"Mel Mendoza-Del Rosario, Enrico C. Santos","Vice Ganda, Coco Martin, James Reid","For an important case, a policeman needs the help of his former best friend to impersonate the daughter of a foreign dignitary in a beauty pageant.","Filipino, Tagalog, Japanese, Korean",Philippines,5 nominations total,https://m.media-amazon.com/images/M/MV5BMzQwNjcyZjItZTdhMy00ZTQzLTk0ZWYtNDU0Y2ZhYTJhMjM0XkEyXkFqcGc@._V1_SX300.jpg,"[{'Source': 'Internet Movie Database', 'Value': '4.7/10'}]",N/A,4.7,359,tt4842270,movie,N/A,N/A,N/A,N/A,
True,,A Touch of Green,A Touch of Green,2015–2016,N/A,19 Dec 2015,N/A,"Drama, War",N/A,N/A,"Tien-Hsin, Cheryl Yang, Chun-Tian Lan","The drama tells the story of air force pilots and their families from 1945 to 1971. As the husbands embarked on patriotic missions to fight against the enemies, their families must content with horror of wars, mass emigration to d...",Mandarin,Taiwan,11 wins & 8 nominations total,https://m.media-amazon.com/images/M/MV5BYzU0NTI0MTMtNjcxYS00ZGE2LWEyMmMtZDYyZDUwMDA5MTJmXkEyXkFqcGc@._V1_SX300.jpg,"[{'Source': 'Internet Movie Database', 'Value': '8.3/10'}]",N/A,8.3,465,tt5231950,series,,,,,1
True,,Tom Segura: Mostly Stories,Tom Segura: Mostly Stories,2016,TV-MA,08 Jan 2016,73 min,Comedy,"Jaime Eliezer Karas, Rami Hachache",Tom Segura,"Gabriel G. Alvarez, I. Elijah Baughman, Brandon Brown","The bearded, bawdy and comically bitter Tom Segura gets real about body piercings, the ""Area 51"" of men's bodies, and the lie he told Mike Tyson.",English,United States,N/A,https://m.media-amazon.com/images/M/MV5BNzIzNTU0YWItYTk2NC00NzA4LTkyODAtZmVhYWZmOGJlOWFiXkEyXkFqcGc@._V1_SX300.jpg,"[{'Source': 'Internet Movie Database', 'Value': '7.5/10'}]",N/A,7.5,"4,324",tt4970632,movie,N/A,N/A,N/A,N/A,
False,Movie not found!,Hibana: Spark,,,,,,,,,,,,,,,,,,,,,,,,,
False,Movie not found!,Dhanak,,,,,,,,,,,,,,,,,,,,,,,,,
True,,Jonah,Jonah,2023,N/A,12 Mar 2024,89 min,"Mystery, Sci-Fi, Thriller",Ben Van Kleek,"Ben Van Kleek, Trevor Vandelac","Osric Chau, Alaina Huffman, Ken Kirby",A journalist's repressed childhood trauma surfaces during an investigation into a mother who claims that her son was abducted by aliens.,English,United States,1 nomination total,https://m.media-amazon.com/images/M/MV5BYTgzZDc3ZTEtNmM1My00MDJjLWJhZTAtNzg4Y2EzMTM5YTRmXkEyXkFqcGc@._V1_SX300.jpg,"[{'Source': 'Internet Movie Database', 'Value': '3.8/10'}]",N/A,3.8,565,tt19773302,movie,N/A,N/A,N/A,N/A,
False,Movie not found!,Chocolate City: Vegas Strip,,,,,,,,,,,,,,,,,,,,,,,,,
True,,I'll Sleep When I'm Dead,I'll Sleep When I'm Dead,2003,R,30 Apr 2004,103 min,"Crime, Drama, Mystery",Mike Hodges,Trevor Preston,"Clive Owen, Malcolm McDowell, Jonathan Rhys Meyers",A former gangster reenters the criminal underworld after his brother suspiciously commits suicide.,English,"United Kingdom, United States",1 nomination,https://m.media-amazon.com/images/M/MV5BMTQ4NjhjMTgtMTMzYS00OGE0LWExNzItZmI2ZDE5NGI1YzViXkEyXkFqcGc@._V1_SX300.jpg,"[{'Source': 'Internet Movie Database', 'Value': '5.8/10'}, {'Source': 'Rotten Tomatoes', 'Value': '46%'}, {'Source': 'Metacritic', 'Value': '56/100'}]",56,5.8,"9,125",tt0319531,movie,N/A,"$360,759",N/A,N/A,
True,,The Truth Seekers,The Truth Seekers,2016,N/A,28 Apr 2016,45 min,Action,N/A,N/A,"Hanwei Chen, Rebecca Lim, Desmond Tan","Veteran police officer, Bai Qingxiong (Chen Hanwei), forms an agency called Cold Case Investigators (CCI) which aims to crack unsolved cases.",Chinese,Singapore,N/A,https://m.media-amazon.com/images/M/MV5BYzYxOTRmNTUtYTE5Yi00OTkyLWE5OWQtMmI1MWM1ZWZjOWVkXkEyXkFqcGc@._V1_SX300.jpg,"[{'Source': 'Internet Movie Database', 'Value': '7.0/10'}]",N/A,7.0,23,tt7131694,series,,,,,1
True,,Atelier,Atelier,2017,N/A,19 Jun 2017,30 min,"Short, Drama, Mystery",Elsa Maria Jakobsdóttir,Elsa Maria Jakobsdóttir,"Rosalinde Mynster, Anna Rothlin, Oscar Töringe","A young woman comes to a remote island to get away from it all, taking refuge at a modern studio utopia. Her stay is jarringly interrupted by an acoustic installation artist. Tension between the contrasting personalities rises as ...","English, Danish, Swedish",Denmark,3 wins & 3 nominations,https://m.media-amazon.com/images/M/MV5BM2RjYjM5ZDEtZTBiZS00ZWJhLWFlODItNmYxMWM2Y2Y3YTA2XkEyXkFqcGc@._V1_SX300.jpg,"[{'Source': 'Internet Movie Database', 'Value': '6.2/10'}]",N/A,6.2,57,tt6855802,movie,N/A,N/A,N/A,N/A,
True,,Project Marathwada,Project Marathwada,2016,N/A,03 Jun 2016,110 min,Drama,Bhavin Wadia,Bhavin Wadia,"Om Puri, Seema Biswas, Govind Namdeo","An indebted old farmer Tukaram wants to get justice for his son who commits suicide. But when Tukaram's pleas fall on deaf ears, he is forced to take a drastic step to ensure that his voice is heard, loud and clear, by the nation.",Hindi,India,N/A,https://m.media-amazon.com/images/M/MV5BNmZmMjFkYzUtYzZlOC00MDk1LWE1MmUtYzFmZDY2NzM2Nzc3XkEyXkFqcGc@._V1_SX300.jpg,"[{'Source': 'Internet Movie Database', 'Value': '6.5/10'}]",N/A,6.5,98,tt5714802,movie,N/A,N/A,N/A,N/A,
True,,ABCD 2,Chunar ABCD 2 Cover by Vivek Verma,2015,N/A,22 Jun 2015,N/A,Music,Rahul Singh Rathod,N/A,Vivek Verma,N/A,Hindi,India,N/A,https://m.media-amazon.com/images/M/MV5BOWEyNzE3NWUtNjc1NS00YWMwLThmYTMtNjY1YWM0NWU1N2Y3XkEyXkFqcGc@._V1_SX300.jpg,[],N/A,N/A,N/A,tt6049376,movie,N/A,N/A,N/A,N/A,
True,,My Runway,My Runway,2016–,N/A,N/A,25 min,"Comedy, Drama, Fantasy",N/A,N/A,"Ahn Bo-hyun, Park Ji-yeon, Park Se-jin","Han Seo Yeon, a bright, healthy, and outgoing high school student who dreams of becoming a model. Her journey to achieving her dream will be portrayed in 'My Runway'.",Korean,South Korea,N/A,https://m.media-amazon.com/images/M/MV5BZGU5MTA4NDUtZDAwOS00ZmQ1LWJhZDktOWNlMTcwZWEyOGFhXkEyXkFqcGc@._V1_SX300.jpg,"[{'Source': 'Internet Movie Database', 'Value': '6.2/10'}]",N/A,6.2,395,tt6968336,series,,,,,1
False,Movie not found!,Ali Baba and the 7 Dwarfs,,,,,,,,,,,,,,,,,,,,,,,,,
True,,Te3n,Te3n,2016,N/A,10 Jun 2016,136 min,"Crime, Drama, Mystery",Ribhu Dasgupta,"Jeong Geun-seop, Bijesh Jayarajan, Suresh Nair","Amitabh Bachchan, Nawazuddin Siddiqui, Mukesh Chhabra","A grandfather, a priest and a police officer investigate the case of a kidnapped child.",Hindi,"India, South Korea",2 nominations total,https://m.media-amazon.com/images/M/MV5BMGQzZGEwNWItMzcyZi00Y2M0LThmZWYtZWI4OWY0ZTQzYTkwXkEyXkFqcGc@._V1_SX300.jpg,"[{'Source': 'Internet Movie Database', 'Value': '7.2/10'}, {'Source': 'Rotten Tomatoes', 'Value': '67%'}]",N/A,7.2,"13,995",tt4814290,movie,N/A,"$331,507",N/A,N/A,
True,,"Chatô, The King of Brazil",Chatô - The King of Brazil,2016,N/A,24 Jan 2016,102 min,"Biography, Drama",Guilherme Fontes,"João Emanuel Carneiro, Guilherme Fontes, Matthew Robbins","Marco Ricca, Andrea Beltrão, Paulo Betti","The story of Assis Chateaubriand, the first magnate of communication in Brazil. Due to his influence during the late 1930s up to the early 1960s, he has come to be called The Brazilian Citizen Kane.",Portuguese,Brazil,17 wins & 14 nominations,https://m.media-amazon.com/images/M/MV5BNmU0NjFiMzgtYTYxNi00OTcyLTg4MzQtNGExMmMxOTExMjJlXkEyXkFqcGdeQXVyNTU0MjA3NTM@._V1_SX300.jpg,"[{'Source': 'Internet Movie Database', 'Value': '5.9/10'}]",N/A,5.9,754,tt0337926,movie,N/A,N/A,N/A,N/A,
True,,The Guardian Brothers,The Guardian Brothers,2015,TV-Y7,25 Dec 2015,103 min,"Animation, Comedy, Family","Gary Wang, Paulette Victor Lifton","Dan Edelstein, Terrence Stone, Gary Wang","Mike Birbiglia, Mel Brooks, Blanca Camacho","There's a crisis in the Chinese Spirit World -- humans don't believe in gods anymore! A Door God, facing unemployment, ventures into the human world to prove his worth, leading to unexpected encounters and transformations for huma...",Chinese,China,1 win & 1 nomination total,https://m.media-amazon.com/images/M/MV5BZjE4YmFjMDQtZDZmYy00Y2M2LTkwNjMtYTJjN2JjNTliMDQxXkEyXkFqcGc@._V1_SX300.jpg,"[{'Source': 'Internet Movie Database', 'Value': '5.5/10'}]",N/A,5.5,"2,339",tt4788934,movie,N/A,N/A,N/A,N/A,
True,,Budhia Singh: Born to Run,Budhia Singh: Born to Run,2016,Not Rated,05 Aug 2016,112 min,"Biography, Drama, Sport",Soumendra Padhi,Soumendra Padhi,"Manoj Bajpayee, Mayur Mahendra Patole, Gajraj Rao","A biopic about Budhia Singh, the world's youngest marathon runner whose story garnered controversy and inspiration around the world.",Hindi,India,2 wins & 1 nomination,https://m.media-amazon.com/images/M/MV5BODdmYjQ4ODItZGE2OC00OTgyLWI4YjItN2E1ZTcwNGQ1OGNjXkEyXkFqcGdeQXVyNjQ2MjQ5NzM@._V1_SX300.jpg,"[{'Source': 'Internet Movie Database', 'Value': '7.5/10'}, {'Source': 'Rotten Tomatoes', 'Value': '91%'}]",N/A,7.5,"1,636",tt5805252,movie,N/A,N/A,N/A,N/A,
True,,72 Dangerous Places to Live,72 Dangerous Places to Live,2016,N/A,21 Mar 2016,N/A,Documentary,N/A,N/A,"Mitch Ryan, Alessandro Bianchi, George Kourounis","From poisonous water to poisonous dunes, polluted air, flooding, earthquakes and rising sea levels, 72 Most Dangerous Places to Live provides a depiction of life on Earth, and some of the locals who live there. It is an ecologial,...",English,Australia,N/A,https://m.media-amazon.com/images/M/MV5BMmZlMGVjYTgtNjRiNC00M2Q2LTkzYTItMjVkNDAzZDY4YjYzXkEyXkFqcGc@._V1_SX300.jpg,"[{'Source': 'Internet Movie Database', 'Value': '6.2/10'}]",N/A,6.2,509,tt5674272,series,,,,,1
True,,Mercy,Mercy,2014,R,07 Oct 2014,79 min,"Horror, Thriller",Peter Cornwell,"Stephen King, Matt Greenberg","Frances O'Connor, Shirley Knight, Chandler Riggs",A single mom and her two boys help take care of their grandmother with mystical powers.,English,United States,N/A,https://m.media-amazon.com/images/M/MV5BNGVjMGQ5NmEtMDRjOC00ZDdmLWEzYzEtNzE2YzAzZWM2ZTQ4XkEyXkFqcGc@._V1_SX300.jpg,"[{'Source': 'Internet Movie Database', 'Value': '4.9/10'}]",N/A,4.9,"5,996",tt2481496,movie,N/A,N/A,N/A,N/A,
True,,City of Joy,City of Joy,1992,PG-13,17 Apr 1992,132 min,"Crime, Drama",Roland Joffé,"Dominique Lapierre, Mark Medoff","Patrick Swayze, Pauline Collins, Om Puri","An American doctor, a British nurse, and an illiterate Indian farmer unite to transform a Calcutta ghetto in this uplifting, inspirational movie starring Patrick Swayze and Pauline Collins.",English,"France, United Kingdom",1 nomination,https://m.media-amazon.com/images/M/MV5BMDU5Nzc2YWMtNzY1Mi00NmUxLTlmZTMtN2NjZDY5MzU4ZWY4XkEyXkFqcGc@._V1_SX300.jpg,"[{'Source': 'Internet Movie Database', 'Value': '6.5/10'}, {'Source': 'Rotten Tomatoes', 'Value': '56%'}]",N/A,6.5,"5,733",tt0103976,movie,N/A,"$14,683,921",N/A,N/A,
True,,XOXO,XOXO,2016,TV-MA,26 Aug 2016,92 min,"Drama, Music",Christopher Louie,"Christopher Louie, Dylan Meyer","Sarah Hyland, Graham Phillips, Brett DelBuono","Six strangers' lives collide in one frenetic, dream-chasing, hopelessly romantic night.",English,United States,N/A,https://m.media-amazon.com/images/M/MV5BNjkzNzI4MjQ5NV5BMl5BanBnXkFtZTgwNjc3MzM2OTE@._V1_SX300.jpg,"[{'Source': 'Internet Movie Database', 'Value': '5.3/10'}, {'Source': 'Rotten Tomatoes', 'Value': '71%'}]",N/A,5.3,"7,399",tt4855748,movie,N/A,N/A,N/A,N/A,
True,,Layla M.,Layla M.,2016,N/A,17 Nov 2016,98 min,Drama,Mijke de Jong,"Jan Eilander, Mijke de Jong","Nora El Koussour, Ilias Addab, Hassan Akkouch",A teenage Muslim growing up in Amsterdam becomes radicalised.,"Arabic, English, Dutch","Netherlands, Belgium, Germany, Jordan",6 wins & 8 nominations,https://m.media-amazon.com/images/M/MV5BYjk5MTdlOTktNWY4Yy00NzZmLTk2OWMtZmM0MWFiNjFkYjEyXkEyXkFqcGc@._V1_SX300.jpg,"[{'Source': 'Internet Movie Database', 'Value': '6.6/10'}, {'Source': 'Rotten Tomatoes', 'Value': '100%'}]",N/A,6.6,"2,033",tt5712152,movie,N/A,N/A,N/A,N/A,
True,,Open Season: Scared Silly,Open Season: Scared Silly,2015,PG,08 Mar 2016,84 min,"Animation, Adventure, Comedy","David Feiss, Frantisek Vasa","Carlos Kotkin, John B. Carls, Steve Moore","Will Townsend, Donny Lucas, Melissa Sturm","Elliot, Boog and all of the beloved woodland creatures are back in a brand-new comedy adventure.",English,"United States, Canada, Australia, Czech Republic, United Kingdom",5 nominations total,https://m.media-amazon.com/images/M/MV5BYjM1ZDlkZmUtMDJlOC00OWYzLWIyNjgtMWMyNzYwODhmOWNlXkEyXkFqcGc@._V1_SX300.jpg,"[{'Source': 'Internet Movie Database', 'Value': '5.0/10'}]",N/A,5.0,"4,357",tt4938374,movie,N/A,N/A,N/A,N/A,
True,,Jessica Darling's It List,Jessica Darling's It List,2016,Not Rated,21 Jun 2016,79 min,Family,Ali Scher,"Julie Sherman Wolfe, Megan McCafferty","Chloe East, Emma Rayne Lyle, Ashley Liao","Jessica Darling's older sister gives her the ""IT List,"" a checklist on how to navigate the middle school popularity hierarchy. The instructions appear simple enough to follow, but like life, nothing is as easy as it seems.",English,United States,N/A,https://m.media-amazon.com/images/M/MV5BYjI1Mzk0NzgtODAyYS00NmM0LWE5MWItNDk3YjQ3NDVhZGQ4XkEyXkFqcGc@._V1_SX300.jpg,"[{'Source': 'Internet Movie Database', 'Value': '5.4/10'}]",N/A,5.4,"1,187",tt5213744,movie,N/A,N/A,N/A,N/A,
True,,Garfunkel and Oates: Trying to be Special,Garfunkel and Oates: Trying to Be Special,2016,TV-MA,05 May 2016,62 min,"Comedy, Music","Jeremy Konner, Riki Lindhome","Riki Lindhome, Kate Micucci","Riki Lindhome, Kate Micucci, Anthony Jeselnik","Musical comedy duo, Garfunkel and Oats attempt to put on a comedy special.",English,United States,Nominated for 1 Primetime Emmy. 1 nomination total,https://m.media-amazon.com/images/M/MV5BNGQ4MTY3YTAtZTM1ZC00NTNkLTkxOWEtMjEyOWUxNzI1NjE3XkEyXkFqcGdeQXVyNTEzNDk3NDc@._V1_SX300.jpg,"[{'Source': 'Internet Movie Database', 'Value': '7.3/10'}]",N/A,7.3,"1,040",tt5602318,movie,N/A,N/A,N/A,N/A,
True,,Slam,Slam,1998,R,07 Oct 1998,100 min,Drama,Marc Levin,"Marc Levin, Richard Stratton, Sonja Sohn","Saul Williams, Sonja Sohn, Bonz Malone","Grand Jury Prize, 1998 Sundance Film Festival. A talented youth (Saul Williams) copes with urban crime and despair by competing in poetry slams. Sonja Sohn of ""The Wire"" costars.",English,United States,4 wins & 3 nominations,https://m.media-amazon.com/images/M/MV5BODY3NGEzM2YtY2VmNi00YTlmLTk5MDEtOTZkMDM4NWExMDYwXkEyXkFqcGc@._V1_SX300.jpg,"[{'Source': 'Internet Movie Database', 'Value': '7.0/10'}, {'Source': 'Rotten Tomatoes', 'Value': '57%'}, {'Source': 'Metacritic', 'Value': '73/100'}]",73,7.0,"2,490",tt0139615,movie,N/A,"$1,009,819",N/A,N/A,
True,,The Blind Christ,The Blind Christ,2016,N/A,13 Apr 2017,85 min,Drama,Christopher Murray,Christopher Murray,"Bastián Insotroza, Ana María Henríquez, Mauricio Pinto",Michael is an inhabitant of a remote village in the Chilean desert. But not any inhabitant. He is Christ.,Spanish,"Chile, France",1 win & 6 nominations total,https://m.media-amazon.com/images/M/MV5BNDE0ZjgyZGYtODc4Yy00NTYwLTg1OTctOTkzNmQ4MDZjMTA3XkEyXkFqcGc@._V1_SX300.jpg,"[{'Source': 'Internet Movie Database', 'Value': '5.8/10'}]",N/A,5.8,311,tt4778424,movie,N/A,N/A,N/A,N/A,
True,,Shaandaar,Shaandaar,2015,Not Rated,22 Oct 2015,144 min,"Comedy, Drama, Romance",Vikas Bahl,"Vikas Bahl, Chaitally Parmar, Anvita Dutt","Shahid Kapoor, Alia Bhatt, Pankaj Kapur","In the backdrop of a destination wedding in London, two families try to save their respective empires, unbeknownst to each other.",Hindi,India,2 wins & 5 nominations,https://m.media-amazon.com/images/M/MV5BODM1MTQ1MGEtNzZjMC00MGExLWI3MjYtZGM1M2RlN2FjYThmXkEyXkFqcGc@._V1_SX300.jpg,"[{'Source': 'Internet Movie Database', 'Value': '3.6/10'}, {'Source': 'Rotten Tomatoes', 'Value': '23%'}]",N/A,3.6,"6,557",tt4007558,movie,N/A,"$521,794",N/A,N/A,
False,Movie not found!,Kulipari: An Army of Frogs,,,,,,,,,,,,,,,,,,,,,,,,,
True,,Rainbow Time,Rainbow Time,2016,Not Rated,04 Nov 2016,91 min,"Comedy, Drama",Linas Phillips,Linas Phillips,"Linas Phillips, Melanie Lynskey, Timm Sharp","A developmentally delayed 40 year old man named Shonzi is sent to live with his brother Todd. But when Shonzi develops a crush on Todd's girlfriend Lindsay, he threatens to reveal past secrets that could ultimately tear the couple...",English,United States,N/A,https://m.media-amazon.com/images/M/MV5BMTU2Mjk1MDk2Ml5BMl5BanBnXkFtZTgwMzIwNzczMDI@._V1_SX300.jpg,"[{'Source': 'Internet Movie Database', 'Value': '5.9/10'}, {'Source': 'Rotten Tomatoes', 'Value': '67%'}, {'Source': 'Metacritic', 'Value': '55/100'}]",55,5.9,822,tt5167174,movie,N/A,N/A,N/A,N/A,
True,,Kazoops!,Kazoops!,2016–2017,TV-Y,N/A,7 min,"Animation, Comedy, Family",N/A,"Darren Price, Anthony Aston, Patrick Egerton","Teresa Gallagher, Reece Pockney, Scott Langley","Who says the world works the way grown ups think it should? Things can always be different if you just imagine. Monty is a spirited boy of six, with a vivid imagination and his best friend is Jimmy Jones, the family pet pig. In ea...",English,Australia,N/A,https://m.media-amazon.com/images/M/MV5BY2ZiMzIxN2ItYWZiYy00NWU4LWFkNmUtMDk3ZGQzNGIxZWU1XkEyXkFqcGc@._V1_SX300.jpg,"[{'Source': 'Internet Movie Database', 'Value': '7.2/10'}]",N/A,7.2,134,tt6312916,series,,,,,1
True,,Little Things,Little Things,2016–,TV-MA,25 Oct 2016,16 min,"Comedy, Romance",N/A,"Dhruv Sehgal, Abhinandan Sridhar","Dhruv Sehgal, Mithila Palkar, Gita Guha","A cohabiting couple in their 20s navigate the ups and downs of work, modern-day relationships and finding themselves in contemporary Mumbai.","Hindi, English",India,10 wins & 16 nominations total,https://m.media-amazon.com/images/M/MV5BZjE1YzUxNGYtMjVhZi00NWNjLTlmYzEtMzI3YTdhMGEwMjNkXkEyXkFqcGc@._V1_SX300.jpg,"[{'Source': 'Internet Movie Database', 'Value': '8.2/10'}]",N/A,8.2,"8,073",tt6522580,series,,,,,5
True,,The Flower of Aleppo,The Flower of Aleppo,2016,N/A,06 Nov 2016,94 min,"Action, Drama, War",Ridha Behi,Ridha Behi,"Hind Sabri, Hichem Rostom, Badis Behi",A mother refuses to surrender to the statues quo of the new reality of the Arab world and travels into the heart of darkness of ISIS to bring back her recruited son home.,Arabic,Tunisia,1 win,https://m.media-amazon.com/images/M/MV5BMjliZjRmNjEtMzIxNC00YzA0LWEwMGYtMjFiZjI3MWEzNDk0XkEyXkFqcGdeQXVyMTg3MDEwNA@@._V1_SX300.jpg,"[{'Source': 'Internet Movie Database', 'Value': '5.7/10'}]",N/A,5.7,236,tt5448246,movie,N/A,N/A,N/A,N/A,
True,,The Worthy,The Worthy,2016,N/A,23 Feb 2017,99 min,"Action, Sci-Fi, Thriller",Ali F. Mostafa,Vikram Weet,"Ali Suliman, Mahmoud Al Atrash, Samer al Masri","After the vast majority of the world's water supply is lethally contaminated, a small group of survivors who have taken refuge near a rare clean water source are thrust into a deadly game of cat and mouse and must defend their liv...","Arabic, English","United Arab Emirates, Romania",4 nominations,https://m.media-amazon.com/images/M/MV5BYTIzNjM4MGMtODk1YS00NmI0LTlkNjctNDRkYWQ1NDU2MWRlXkEyXkFqcGc@._V1_SX300.jpg,"[{'Source': 'Internet Movie Database', 'Value': '5.1/10'}]",N/A,5.1,"2,235",tt4943218,movie,N/A,N/A,N/A,N/A,
True,,The Princess Weiyoung,The Princess Weiyoung,2016,TV-14,11 Nov 2016,45 min,"Drama, History, Romance",N/A,Jian Qin,"Yan Tang, Ma Cheng, Jin Luo","After managing to escape from death, Northern Liang's princess takes on the identity of her saviour, Li Wei Young, in order to seek revenge against her enemies who destroyed her kingdom.","Mandarin, Chinese",China,14 wins & 3 nominations,https://m.media-amazon.com/images/M/MV5BMzIwMDA3ODQtNGMwMi00Y2RhLTg4NzgtZjdkMDgzZmU0NDBiXkEyXkFqcGc@._V1_SX300.jpg,"[{'Source': 'Internet Movie Database', 'Value': '7.8/10'}]",N/A,7.8,"1,138",tt6353308,series,,,,,1
True,,Terrace House: Aloha State,Terrace House: Aloha State,2016–2017,N/A,01 Nov 2016,40 min,"Drama, Reality-TV",N/A,N/A,"You, Reina Triendl, Yoshimi Tokui",Terrace House: Aloha State focuses on six young people living in beautiful Hawaii. The camera crew follows the cast 24 hours-a-day to capture events in their lives as each pursues their dream.,"Japanese, English","Japan, United States",N/A,https://m.media-amazon.com/images/M/MV5BZGMyNDEyYjItZDRiYy00ZmI1LWFlY2QtYTU0ZjdjNWI2NDczXkEyXkFqcGc@._V1_SX300.jpg,"[{'Source': 'Internet Movie Database', 'Value': '7.4/10'}]",N/A,7.4,"1,143",tt6588218,series,,,,,1
True,,You Are My Sunday,You Are My Sunday,2016,N/A,06 Oct 2017,119 min,"Comedy, Drama",Milind Dhaimade,Milind Dhaimade,"Barun Sobti, Shahana Goswami, Avinash Tiwary","When their Sunday soccer game on the beach is canceled, five friends set out to find another place to play in the noisy, crowded city of Mumbai.",Hindi,India,1 win,https://m.media-amazon.com/images/M/MV5BMjBkMzQ2Y2MtODI1OC00M2Q0LTk3MDAtZDM3MDhlMDRiZDhmXkEyXkFqcGc@._V1_SX300.jpg,"[{'Source': 'Internet Movie Database', 'Value': '7.7/10'}, {'Source': 'Rotten Tomatoes', 'Value': '100%'}]",N/A,7.7,"1,924",tt4990516,movie,N/A,N/A,N/A,N/A,
True,,Black,Black,2005,Not Rated,04 Feb 2005,122 min,Drama,Sanjay Leela Bhansali,"Sanjay Leela Bhansali, Bhavani Iyer, Prakash Kapadia","Amitabh Bachchan, Rani Mukerji, Shernaz Patel","Michelle, a disabled girl who can't see, hear, or speak, suffering in a world that has given up on her. But when the teacher Debraj enters her life, he becomes a ray of hope that she might pursue her passions and have a normal life.","Hindi, English",India,57 wins & 9 nominations total,https://m.media-amazon.com/images/M/MV5BNTgzMTNmMDQtNWU0MS00MTFjLTk0ZWYtNGJmMWFlYTllMTU3XkEyXkFqcGc@._V1_SX300.jpg,"[{'Source': 'Internet Movie Database', 'Value': '8.1/10'}, {'Source': 'Rotten Tomatoes', 'Value': '71%'}]",N/A,8.1,"37,068",tt0375611,movie,N/A,"$754,819",N/A,N/A,
False,Movie not found!,The Lion Woman,,,,,,,,,,,,,,,,,,,,,,,,,
False,Movie not found!,Trailer Park Boys: Out of the Park: Europe,,,,,,,,,,,,,,,,,,,,,,,,,
True,,7:19,7:19,2016,TV-14,23 Sep 2016,94 min,"Drama, History",Jorge Michel Grau,"Alberto Chimal, Jorge Michel Grau","Carmen Beato, Demián Bichir, Héctor Bonilla",Based on true events about the earthquake of Mexico in 1985 who claimed the lives of more than 40.000 people.,Spanish,Mexico,1 win & 8 nominations,https://m.media-amazon.com/images/M/MV5BZWQ3ZDVjYmEtYTk2MC00ZDllLWJkZjYtMjJmM2VlYzczMDFmXkEyXkFqcGc@._V1_SX300.jpg,"[{'Source': 'Internet Movie Database', 'Value': '5.8/10'}, {'Source': 'Rotten Tomatoes', 'Value': '100%'}]",N/A,5.8,697,tt5979312,movie,N/A,N/A,N/A,N/A,
True,,Chasing Cameron,Chasing Cameron,2016,TV-PG,27 Dec 2016,31 min,Reality-TV,N/A,N/A,"Lee Westwick, Trey Schafer, Cameron Dallas","The series centers around Cameron Dallas, a ""social media influencer"",best known for his Vine videos. The half-hour episodes show Cameron, and Magcon members' road to stardom. Co-stars tour members and Dallas' immediate family mem...",English,United States,N/A,https://m.media-amazon.com/images/M/MV5BOTc2ODg3MTQtMzJmYS00NzNmLWFjNzItYTAxNDY3NjhlN2MzXkEyXkFqcGc@._V1_SX300.jpg,"[{'Source': 'Internet Movie Database', 'Value': '3.7/10'}]",N/A,3.7,"1,524",tt6370626,series,,,,,1
True,,Cosmos Laundromat,Cosmos Laundromat,2015,N/A,10 Aug 2015,12 min,"Animation, Short, Fantasy",Mathieu Auvray,Esther Wouda,"Pierre Bokma, Reinout Scholten van Aschat","On a desolate island, suicidal sheep Franck meets his fate in a quirky salesman, who offers him the gift of a lifetime. Little does he know that he can only handle this much 'lifetime'.",English,Netherlands,1 nomination total,https://m.media-amazon.com/images/M/MV5BODUwMjE4OTQ2Nl5BMl5BanBnXkFtZTgwMDE3NjQ2NjE@._V1_SX300.jpg,"[{'Source': 'Internet Movie Database', 'Value': '6.8/10'}]",N/A,6.8,"1,145",tt4957236,movie,N/A,N/A,N/A,N/A,
True,,Schubert in Love,Schubert in Love: Vater werden ist (nicht) schwer,2016,N/A,08 Dec 2016,94 min,Comedy,Lars Büchel,"Olaf Schubert, Stephan Ludwig, Lars Büchel","Olaf Schubert, Mario Adorf, Marie Leuenberger",Olaf is the last descendent of Schubert dinasty. He hás great ideas and no time to find a girlfriend. Until the day his father says that Olaf must have kids.,German,Germany,N/A,https://m.media-amazon.com/images/M/MV5BYzI0ZTMzMjMtMTI3Yi00NjM5LWE3OWEtYzY5NTQ3ZTVmMDY4XkEyXkFqcGc@._V1_SX300.jpg,"[{'Source': 'Internet Movie Database', 'Value': '5.0/10'}]",N/A,5.0,429,tt5186874,movie,N/A,N/A,N/A,N/A,
True,,Frank and Cindy,Frank and Cindy,2015,R,01 Apr 2016,102 min,Comedy,G.J. Echternkamp,"G.J. Echternkamp, Alex Holdridge","Rene Russo, Oliver Platt, Johnny Simmons","A student filmmaker decides to film the rocky relationship he has with his bitter mother and unsuccessful stepfather, while also focusing on the dynamics of their own relationship.",English,United States,N/A,https://m.media-amazon.com/images/M/MV5BMTYyODM5MDA3NF5BMl5BanBnXkFtZTgwODIyNTM1ODE@._V1_SX300.jpg,"[{'Source': 'Internet Movie Database', 'Value': '6.1/10'}]",N/A,6.1,981,tt1239242,movie,N/A,N/A,N/A,N/A,
True,,Dharam Sankat Mein,Dharam Sankat Mein,2015,Not Rated,10 Apr 2015,129 min,Comedy,Fuwad Khan,"Sanjay Sharma, Alpesh Dixit, Vijay Desai","Naseeruddin Shah, Paresh Rawal, Annu Kapoor","At the age of 55, a Hindu man discovers that he was born Muslim and adopted by a Hindu family.",Hindi,India,1 nomination,https://m.media-amazon.com/images/M/MV5BOTk0ZWNkMjctYTg3My00YmIxLWI4OTktOTZjMjI2ODYxYzlkXkEyXkFqcGc@._V1_SX300.jpg,"[{'Source': 'Internet Movie Database', 'Value': '6.3/10'}, {'Source': 'Rotten Tomatoes', 'Value': '22%'}]",N/A,6.3,"2,460",tt4354740,movie,N/A,N/A,N/A,N/A,
True,,Old Money,Old Money,2010,N/A,N/A,15 min,"Short, Drama",Jay Drose,Jay Drose,"Eric Constanti, Grant Garner, Justin Little","The story of a longtime young couple, April and Evan, moving into their first home together. Having committed an act of infidelity, April asks her boyfriend Evan to move out with her for the first time to make up for her mistake. ...",English,United States,N/A,N/A,"[{'Source': 'Internet Movie Database', 'Value': '7.4/10'}]",N/A,7.4,7,tt1823179,movie,N/A,N/A,N/A,N/A,
True,,Coach Snoop,Coach Snoop,2016–,TV-MA,19 May 2016,30 min,"Documentary, Sport",N/A,N/A,Snoop Dogg,An American television series that follows legendary Hip-Hop artist Snoop Dogg as he coaches a youth football league to keep at-risk kids off the streets and focused on their goals.,English,United States,1 nomination,https://m.media-amazon.com/images/M/MV5BZjZiYTljNTctNDZmYy00NzBjLWI1OTQtMDY0N2FjMzg0YzM3XkEyXkFqcGc@._V1_SX300.jpg,"[{'Source': 'Internet Movie Database', 'Value': '6.9/10'}]",N/A,6.9,664,tt5697642,series,,,,,2
True,,Stories by Rabindranath Tagore,Stories by Rabindranath Tagore,2015,N/A,06 Jul 2015,45 min,Drama,N/A,N/A,"Bhanu Uday, Atul Srivastava, Radhika Apte",The writings of Nobel Prize winner Rabindranath Tagore come to life in this collection of tales set in early-20th-century Bengal.,"Hindi, Bengali",India,N/A,https://m.media-amazon.com/images/M/MV5BNjhiYjNkNTMtZWEzNi00MzUzLWExMmItNDgyN2MxZGNhM2E0XkEyXkFqcGc@._V1_SX300.jpg,"[{'Source': 'Internet Movie Database', 'Value': '8.6/10'}]",N/A,8.6,"1,511",tt4853764,series,,,,,1
True,,Puerto Ricans in Paris,Puerto Ricans in Paris,2015,R,10 Jun 2016,82 min,"Comedy, Crime",Ian Edelman,"Ian Edelman, Neel Shah","Miriam Shor, Luis Guzmán, Edgar Garcia",Two Puerto Rican NYPD detectives head to Paris to track down a stolen handbag.,English,United States,1 nomination,https://m.media-amazon.com/images/M/MV5BMTk3ODA5NzA0N15BMl5BanBnXkFtZTgwMTc4OTY3ODE@._V1_SX300.jpg,"[{'Source': 'Internet Movie Database', 'Value': '5.4/10'}, {'Source': 'Rotten Tomatoes', 'Value': '30%'}, {'Source': 'Metacritic', 'Value': '47/100'}]",47,5.4,"1,967",tt3730510,movie,N/A,"$102,890",N/A,N/A,
True,,Love O2O,Love O2O,2016–,N/A,22 Aug 2016,45 min,"Drama, Romance",N/A,Man Gu,"Yang Yang, Shuang Zheng, Denny Huang",A story of two popular college students who fell in love through an online game.,Chinese,China,3 wins & 2 nominations total,https://m.media-amazon.com/images/M/MV5BNTkwMTEwNTAtODViYS00OTFkLTlhMzUtYWQzMGNhZTRiZDY1XkEyXkFqcGc@._V1_SX300.jpg,"[{'Source': 'Internet Movie Database', 'Value': '7.7/10'}]",N/A,7.7,"3,678",tt6055498,series,,,,,1
True,,Fifty,Fifty,2015,Not Rated,18 Dec 2015,101 min,"Drama, Romance",Biyi Bandele,"Kemi Adesoye, Bola Agbaje, Biyi Bandele","Iretiola Doyle, Nse Ikpe-Etim, Omoni Oboli",A seed with different character.,English,Nigeria,1 win & 4 nominations,https://m.media-amazon.com/images/M/MV5BNDdmMDA2MTAtNmI2OS00YWY5LThlMjAtNjUzNTVmYWRmNzBkXkEyXkFqcGdeQXVyNjUyMTg2ODg@._V1_SX300.jpg,"[{'Source': 'Internet Movie Database', 'Value': '6.0/10'}]",N/A,6.0,283,tt5065500,movie,N/A,N/A,N/A,N/A,
False,Movie not found!,Три кота,,,,,,,,,,,,,,,,,,,,,,,,,
True,,"Liar, Liar, Vampire","Liar, Liar, Vampire",2015,TV-G,12 Oct 2015,69 min,"Comedy, Family",Vince Marcello,Adrian Vina,"Rahart Adams, Brec Bassinger, Tiera Skovbye","When Caitlyn, the most popular girl in school, mistakes new kid Davis for a vampire, he gains instant celebrity status. Davis enlists the help of his next-door neighbor, Vi, to dial up his vampire act. Together, will they fool the...",English,"United States, Canada",N/A,https://m.media-amazon.com/images/M/MV5BNDU5OTA1ODE1OF5BMl5BanBnXkFtZTgwMzg5NjMwNzE@._V1_SX300.jpg,"[{'Source': 'Internet Movie Database', 'Value': '5.7/10'}]",N/A,5.7,"1,195",tt4448304,movie,N/A,N/A,N/A,N/A,
True,,The Governor,The Governor,2009,N/A,09 Jan 2009,93 min,"Action, Crime, Drama",Çagatay Tosun,"Çagatay Tosun, Batur Emin Akyel","Erdal Besikçioglu, Sebnem Dönmez, Ugur Polat","Faruk Yazici is the idealist governor of the Aegean city of Denizli and joins forces with his childhood friend Omer Ucar, who heads the team of engineers, in a fight against the beautiful and scheming bureaucrat Ceyda Aydin, who a...",Turkish,Turkey,N/A,https://m.media-amazon.com/images/M/MV5BNzA5OTQ4Mjc1OF5BMl5BanBnXkFtZTcwNjk0NzYyMg@@._V1_SX300.jpg,"[{'Source': 'Internet Movie Database', 'Value': '7.3/10'}]",N/A,7.3,"4,986",tt1344355,movie,N/A,N/A,N/A,N/A,
True,,Patton Oswalt: Talking for Clapping,Patton Oswalt: Talking for Clapping,2016,TV-MA,22 Apr 2016,65 min,"Documentary, Comedy",N/A,Patton Oswalt,"Patton Oswalt, Boots Riley","Patton Oswalt takes the stage in San Francisco, where he talks about San Franciscans, the difficulties of being PC, fatherhood, his worst stand up experience, and the worlds most horrific Birthday Clown.",English,United States,Won 1 Primetime Emmy. 1 win & 1 nomination total,https://m.media-amazon.com/images/M/MV5BNTg1N2I2ODItZjYwMi00NjVjLTg5OTMtMGEzOTE5MTlmMGY3XkEyXkFqcGc@._V1_SX300.jpg,"[{'Source': 'Internet Movie Database', 'Value': '6.8/10'}, {'Source': 'Rotten Tomatoes', 'Value': '86%'}]",N/A,6.8,"2,114",tt5457520,movie,N/A,N/A,N/A,N/A,
True,,Selfie 69,Selfie 69,2016,N/A,01 Jun 2019,116 min,"Action, Comedy, Romance",Cristina Jacob,"Cristina Jacob, Tudor Potra, Maria Spirache","Crina Semciuc, Olimpia Melinte, Vlad Logigan","Your best friends are also the friends who'll make you do the stupidest things. After parting hardcore, Roxi, Yasmine and Ana meet in a bet that will change their lives: Who gets married first in three days?","Romanian, English",Romania,1 win & 1 nomination total,https://m.media-amazon.com/images/M/MV5BZWE2NDRjYWEtNWE4Zi00M2JkLTk1NTYtMzNhOTRiNjNjOTMyXkEyXkFqcGc@._V1_SX300.jpg,"[{'Source': 'Internet Movie Database', 'Value': '6.0/10'}]",N/A,6.0,"2,010",tt4796634,movie,N/A,N/A,N/A,N/A,
True,,LEGO Friends: The Power of Friendship,Lego Friends: The Power of Friendship,2016,TV-G,04 Mar 2016,23 min,Animation,N/A,N/A,"Erica Mendez, Marin M. Miller, Rachelle Heger","Five best friends face adventures side by side in their hometown. Zany antics, love and missteps are better with friends.","Danish, English, Mandarin, German, Spanish, French",Denmark,N/A,https://m.media-amazon.com/images/M/MV5BMmRkMmZlZmYtNTczMy00NDQyLTk0YzAtMWEzN2E4Y2YyNjQxXkEyXkFqcGc@._V1_SX300.jpg,"[{'Source': 'Internet Movie Database', 'Value': '6.8/10'}]",N/A,6.8,83,tt6464612,series,,,,,1
True,,Ricardo O'Farrill: Abrazo Genial,Ricardo O'Farrill: Abrazo genial,2016,TV-MA,23 Jan 2016,92 min,Comedy,"Jan Suter, Raúl Campos",Ricardo O'Farrill,Ricardo O'Farrill,"Ricardo OFarrill brings his sharp, observational humor to the stage with a relentless sarcasm and specific Mexican sensibility. Prepare for mockery",Spanish,Mexico,N/A,https://m.media-amazon.com/images/M/MV5BZjExYzk0YWEtMDE0Ni00MjkyLTkzMWQtODE2YzljMDEzOTI1XkEyXkFqcGdeQXVyNjU0NjM4NTI@._V1_SX300.jpg,"[{'Source': 'Internet Movie Database', 'Value': '5.5/10'}]",N/A,5.5,120,tt5547496,movie,N/A,N/A,N/A,N/A,
True,,My Mother's Wound,My Mother's Wound,2016,N/A,11 Mar 2016,120 min,"Drama, Mystery",Ozan Açiktan,"Ozan Açiktan, Ozan Güven, Fethi Kantarci","Ozan Güven, Meryem Uzerli, Belçim Bilgin","Upon turning 18, Salih leaves his orphanage to embark on a journey that will uncover bitter truths of a war-ridden past.",Turkish,"Turkey, Bosnia and Herzegovina, Serbia and Montenegro",2 wins & 2 nominations,https://m.media-amazon.com/images/M/MV5BOTNhMDQzZmItYjRkMC00NTkyLWI5Y2ItMjk0MDY0NDczNmYwXkEyXkFqcGc@._V1_SX300.jpg,"[{'Source': 'Internet Movie Database', 'Value': '7.3/10'}]",N/A,7.3,"4,269",tt4994736,movie,N/A,N/A,N/A,N/A,
True,,Iliza Shlesinger: Confirmed Kills,Iliza Shlesinger: Confirmed Kills,2016,TV-MA,23 Sep 2016,77 min,Comedy,Bobcat Goldthwait,Iliza Shlesinger,Iliza Shlesinger,"Iliza Shlesinger performs in this standup talking about dating, feminism and some of the intricacies associated with being a woman in the 21st century.",English,United States,N/A,https://m.media-amazon.com/images/M/MV5BMjU4MmI3MjItN2YwOS00MTc3LWIxZGItY2Y3NDU0YzZlZjRmXkEyXkFqcGc@._V1_SX300.jpg,"[{'Source': 'Internet Movie Database', 'Value': '6.6/10'}]",N/A,6.6,"3,163",tt6081882,movie,N/A,N/A,N/A,N/A,
True,,Umrika,Umrika,2015,N/A,04 Oct 2017,98 min,"Comedy, Drama",Prashant Nair,Prashant Nair,"Aashish Bhatt, Uplaksh Kochhar, Megh Pant","An ambitious man leaves his small Indian village for America. But when his letters to home stop coming, his brother sets out on his own adventure.",Hindi,India,4 wins & 2 nominations,https://m.media-amazon.com/images/M/MV5BNTFkMThmMmQtNjY4MS00ZGU5LWExMGMtMzhhOTk1MDY2NjRmXkEyXkFqcGc@._V1_SX300.jpg,"[{'Source': 'Internet Movie Database', 'Value': '6.6/10'}, {'Source': 'Rotten Tomatoes', 'Value': '77%'}]",N/A,6.6,"1,597",tt2614722,movie,N/A,N/A,N/A,N/A,
True,,Journey to Greenland,Journey to Greenland,2016,N/A,30 Nov 2016,98 min,"Comedy, Drama",Sébastien Betbeder,Sébastien Betbeder,"Thomas Blanchard, Thomas Scimeca, François Chattot","Thomas and Thomas are going through a rough patch: they are both thirty-something actors living in Paris. They randomly decide to leave the city and fly away to Kullorsuaq, one of the most remote villages of Greenland, where Thoma...","French, Greenlandic, English",France,1 nomination,https://m.media-amazon.com/images/M/MV5BZWZiYTQxOWYtNGI3OC00ZjZmLWI3ZjUtM2UwOWI2Yzg1NDFlXkEyXkFqcGc@._V1_SX300.jpg,"[{'Source': 'Internet Movie Database', 'Value': '6.3/10'}]",N/A,6.3,"1,440",tt4641248,movie,N/A,N/A,N/A,N/A,
True,,One More Time,One More Time,2015,Not Rated,08 Apr 2016,98 min,"Comedy, Drama, Music",Robert Edwards,Robert Edwards,"Christopher Walken, Amber Heard, Kelli Garner",A New York City crooner plots his comeback.,English,United States,1 win,https://m.media-amazon.com/images/M/MV5BMjAxMTk0MTUxNV5BMl5BanBnXkFtZTgwNTY0MjAzODE@._V1_SX300.jpg,"[{'Source': 'Internet Movie Database', 'Value': '5.0/10'}, {'Source': 'Rotten Tomatoes', 'Value': '50%'}, {'Source': 'Metacritic', 'Value': '57/100'}]",57,5.0,"3,616",tt3662066,movie,N/A,N/A,N/A,N/A,
True,,Michael Che Matters,Michael Che Matters,2016,TV-MA,25 Nov 2016,61 min,Comedy,Oz Rodriguez,Michael Che,"Michael Che, Cipha Sounds, Jeremy Gaddie","Jesus, Guns, Black Lives Matter. White girls dancing, Honest, uncompromising comedy where no topic is out of bounds",English,United States,N/A,https://m.media-amazon.com/images/M/MV5BYzcxMzE4OGItNmY4YS00YTk4LWFkNjEtMThiOWQxMWZhYTYxXkEyXkFqcGc@._V1_SX300.jpg,"[{'Source': 'Internet Movie Database', 'Value': '7.2/10'}, {'Source': 'Rotten Tomatoes', 'Value': '100%'}]",N/A,7.2,"2,870",tt6209400,movie,N/A,N/A,N/A,N/A,
True,,'76,Space Station 76,2014,R,03 Oct 2014,93 min,"Comedy, Drama, Sci-Fi",Jack Plotnick,"Jennifer Elise Cox, Sam Pancake, Jack Plotnick","Patrick Wilson, Liv Tyler, Marisa Coughlan","A 1970s version of the future, where personalities and asteroids collide.",English,United States,2 nominations total,https://m.media-amazon.com/images/M/MV5BMTcxNzkzNzg1N15BMl5BanBnXkFtZTgwMjIwMDgyMjE@._V1_SX300.jpg,"[{'Source': 'Internet Movie Database', 'Value': '4.9/10'}, {'Source': 'Rotten Tomatoes', 'Value': '67%'}, {'Source': 'Metacritic', 'Value': '49/100'}]",49,4.9,"8,799",tt2369317,movie,N/A,N/A,N/A,N/A,
True,,Halal Love,Halal Love,2015,N/A,07 Jul 2016,94 min,"Comedy, Drama, Romance",Assad Fouladkar,Assad Fouladkar,"Darine Hamze, Rodrigue Sleiman, Zeinab Hind Khadra",Four tragicomic interconnected stories about how devoted Muslim men and women are trying to manage their love life and desires without breaking any religious rules.,Arabic,"Germany, Lebanon",2 wins & 11 nominations,https://m.media-amazon.com/images/M/MV5BYzRkMTlmNDEtNTZjNS00NjFhLWJlNTItMjViMGJlYTQ3NzE1XkEyXkFqcGc@._V1_SX300.jpg,"[{'Source': 'Internet Movie Database', 'Value': '6.3/10'}]",N/A,6.3,567,tt5105218,movie,N/A,N/A,N/A,N/A,
True,,100 Meters,100 Meters,2016,N/A,10 Mar 2017,108 min,"Biography, Comedy, Drama",Marcel Barrena,Marcel Barrena,"Dani Rovira, Karra Elejalde, Alexandra Jiménez","Based on true events, a Spanish man with multiple sclerosis who tried to finish an Iron-Man competition despite he was told that he could not make 100 meters.",Spanish,"Spain, Portugal",6 wins & 19 nominations total,https://m.media-amazon.com/images/M/MV5BYWNjNDhmNGUtM2E5Ni00YTE0LTlkNTQtZWI2MWJhMTU3Y2NkXkEyXkFqcGc@._V1_SX300.jpg,"[{'Source': 'Internet Movie Database', 'Value': '7.5/10'}]",N/A,7.5,"7,138",tt5089786,movie,N/A,N/A,N/A,N/A,
True,,Brent Morin: I'm Brent Morin,Brent Morin: I'm Brent Morin,2015,N/A,01 Dec 2015,67 min,Comedy,Lance Bangs,Brent Morin,Brent Morin,"In a witty solo show, Brent Morin serves up infectious laughs on the agony of puberty, hot guy problems and the time his girlfriend dumped him for a magician.",English,United States,N/A,https://m.media-amazon.com/images/M/MV5BOGUxZDg4MTItMDI2OC00YmM0LTk3Y2YtMjNjOWMxOWJhNzA1XkEyXkFqcGc@._V1_SX300.jpg,"[{'Source': 'Internet Movie Database', 'Value': '6.5/10'}]",N/A,6.5,755,tt5280664,movie,N/A,N/A,N/A,N/A,
True,,Joe Rogan: Triggered,Joe Rogan: Triggered,2016,N/A,21 Oct 2016,63 min,Comedy,Anthony Giordano,Joe Rogan,Joe Rogan,"Unleashing his inquisitive, intense comedic style, Rogan explores everything from raising kids and Santa Claus to pot gummies and talking to dolphins.",English,United States,N/A,https://m.media-amazon.com/images/M/MV5BZGEzYjcwNTUtYzk4Ny00MGNhLThhOGMtMGJmMzEwOWFiNmNjXkEyXkFqcGc@._V1_SX300.jpg,"[{'Source': 'Internet Movie Database', 'Value': '7.3/10'}]",N/A,7.3,"5,005",tt6023444,movie,N/A,N/A,N/A,N/A,
True,,Kyaa Kool Hain Hum 3,Kyaa Kool Hain Hum 3,2016,N/A,22 Jan 2016,124 min,Comedy,Umesh Ghadge,"Mushtaq Shiekh, Milap Zaveri","Tusshar Kapoor, Aftab Shivdasani, Krushna Abhishek","A porn actor uses his fellow adult movie stars in creating a fake traditional family, in order to impress his girlfriend's conservative father.",Hindi,India,N/A,https://m.media-amazon.com/images/M/MV5BMDBkNWE4YmEtMGJlOS00MDJjLWE3ZmUtMjAzOGI4OGQ1NjY2XkEyXkFqcGc@._V1_SX300.jpg,"[{'Source': 'Internet Movie Database', 'Value': '2.0/10'}, {'Source': 'Rotten Tomatoes', 'Value': '0%'}]",N/A,2.0,"4,558",tt5290620,movie,N/A,N/A,N/A,N/A,
False,Movie not found!,Olmo and the Seagull,,,,,,,,,,,,,,,,,,,,,,,,,
True,,The Beginning of Life,The Beginning of Life,2016,G,05 May 2016,120 min,"Documentary, Family",Estela Renner,Estela Renner,"Paula Izzo, Laura Schichvarger",One of the greatest advances in neuroscience is the discovery that babies are much more than a genetic load. The development of all human beings lies in the combination of genetics with the quality of the relationships we develop ...,English,Brazil,1 nomination total,https://m.media-amazon.com/images/M/MV5BYWM1MmY0OTgtZTE1Yi00NzFiLTk5ODYtZjgxZGU0N2VjZmE0XkEyXkFqcGc@._V1_SX300.jpg,"[{'Source': 'Internet Movie Database', 'Value': '7.5/10'}]",N/A,7.5,"1,023",tt5140248,movie,N/A,N/A,N/A,N/A,
True,,Offline: Are You Ready for the Next Level?,Offline: Are You Ready for the Next Level?,2016,N/A,23 Feb 2017,91 min,"Adventure, Comedy",Florian Schnell,"Jan Cronauer, Florian Schnell","Moritz Jahn, Mala Emde, Ugur Ekeroglu","In turbulent action comedy OFFLINE, champion gamer Jan (Moritz Jahn) has to fight for his digital identity, winning back his real life as well.",German,Germany,5 wins & 4 nominations,https://m.media-amazon.com/images/M/MV5BMzQ5OWE0OGUtNTg2Ny00ZWM4LWE4NTItYzdiYTZjZmEzZTFhXkEyXkFqcGc@._V1_SX300.jpg,"[{'Source': 'Internet Movie Database', 'Value': '5.0/10'}]",N/A,5.0,897,tt5351044,movie,N/A,N/A,N/A,N/A,
True,,Bill Hicks: Reflections,Bill Hicks: Reflections,2015,N/A,30 Mar 2015,34 min,"Documentary, Short",Rodrigo Pelmonto,N/A,"Steve Hicks, Bill Hicks","Stand up comedy legend 'Bill Hicks' is recalled by his brother, Steve, in this documentary. Steve tells the story of the family's religious family roots, in a film that examines Hicks' provocative public life, as well as the priva...",English,United States,N/A,https://m.media-amazon.com/images/M/MV5BNGRkODVkYmItODMyNi00YjM0LTgxNjUtYWM3MjJkZDA2NWNjXkEyXkFqcGc@._V1_SX300.jpg,"[{'Source': 'Internet Movie Database', 'Value': '6.8/10'}]",N/A,6.8,179,tt4558532,movie,N/A,N/A,N/A,N/A,
True,,Phantom,Phantom,2013,R,01 Mar 2013,98 min,"Drama, History, Thriller",Todd Robinson,Todd Robinson,"Ed Harris, Julian Adams, David Duchovny","The haunted Captain of a Soviet submarine holds the fate of the world in his hands. Forced to leave his family behind, he is charged with leading a covert mission cloaked in mystery.",English,United States,N/A,https://m.media-amazon.com/images/M/MV5BNzcxNzg0MTU1M15BMl5BanBnXkFtZTcwODQ0NDcxOQ@@._V1_SX300.jpg,"[{'Source': 'Internet Movie Database', 'Value': '5.9/10'}, {'Source': 'Rotten Tomatoes', 'Value': '26%'}, {'Source': 'Metacritic', 'Value': '40/100'}]",40,5.9,"15,360",tt1922685,movie,N/A,"$1,034,589",N/A,N/A,
False,Movie not found!,Unchained fate,,,,,,,,,,,,,,,,,,,,,,,,,
True,,MindGamers,MindGamers,2015,R,28 Mar 2017,97 min,"Action, Sci-Fi, Thriller",Andrew Goth,Joanne Reay,"Sam Neill, Oliver Stark, Tom Payne","Students at a quantum academy attempt to create a collective consciousness, only to discover that they themselves are part of a greater experiment.",English,Austria,2 nominations total,https://m.media-amazon.com/images/M/MV5BNDMzNjg5YTItNTAyNS00NmFhLWIzMTctMGI4MTczYThlNDQyXkEyXkFqcGc@._V1_SX300.jpg,"[{'Source': 'Internet Movie Database', 'Value': '3.6/10'}]",N/A,3.6,"1,273",tt3625516,movie,N/A,N/A,N/A,N/A,
True,,David Cross: Making America Great Again,David Cross: Making America Great Again,2016,N/A,05 Aug 2016,74 min,Comedy,Alex Coletti,David Cross,David Cross,"Actor/comedian David Cross skewers Donald Trump, takes shots at religious taboos and American swagger in a hilarious yet provocative night of comedy at the Paramount Theatre in Austin, TX.",English,United States,N/A,https://m.media-amazon.com/images/M/MV5BMjZhYmYwMzUtMjMyNy00YmZiLWFiZjctZGQ3NTY5ZTUxMjMzXkEyXkFqcGc@._V1_SX300.jpg,"[{'Source': 'Internet Movie Database', 'Value': '6.6/10'}, {'Source': 'Rotten Tomatoes', 'Value': '71%'}]",N/A,6.6,"1,750",tt5943936,movie,N/A,N/A,N/A,N/A,
True,,Jeff Dunham: Unhinged in Hollywood,Jeff Dunham: Unhinged in Hollywood,2015,Unrated,17 Sep 2015,71 min,Comedy,"Michael Simon, Matthew McNeil",Jeff Dunham,"Jeff Dunham, Chuck Liddell, Brad Paisley",Jeff Dunham stars in this special from the world famous Dolby Theatre in Hollywood. The telecast features never before seen stand-up and behind-the-scenes sketches featuring Dunham and his eccentric beloved characters.,English,United States,N/A,https://m.media-amazon.com/images/M/MV5BNDk0MDM0MjM5Ml5BMl5BanBnXkFtZTgwMTU2ODY1ODE@._V1_SX300.jpg,"[{'Source': 'Internet Movie Database', 'Value': '6.8/10'}]",N/A,6.8,853,tt5038776,movie,N/A,N/A,Universal Pictures,N/A,
True,,Barcelona: A Love Untold,Barcelona: A Love Untold,2016,TV-PG,14 Sep 2016,132 min,"Drama, Romance",Olivia M. Lamasan,"Carmi Raymundo, Olivia M. Lamasan","Kathryn Bernardo, Daniel Padilla, Aiko Melendez","A young man Elly, still trying to get over his past relationship, meets a young woman Mia in Barcelona trying to run away from her past.","Tagalog, Filipino, Spanish",Philippines,6 wins & 17 nominations,https://m.media-amazon.com/images/M/MV5BNmQyMmJjOTMtNjc0NC00OGJmLTk3ZmMtMTBhN2Q3MDJhNTA5XkEyXkFqcGc@._V1_SX300.jpg,"[{'Source': 'Internet Movie Database', 'Value': '6.6/10'}]",N/A,6.6,880,tt5755912,movie,N/A,N/A,N/A,N/A,
True,,Dinosaur World,Dinosaur World,2020,N/A,11 Oct 2020,78 min,"Action, Adventure, Sci-Fi",Ryan Bellgardt,"Chris Hoyt, Chenglei Wu, Haishun Xing","Xing Yu, Yi Zuo, Steven He","The best players from around the world are gathered to be Russell's lab rats on his new game, anything could happen. Everyone has their eyes on the prize, which will give them a second chance at life. Greed will take over friendsh...",Mandarin,"China, United States",N/A,https://m.media-amazon.com/images/M/MV5BNDQwNjdmYmUtMmI2OC00ZmM2LWE1NTQtY2U2ZDcwZmM3YWIzXkEyXkFqcGc@._V1_SX300.jpg,"[{'Source': 'Internet Movie Database', 'Value': '3.3/10'}]",N/A,3.3,287,tt13670808,movie,N/A,N/A,N/A,N/A,
True,,Luna Petunia,Luna Petunia,2016–2017,TV-Y,09 Dec 2016,22 min,"Animation, Family, Fantasy",N/A,Bradley Zweig,"Jonah Wineberg, Neil Crone, Edward Glen","Luna Petunia is a new animated Netflix original series for preschool kids developed by Saban Brands and Cirque du Soleil Média. Inspired by the Cirque du Soleil brand of creativity and entertainment, the series chronicles the adve...",English,United States,1 win & 1 nomination,https://m.media-amazon.com/images/M/MV5BMTY1MTQ3YTAtNzJhMi00ZWI2LWJiMDItMTE1MjBjZjY2ZWM5XkEyXkFqcGc@._V1_SX300.jpg,"[{'Source': 'Internet Movie Database', 'Value': '6.4/10'}]",N/A,6.4,65,tt4588068,series,,,,,3
False,Movie not found!,Sofía Niño de Rivera: Exposed,,,,,,,,,,,,,,,,,,,,,,,,,
True,,The Doll,The Doll,1919,Not Rated,06 Apr 1920,66 min,"Comedy, Fantasy, Sci-Fi",Ernst Lubitsch,"E.T.A. Hoffmann, Hanns Kräly, Ernst Lubitsch","Ossi Oswalda, Hermann Thimig, Victor Janson","Forced into marriage by his uncle, a man decides to fool him by marrying a life-like mechanical doll instead.","English, German",Germany,N/A,https://m.media-amazon.com/images/M/MV5BODYwMTIyYTktODA2NS00YTU0LWIyMjMtNTcyZDllYjM1OWRjXkEyXkFqcGc@._V1_SX300.jpg,"[{'Source': 'Internet Movie Database', 'Value': '7.4/10'}]",N/A,7.4,"2,558",tt0010600,movie,N/A,N/A,N/A,N/A,
True,,U Turn,U Turn,1997,R,03 Oct 1997,125 min,"Crime, Drama, Thriller",Oliver Stone,John Ridley,"Sean Penn, Jennifer Lopez, Nick Nolte",A man heading to Vegas to pay off his gambling debt before the Russian mafia kills him is forced to stop in an Arizona town where everything that can go wrong does go wrong.,English,"France, United States",1 win & 2 nominations total,https://m.media-amazon.com/images/M/MV5BNDdkNzFmMmItNTNkOS00MzJkLTg4MjItN2Q4ZDQ1ZWI3YWUxXkEyXkFqcGc@._V1_SX300.jpg,"[{'Source': 'Internet Movie Database', 'Value': '6.7/10'}, {'Source': 'Rotten Tomatoes', 'Value': '59%'}, {'Source': 'Metacritic', 'Value': '54/100'}]",54,6.7,"56,642",tt0120399,movie,N/A,"$6,682,098",N/A,N/A,
True,,I Love You,I Love You,2023,N/A,16 Jun 2023,93 min,"Drama, Romance, Thriller",Nikhil Mahajan,Nikhil Mahajan,"Rakul Preet Singh, Pavail Gulati, Akshay Oberoi","Sathya is a highly successful corporate executive who look forward to a bright future with her fiance,Vishal.One night ,when she is about to board a fight to Delhi, Satya finds herself trapped within the office .What danger awaits...",Hindi,India,3 nominations,https://m.media-amazon.com/images/M/MV5BY2ZmNTllMDgtNmZhMS00YjQxLTgzYWMtNGQ5ZmYzN2U2ZTg0XkEyXkFqcGc@._V1_SX300.jpg,"[{'Source': 'Internet Movie Database', 'Value': '5.4/10'}]",N/A,5.4,"5,690",tt27930156,movie,N/A,N/A,N/A,N/A,
True,,Very Big Shot,Very Big Shot,2015,N/A,08 Jul 2016,107 min,"Action, Crime, Drama",Mir-Jean Bou Chaaya,"Mir-Jean Bou Chaaya, Alain Saadeh","Alain Saadeh, Fouad Yammine, Wissam Fares","Intending to smuggle drugs across the borders, a small-time Lebanese drug-dealer slyly manipulates public opinion with the help of an underrated filmmaker.","Arabic, English, French","Lebanon, Qatar",8 wins & 10 nominations,https://m.media-amazon.com/images/M/MV5BMTk5MDgxNTY1OV5BMl5BanBnXkFtZTgwMDgzOTU5NzE@._V1_SX300.jpg,"[{'Source': 'Internet Movie Database', 'Value': '6.9/10'}]",N/A,6.9,"1,557",tt4971824,movie,N/A,N/A,N/A,N/A,
True,,Fearless,Fearless,2006,PG-13,22 Sep 2006,104 min,"Action, Biography, Drama",Ronny Yu,"Chris Chow, Chi-Long To, Bin Wang","Jet Li, Li Sun, Yong Dong","A biography of Chinese Martial Arts Master Huo Yuanjia, who is the founder and spiritual guru of the Jin Wu Sports Federation.","Mandarin, Japanese, English","China, Hong Kong, United States",6 wins & 13 nominations total,https://m.media-amazon.com/images/M/MV5BNjI1N2ZmOWMtODE2ZS00MzU5LWJhMzYtNWNmNDQ2NGIzNDM0XkEyXkFqcGc@._V1_SX300.jpg,"[{'Source': 'Internet Movie Database', 'Value': '7.6/10'}, {'Source': 'Rotten Tomatoes', 'Value': '73%'}, {'Source': 'Metacritic', 'Value': '70/100'}]",70,7.6,"80,473",tt0446059,movie,N/A,"$24,633,730",N/A,N/A,
True,,Barakah Meets Barakah,Barakah Meets Barakah,2016,N/A,08 Sep 2016,88 min,"Comedy, Romance",Mahmoud Sabbagh,Mahmoud Sabbagh,"Hisham Fageeh, Fatima AlBanawi, Sami Hifny","A middle-class man meets a girl from a rich family, and the two begin dating in a society where such unions are frowned upon.",Arabic,Saudi Arabia,1 win & 7 nominations,https://m.media-amazon.com/images/M/MV5BY2U2MzI2MDYtOGNjYy00MTg2LTk0NjktNWJkODMxNWQ3NjAxXkEyXkFqcGc@._V1_SX300.jpg,"[{'Source': 'Internet Movie Database', 'Value': '6.2/10'}, {'Source': 'Rotten Tomatoes', 'Value': '100%'}]",N/A,6.2,"1,922",tt5435084,movie,N/A,N/A,N/A,N/A,
True,,Bottersnikes & Gumbles,Bottersnikes & Gumbles,2015–,TV-Y7,01 Aug 2016,11 min,"Animation, Adventure, Comedy",N/A,N/A,"Ray Chase, Robbie Daymond, Tara Sands","In a far away forgotten valley, heaped with long abandoned junk, a timeless battle rages between good and evil - and also between squashy and scaly, happy and grumpy, clever and wily, handsome and plain old ugly. This is the land ...","English, French, German, Mandarin, Spanish","United States, United Kingdom, Australia",1 nomination,https://m.media-amazon.com/images/M/MV5BOTA2ODBhZTYtZTYyZC00MDg4LTkzNDItZWQ0YmNhZDI0Y2RkL2ltYWdlL2ltYWdlXkEyXkFqcGdeQXVyMjM3Nzk4Mzk@._V1_SX300.jpg,"[{'Source': 'Internet Movie Database', 'Value': '5.4/10'}]",N/A,5.4,56,tt6015820,series,,,,,51
False,Movie not found!,Pettson and Findus: The Best Christmas Ever,,,,,,,,,,,,,,,,,,,,,,,,,
True,,Iliza Shlesinger: Freezing Hot,Iliza Shlesinger: Freezing Hot,2015,TV-MA,23 Jan 2015,71 min,"Documentary, Comedy",Ryan Polito,Iliza Shlesinger,Iliza Shlesinger,"Smart and brazen comedian Iliza Shlesinger applies her fresh, laugh-out-loud perspective to the universal struggles between men and women.",English,United States,N/A,https://m.media-amazon.com/images/M/MV5BNDE4ODU1NjY0OF5BMl5BanBnXkFtZTgwNTY1NzA0NDE@._V1_SX300.jpg,"[{'Source': 'Internet Movie Database', 'Value': '6.8/10'}]",N/A,6.8,"2,862",tt4073952,movie,N/A,N/A,N/A,N/A,
True,,Katti Batti,Katti Batti,2015,N/A,18 Sep 2015,135 min,"Comedy, Drama, Romance",Nikkhil Advani,"Nikkhil Advani, Anshul Singhal","Imran Khan, Kangana Ranaut, Abhishek Saha",A romantic comedy that follows Maddy and Payal's live-in relationship until a sudden turn of events creates a distance between them.,Hindi,India,1 nomination,https://m.media-amazon.com/images/M/MV5BMTQ5Mzg4NTUyM15BMl5BanBnXkFtZTgwMTMwNzYyNjE@._V1_SX300.jpg,"[{'Source': 'Internet Movie Database', 'Value': '4.7/10'}]",N/A,4.7,"3,301",tt4467262,movie,N/A,"$364,932",N/A,N/A,
True,,My Sunshine,My Sunshine,2024,N/A,13 Sep 2024,100 min,"Drama, Sport",Hiroshi Okuyama,Hiroshi Okuyama,"Keitatsu Koshiyama, Kiara Takanashi, Sôsuke Ikematsu","Two young skaters, polar opposites in personality, team up to train for a figure skating duo, their growing bond blurring the lines between partners and more as winter unfolds.",Japanese,"Japan, France",6 wins & 12 nominations total,https://m.media-amazon.com/images/M/MV5BMjQwM2Q5Y2ItNjJjNy00OGI2LWIxMmItY2ZkZmE4NjZiZGMyXkEyXkFqcGc@._V1_SX300.jpg,"[{'Source': 'Rotten Tomatoes', 'Value': '84%'}]",N/A,N/A,"1,488",tt22694908,movie,N/A,N/A,N/A,N/A,
True,,Mike Epps: Don't Take It Personal,Mike Epps: Don't Take It Personal,2015,TV-MA,18 Dec 2015,59 min,Comedy,L. Frazier,N/A,Mike Epps,Mike Epps tears up the stage at L.A.'s historic Orpheum Theatre in a special packed with blistering impressions and unapologetically raunchy swagger.,English,United States,N/A,https://m.media-amazon.com/images/M/MV5BNGYwY2I5M2ItYTM5Ni00NDY3LThjZjItOGNjMWY5MjQwYzUyXkEyXkFqcGdeQXVyMTk3NDAwMzI@._V1_SX300.jpg,"[{'Source': 'Internet Movie Database', 'Value': '4.5/10'}]",N/A,4.5,323,tt5339586,movie,18 Dec 2015,N/A,Netflix,N/A,
True,,Ghost Patrol,Ghost Patrol,2016,N/A,09 Oct 2016,47 min,"Animation, Adventure",Karen J. Lloyd,"Marcy Brown, Dennis Haley, Al Ross","Travis Turner, Kathleen Barr, Scott McNeil","Gabi and Spence, and the Spooky Dog, are the ""Ghost Patrol"", Their Towns supernatural pest control, but they have never seen a real ghost. When they get a call to investigate the old Geist Manor, they are about to find the proof t...",English,Canada,1 nomination,https://m.media-amazon.com/images/M/MV5BNTUxYjA5NWUtNjVmMi00Yzk4LWI4OTEtNjg5ZTkzMzkyM2M5XkEyXkFqcGc@._V1_SX300.jpg,"[{'Source': 'Internet Movie Database', 'Value': '5.1/10'}]",N/A,5.1,253,tt6111628,movie,N/A,N/A,N/A,N/A,
True,,Bangistan,Bangistan,2015,Not Rated,07 Aug 2015,135 min,"Comedy, Drama",Karan Anshuman,"Puneet Krishna, Sumit Purohit, Karan Anshuman","Jacqueline Fernandez, Riteish Deshmukh, Michalina Olszanska","Two blundering terrorists with lofty ideologies, but ordinary talent, are on a mission to change the world.",Hindi,India,1 nomination,https://m.media-amazon.com/images/M/MV5BODRhZGMwMzctNGM3MS00ODJlLWI1OGQtNTU1NjczYjYwZDBkXkEyXkFqcGc@._V1_SX300.jpg,"[{'Source': 'Internet Movie Database', 'Value': '4.5/10'}, {'Source': 'Rotten Tomatoes', 'Value': '33%'}]",N/A,4.5,"1,444",tt3422462,movie,N/A,"$48,694",N/A,N/A,
True,,Ludo,Ludo,2020,TV-MA,12 Nov 2020,150 min,"Action, Comedy, Drama",Anurag Basu,"Anurag Basu, Samrat Chakraborty","Rajkummar Rao, Pankaj Tripathi, Asha Negi","From a resurfaced sex tape to a rogue suitcase of money, four wildly different stories overlap at the whims of fate, chance and one eccentric criminal.",Hindi,India,19 wins & 40 nominations total,https://m.media-amazon.com/images/M/MV5BYmI3ZDU2ODQtODBjYy00NDZiLTg4ZWEtMjAzZDI1OTY1OGY4XkEyXkFqcGc@._V1_SX300.jpg,"[{'Source': 'Internet Movie Database', 'Value': '7.6/10'}, {'Source': 'Rotten Tomatoes', 'Value': '75%'}]",N/A,7.6,"45,011",tt7212754,movie,N/A,N/A,N/A,N/A,
True,,Born in Syria,Born in Syria,2016,N/A,04 Oct 2017,86 min,Documentary,Hernán Zin,"José Ortuño, Hernán Zin","Tia Alkerdi, Javier Castell","Since civil war started in Syria in 2011, an estimated 9 million Syrians have fled their homes, half of them children. These children have fled unimaginable horror: the indiscriminate bombings of Bachar Al Assad's government, and ...",Arabic,"Denmark, Spain",5 wins & 3 nominations,https://m.media-amazon.com/images/M/MV5BZjhiMzJhYTEtNmFiYy00NjYyLThmMWItYmI5Y2Y1OWRkYmY2XkEyXkFqcGdeQXVyMTMxODk2OTU@._V1_SX300.jpg,"[{'Source': 'Internet Movie Database', 'Value': '7.7/10'}]",N/A,7.7,374,tt5356680,movie,N/A,N/A,N/A,N/A,
True,,Theo Von: No Offense,Theo Von: No Offense,2016,N/A,26 Feb 2016,67 min,"Documentary, Comedy",John Asher,Theo Von,Theo Von,"Southern comedian Theo Von offers up a twisted take on his dating mishaps, meeting Brad Pitt, chasing down fugitive chimpanzees and more.",English,United States,N/A,https://m.media-amazon.com/images/M/MV5BN2FjOTUxNzgtZjgxOC00MDgwLTkxODQtNDQ3ZGVlMGVmZWY4XkEyXkFqcGc@._V1_SX300.jpg,"[{'Source': 'Internet Movie Database', 'Value': '5.8/10'}]",N/A,5.8,"1,122",tt5066564,movie,26 Feb 2016,N/A,Netflix,N/A,
True,,Ricardo O'Farrill: abrazo navideño,Ricardo O'Farrill: Abrazo navideño,2016,TV-MA,01 Dec 2016,31 min,Comedy,"Raúl Campos, Jan Suter",N/A,Ricardo O'Farrill,N/A,Spanish,Mexico,N/A,https://m.media-amazon.com/images/M/MV5BNzAwYjRhMGItODkxZC00ZDA1LTljNzItOWExZWFiZTg1MjdhL2ltYWdlXkEyXkFqcGdeQXVyMzAyOTkyNjE@._V1_SX300.jpg,"[{'Source': 'Internet Movie Database', 'Value': '5.7/10'}]",N/A,5.7,76,tt6475778,movie,N/A,N/A,N/A,N/A,
False,Movie not found!,"Trailer Park Boys: Drunk, High and Unemployed: Live In Austin",,,,,,,,,,,,,,,,,,,,,,,,,
True,,#Rucker50,#Rucker50,2016,N/A,01 Dec 2016,56 min,Documentary,Robert McCullough Jr.,"Robert McCullough Jr., Darryl Neverson",Inez Dickens,N/A,English,United States,N/A,https://m.media-amazon.com/images/M/MV5BNzBmNDU1OTEtNjFmNC00NTJiLWEzNmItMmViNDM1ZmFmNDQxL2ltYWdlXkEyXkFqcGdeQXVyNjIwNjMyMjY@._V1_SX300.jpg,"[{'Source': 'Internet Movie Database', 'Value': '5.2/10'}]",N/A,5.2,138,tt6475636,movie,N/A,N/A,N/A,N/A,
True,,The Breakup Playlist,The Breakup Playlist,2015,TV-PG,01 Jul 2015,117 min,"Drama, Music, Musical",Dan Villegas,"Antoinette Jadaone, Kriz G. Gazmen","Piolo Pascual, Sarah Geronimo, Rio Locsin","A story about an aspiring professional singer and a rock singer who collaborates in a song. As they work on their song, they start to develop feelings for each other.","Filipino, English",Philippines,7 nominations,https://m.media-amazon.com/images/M/MV5BYmU1ZmQzNGQtZWFhNC00MjU0LWIyYzAtNzk4ZTcwOWQzNDAyXkEyXkFqcGc@._V1_SX300.jpg,"[{'Source': 'Internet Movie Database', 'Value': '6.5/10'}]",N/A,6.5,349,tt4628812,movie,N/A,N/A,N/A,N/A,
True,,Thomas & Friends: Full Steam To The Rescue!,Thomas & Friends: Full Steam to the Rescue!,2016,N/A,24 Oct 2016,93 min,"Animation, Short, Family","Dianna Basso, Don Spencer","Britt Allcroft (creator), Andrew Brenner (writer/head writer), Helen Farrall (segment), Robin Gay (story idea: segment ""Goodbye Fat Controller""), Davey Moore (segment), Becky Overton (segment)","Mark Moraghan, David Bedella, Jonathan Broadbent, Olivia Colman","Duty calls at the Sodor Search and Rescue Centre. Rocky is called in to action to rescue poor derailed Henry. But when Rocky becomes derailed himself, who will come to his aid? The alarm is...",English,UK,N/A,https://m.media-amazon.com/images/M/MV5BM2E1N2QwZDItNTNkMS00YmE0LTgyNGItNWE2YmFjMWI2ODU1XkEyXkFqcGdeQXVyNjU5MzMxNzY@._V1_SX300.jpg,[],N/A,N/A,N/A,tt5992076,movie,N/A,N/A,N/A,N/A,
True,,S Storm,S Storm,2016,N/A,16 Sep 2016,95 min,"Action, Crime",David Lam,"Elliott J. Brown, Ho-Wah Wong","Louis Koo, Julian Cheung, Vic Chou",No sooner is a team at ICAC set up to investigate irregularities in soccer official betting in Hong Kong before a suspect is assassinated.,"English, Cantonese, Mandarin","Hong Kong, China",1 nomination total,https://m.media-amazon.com/images/M/MV5BZTg0NzJlNTQtYTIwMy00MmRjLTgwMWItNmIxNGFiOWVhNWQ3XkEyXkFqcGc@._V1_SX300.jpg,"[{'Source': 'Internet Movie Database', 'Value': '5.1/10'}]",N/A,5.1,825,tt5998744,movie,N/A,N/A,N/A,N/A,
True,,HiGH&LOW: The Red Rain,High & Low: The Red Rain,2016,N/A,08 Oct 2016,110 min,"Action, Drama",Yûdai Yamaguchi,"Norihisa Hiranuma, Keisuke Makino, Yûko Matsuda","Takahiro, Hiroomi Tosaka, Takumi Saitô","The Amamiya Brothers, Masaki (Takahiro) and Hiroto (Hiroomi Tosaka), keep looking for their older brother Takeru (Takumi Saito) who disappeared one year ago. The three Amamiya brothers lost their parents when they were young. Sinc...",Japanese,Japan,N/A,https://m.media-amazon.com/images/M/MV5BMDJhYWQxNjYtZmVmMS00YWM5LWE1MzUtNzFkNjAwZTU0MWU5XkEyXkFqcGc@._V1_SX300.jpg,"[{'Source': 'Internet Movie Database', 'Value': '6.1/10'}]",N/A,6.1,438,tt5923040,movie,N/A,N/A,N/A,N/A,
True,,The Massively Mixed-Up Middle School Mystery,The Massively Mixed-Up Middle School Mystery,2015,TV-G,01 Aug 2015,39 min,"Comedy, Mystery",Will Eisenberg,"Aaron Eisenberg, Will Eisenberg","Garrett Ryan, Adam Hochstetter, Haley Tju","When the ultimate prank sends their principal under water, it's up to Everett, Alyssa and Riley to put their super detective skills to the test, catch the perp, and save their school's first dance in 40 years.",English,United States,N/A,https://m.media-amazon.com/images/M/MV5BY2RiMjlhYWUtNjYxMy00ZTM0LTg5ODAtMzg1OWZmZTRlYzE3XkEyXkFqcGdeQXVyMTEwMDg3ODc5._V1_SX300.jpg,"[{'Source': 'Internet Movie Database', 'Value': '5.9/10'}]",N/A,5.9,120,tt3521770,movie,N/A,N/A,N/A,N/A,
False,Movie not found!,Those who fear are dead,,,,,,,,,,,,,,,,,,,,,,,,,
True,,Poshter Girl,Poshter Girl,2016,Not Rated,12 Feb 2016,140 min,Comedy,Sameer Patil,"Hemant Dhome, Guru Thakur","Madhav Abhyankar, Hemant Dhome, Anand Ingle","Poshter Girl takes you on a mad roller coaster ride of a quaint, little village in Maharashtra - Tekawde, which is ill-famous for female infanticide and as a result there are no girls left within the village. When the question of ...",Marathi,India,2 nominations total,https://m.media-amazon.com/images/M/MV5BODllZTY0YjQtMjM4OC00MGJlLWIwOGMtOGYzMzUxNWY5MGMwXkEyXkFqcGc@._V1_SX300.jpg,"[{'Source': 'Internet Movie Database', 'Value': '6.7/10'}]",N/A,6.7,371,tt5323386,movie,N/A,N/A,N/A,N/A,
True,,3000 Nights,3000 Nights,2015,N/A,12 May 2016,103 min,Drama,Mai Masri,Mai Masri,"Maisa Abd Elhadi, Nadira Omran, Rakeen Saad","A young Palestinian schoolteacher gives birth to her son in an Israeli prison where she fights to protect him, survive and maintain hope.","Arabic, Hebrew","Occupied Palestinian Territory, France, Jordan, Lebanon, Qatar, United Arab Emirates",7 wins & 5 nominations,https://m.media-amazon.com/images/M/MV5BMTU1NzY2MDk3NF5BMl5BanBnXkFtZTgwMDMwODg4NzE@._V1_SX300.jpg,"[{'Source': 'Internet Movie Database', 'Value': '7.1/10'}]",N/A,7.1,"1,273",tt3815424,movie,N/A,N/A,N/A,N/A,
True,,Wazir,Wazir,2016,Not Rated,08 Jan 2016,103 min,"Crime, Drama, Mystery",Bejoy Nambiar,"Vidhu Vinod Chopra, Abhijat Joshi, Bejoy Nambiar","Amitabh Bachchan, Farhan Akhtar, Aditi Rao Hydari",A grief-stricken cop and an amputee grandmaster are brought together by a peculiar twist of fate as part of a wider conspiracy that has darkened their lives.,Hindi,India,9 nominations total,https://m.media-amazon.com/images/M/MV5BMTUzNDU4NDMyOV5BMl5BanBnXkFtZTgwNjcyNzU0NzE@._V1_SX300.jpg,"[{'Source': 'Internet Movie Database', 'Value': '7.1/10'}, {'Source': 'Rotten Tomatoes', 'Value': '56%'}]",N/A,7.1,"20,424",tt0315642,movie,N/A,"$1,124,045",N/A,N/A,
True,,Motu Patlu: King Of Kings,Motu Patlu: King of Kings,2016,TV-Y7,14 Oct 2016,110 min,"Animation, Adventure, Comedy",Suhas Kadav,"Dheeraj Berry, Calpesh Patil, Kripa Shankar","Saurav Chakraborty, Vinay Pathak","Motu and Patlu help Guddu, a circus lion, return to the jungle, which an evil poacher, Narsimha, dominates. The duo teams up with the animals to combat him and restore peace.",Hindi,India,N/A,https://m.media-amazon.com/images/M/MV5BYjQ2M2EyYzMtMWQ1MC00ODMxLWFmZTAtYjBkYThkNjk4Y2YzXkEyXkFqcGdeQXVyNzMyNjk4NDA@._V1_SX300.jpg,"[{'Source': 'Internet Movie Database', 'Value': '6.6/10'}]",N/A,6.6,190,tt6278732,movie,N/A,N/A,N/A,N/A,
True,,The Love Affair,The Love Affair,2015,N/A,08 Mar 2019,125 min,"Drama, Romance",Nuel C. Naval,Vanessa R. Valdez,"Dawn Zulueta, Richard Gomez, Bea Alonzo",A married couple is on the verge of annulment after the husband discovers his wife having an affair with his best friend. He then consults a lawyer who just broke up with her boyfriend.,"Filipino, Tagalog",Philippines,2 wins & 28 nominations,https://m.media-amazon.com/images/M/MV5BMTcyNGUzZDAtYWVjOC00YjJlLTlmM2YtMzk0MjljMTEyYjgyXkEyXkFqcGdeQXVyNTI5NjIyMw@@._V1_SX300.jpg,"[{'Source': 'Internet Movie Database', 'Value': '6.3/10'}]",N/A,6.3,301,tt4202506,movie,N/A,N/A,N/A,N/A,
True,,Everyday I Love You,Everyday I Love You,2015,N/A,06 Nov 2015,122 min,"Drama, Romance",Mae Cruz-Alviar,"Roumella Monge, John Raphael Gonzaga, Vanessa R. Valdez","Enrique Gil, Liza Soberano, Gerald Anderson",Two people bound together on the same journey of life fall for each other in an unexpected way.,"Filipino, English, Hiligaynon",Philippines,2 nominations total,https://m.media-amazon.com/images/M/MV5BNTNhYTgwZDctNjVmMi00ODk0LTk5MjEtZTdhNzYzMmFhZTQ3XkEyXkFqcGc@._V1_SX300.jpg,"[{'Source': 'Internet Movie Database', 'Value': '7.0/10'}]",N/A,7.0,562,tt4944460,movie,N/A,N/A,N/A,N/A,
True,,Jeff Foxworthy & Larry the Cable Guy: We've Been Thinking,Jeff Foxworthy & Larry the Cable Guy: We've Been Thinking,2016,N/A,26 Aug 2016,75 min,Comedy,Jaime Eliezer Karas,N/A,"Jeff Foxworthy, Nick Hoff, Larry the Cable Guy",Comedians Jeff Foxworthy and Larry the Cable Guy bring their distinctive brand of humor to a packed crowd in Minneapolis.,English,United States,N/A,https://m.media-amazon.com/images/M/MV5BNWNkMGExMGMtMmU5OC00MGI1LTkzY2QtZGE5ODYzNmMwM2VkXkEyXkFqcGc@._V1_SX300.jpg,"[{'Source': 'Internet Movie Database', 'Value': '6.0/10'}]",N/A,6.0,710,tt5571712,movie,N/A,N/A,N/A,N/A,
True,,Spark,Spark,1998,Not Rated,16 Jan 1998,103 min,"Drama, Thriller",Garret Williams,Garret Williams,"Terrence Howard, Nicole Ari Parker, Brendan Sexton III","Academy Award nominee Terrence Howard and Nicole Ari Parker star as a young African American couple who must find a way to survive when their car breaks down in a backwater, violent racist town.Byron (Howard--Hustle &amp; Flow) and Ni...",N/A,United States,1 win,https://m.media-amazon.com/images/M/MV5BMTkyODE3Mzk2Ml5BMl5BanBnXkFtZTcwNDk5MTU1MQ@@._V1_SX300.jpg,"[{'Source': 'Internet Movie Database', 'Value': '5.5/10'}]",N/A,5.5,256,tt0159765,movie,N/A,N/A,N/A,N/A,
True,,The CEO,The CEO,2016,PG-13,04 May 2016,105 min,"Drama, Mystery, Thriller",Kunle Afolayan,Tunde Babalola,"Angélique Kidjo, Wale Ojo, Jimmy Jean-Louis","Five top-level staff of a company are selected for a retreat where the new CEO of a global company will be chosen. What starts off as cordial soon goes sour as they attempt to outdo one another to be named ""The CEO.""","English, French, Arabic, Yoruba, Swahili, Chinese",Nigeria,1 win & 1 nomination total,https://m.media-amazon.com/images/M/MV5BMTk3MTY4NTU4Ml5BMl5BanBnXkFtZTgwOTY0MTc4NjE@._V1_SX300.jpg,"[{'Source': 'Internet Movie Database', 'Value': '5.8/10'}]",N/A,5.8,137,tt5036924,movie,N/A,N/A,N/A,N/A,
True,,Jen Kirkman: I'm Gonna Die Alone (And I Feel Fine),Jen Kirkman: I'm Gonna Die Alone (And I Feel Fine),2015,TV-MA,22 May 2015,78 min,Comedy,Lance Bangs,Jen Kirkman,"Jen Kirkman, Kelly Patton, Wilder S. Patton","Jen Kirkman's original comedy special delivers some sharp, hilarious truths about life at 40 as filmed at the North Door in Austin, Texas.",English,United States,N/A,https://m.media-amazon.com/images/M/MV5BMWI5ZTA3NTAtMTkwYS00NjMyLWJlNmQtZmYwMDUzZmRlOGQyXkEyXkFqcGc@._V1_SX300.jpg,"[{'Source': 'Internet Movie Database', 'Value': '6.8/10'}]",N/A,6.8,"1,648",tt4703660,movie,N/A,N/A,N/A,N/A,
False,Movie not found!,Pac’s Scary Halloween,,,,,,,,,,,,,,,,,,,,,,,,,
True,,Love Storm,Love Storm,2016,N/A,N/A,N/A,"Short, Romance",Angelo Agojo,"Angelo Agojo, Georgia Jauslin",N/A,"Introverted music major Austin is secretly a superhero named ""The Storm Maestro"", who uses his voice to magically transform to his alter-ego. His powers gives him all access to the elements...",English,USA,N/A,N/A,[],N/A,N/A,N/A,tt4781600,movie,N/A,N/A,N/A,N/A,
True,,Reggie Watts: Spatial,Reggie Watts: Spatial,2016,N/A,06 Dec 2016,61 min,"Comedy, Music",Benjamin Dickinson,N/A,"Rory Scovel, Reggie Watts","Completely improvised show weaving together sketches, short stories, and dream sequences, filmed live on a soundstage in Los Angeles, Watts waxes poetic about flight, grits, and guns.",English,United States,N/A,https://m.media-amazon.com/images/M/MV5BMTA1NDBmNjItNWVjZi00YzhhLWIxZmUtZjZlYjRhYjJlNjcyXkEyXkFqcGc@._V1_SX300.jpg,"[{'Source': 'Internet Movie Database', 'Value': '6.0/10'}]",N/A,6.0,557,tt5861260,movie,06 Dec 2016,N/A,Netflix,N/A,
False,Movie not found!,Close Your Eyes Before It's Dark,,,,,,,,,,,,,,,,,,,,,,,,,
True,,Best Lover,Best Lover,2016,N/A,14 Nov 2016,35 min,"Drama, Romance",N/A,N/A,"Lee Da-hae, Mi Zhou, Wang Qiu Zi","Two young stars with different backgrounds and agendas enter into a fake marriage to advance their careers, until the fake starts turning real.",N/A,"South Korea, China",N/A,https://m.media-amazon.com/images/M/MV5BZWNhZGMxMmEtZTA1Ni00Mjc2LTkzZTYtZDk0ZDhmZTJmOWM0XkEyXkFqcGc@._V1_SX300.jpg,"[{'Source': 'Internet Movie Database', 'Value': '5.4/10'}]",N/A,5.4,109,tt9874364,series,,,,,N/A
True,,Aerials,Aerials,2016,N/A,N/A,90 min,"Drama, Sci-Fi, Thriller",S.A. Zaidi,"Ghanem Ghubash, S.A. Zaidi","Saga Alyasery, Ana Druzhynina, Mansoor Al-Fili",Earth is invaded by Aliens from outer space. An intermarried couple living in the city of Dubai are confined to their home due to the uncertainty of the situation. Disconnected from the world outside due to the loss of communicati...,"English, Arabic",United Arab Emirates,N/A,https://m.media-amazon.com/images/M/MV5BMTYxNDQ4ODQ4OV5BMl5BanBnXkFtZTgwMzU1MTg2NzE@._V1_SX300.jpg,"[{'Source': 'Internet Movie Database', 'Value': '1.5/10'}]",N/A,1.5,429,tt5314138,movie,N/A,N/A,N/A,N/A,
True,,Chhota Bheem in African Safari,Chhota Bheem in African Safari,2015,N/A,N/A,62 min,Animation,Binayak Das,N/A,"Jigna Bhardwaj, Rupa Bhimani, Sonal Kaushal","The kids visit Africa to see how the tribals live in harmony with nature. But when they reach, they see that the place has been taken over by the chieftain Hatari. Persistent drought is just one effect of his magical powers. Bheem...",N/A,N/A,N/A,https://m.media-amazon.com/images/M/MV5BOWE1OTc1ZjEtMjFjYy00ZDFmLWIxN2UtNWEwYThjYzEwNjliXkEyXkFqcGdeQXVyNzQ1NzI2ODU@._V1_SX300.jpg,[],N/A,N/A,18,tt6418390,movie,N/A,N/A,N/A,N/A,
True,,Meet The in-Laws,Meet the In-Laws,2012,N/A,03 Aug 2012,94 min,Comedy,Hai-shu Li,"Yanwei Huang, Hai-shu Li","Shao-Tung Chou, Shiu-Hung Hui, Peng Lin","Hyun-Joon (Song Sae-Byeok) is a comic book artist from the Jeolla-do region, now working in the capital city of Seoul. One day he meets Da-Hong (Lee Si-Young), a fan of his who is from the port city of Pusan. The couple's relation...",Mandarin,China,N/A,https://m.media-amazon.com/images/M/MV5BZjlhOGFiYzktMjMxZS00ZjNmLWEyNDktMTgwZDcwODQ2ZjgxXkEyXkFqcGc@._V1_SX300.jpg,"[{'Source': 'Internet Movie Database', 'Value': '5.6/10'}]",N/A,5.6,160,tt2459282,movie,N/A,N/A,N/A,N/A,
True,,Brother Jekwu,Brother Jekwu,2016,N/A,N/A,103 min,Comedy,Charles Uwagbai,Mike Ezuruonye,"Derrick Aduwo, Kevin Airende, Eunice Anyonje Amatika","Chasing wild success, a village hustler follows his cousin from Nigeria to Kenya and stumbles into the shady business affairs of a notorious overlord.",English,Nigeria,N/A,https://m.media-amazon.com/images/M/MV5BNjA5OGYyZjctZjcwYy00ODZmLWExZTAtZDJmMzgzNDM4ZDc0XkEyXkFqcGdeQXVyMjQ1NTU3Nzg@._V1_SX300.jpg,[],N/A,N/A,N/A,tt8857316,movie,N/A,N/A,N/A,N/A,
True,,Hans Teeuwen: Echte Rancune,Hans Teeuwen: Echte rancune,2018,N/A,09 Mar 2018,103 min,"Documentary, Comedy",N/A,Hans Teeuwen,Hans Teeuwen,"Hans is back with his seventh solo show. Manic as in his younger years, amoral, confrontational, and full of character assassinations on important people and institutions.","Dutch, English, French",Netherlands,N/A,https://m.media-amazon.com/images/M/MV5BZWJmZjI4N2UtZjU1Mi00Yzg4LTliZjEtMWI1Y2Y0MzBjMTBiXkEyXkFqcGdeQXVyMTgwOTE5NDk@._V1_SX300.jpg,"[{'Source': 'Internet Movie Database', 'Value': '6.6/10'}]",N/A,6.6,151,tt9106766,movie,N/A,N/A,N/A,N/A,
True,,Chris D'Elia: Incorrigible,Chris D'Elia: Incorrigible,2015,TV-MA,17 Apr 2015,83 min,Comedy,Bill D'Elia,Chris D'Elia,Chris D'Elia,"Stand-up comedian Chris D'Elia covers everything from grown-up babies, to evil dating and an NFL with real giants, lions and bears, oh my!",English,United States,N/A,https://m.media-amazon.com/images/M/MV5BZDIxMDA4YTMtYmJlMi00NTYyLWE2NmQtMWEzZDlkYzIzMmNlXkEyXkFqcGc@._V1_SX300.jpg,"[{'Source': 'Internet Movie Database', 'Value': '6.4/10'}]",N/A,6.4,"1,618",tt4624852,movie,N/A,N/A,N/A,N/A,
True,,Miss in Kiss,Miss in Kiss,2016–2017,N/A,27 Apr 2016,30 min,"Drama, Romance",N/A,Kaoru Tada,"Dino Lee, Esther Wu, Shih-Lun Chiu","A quirk of fate sends an ordinary, sweet-natured high school girl and her father into the home of the school genius, on whom she has a huge crush.","Min Nan, Mandarin, Chinese",Taiwan,N/A,https://m.media-amazon.com/images/M/MV5BODRlMDA4MzUtNDI3ZC00OTliLTllYjQtNjM1Zjg4ZGRiMmZjXkEyXkFqcGc@._V1_SX300.jpg,"[{'Source': 'Internet Movie Database', 'Value': '6.9/10'}]",N/A,6.9,127,tt6954524,series,,,,,1
True,,Ordinary People,Ordinary People,1980,R,19 Sep 1980,124 min,Drama,Robert Redford,"Judith Guest, Alvin Sargent, Nancy Dowd","Donald Sutherland, Mary Tyler Moore, Judd Hirsch","The accidental death of the older son of an affluent family deeply strains the relationships among the bitter mother, the good-natured father and the guilt-ridden younger son.",English,United States,Won 4 Oscars. 21 wins & 14 nominations total,https://m.media-amazon.com/images/M/MV5BODkyODllNDQtMTRjZS00ZGM5LWFmYmQtMzlhZjNhZjgwOGVhXkEyXkFqcGc@._V1_SX300.jpg,"[{'Source': 'Internet Movie Database', 'Value': '7.7/10'}, {'Source': 'Rotten Tomatoes', 'Value': '89%'}, {'Source': 'Metacritic', 'Value': '86/100'}]",86,7.7,"58,437",tt0081283,movie,N/A,"$54,766,923",N/A,N/A,
False,Movie not found!,"Have You Ever Fallen in Love, Miss Jiang?",,,,,,,,,,,,,,,,,,,,,,,,,
True,,Couple Of Days,Couple of Days,2016,N/A,05 Feb 2016,102 min,Drama,Tolu Lordtanner,Tolu Lordtanner,"Ademola Adedoyin, Unoaku Anyadike, Lilian Esoro","Three couples, each in different phases of romance, head to Ibadan for a fun and frisky holiday. But secrets soon spill, causing trouble in paradise.",English,Nigeria,N/A,https://m.media-amazon.com/images/M/MV5BOWQ0NzVhM2UtNGNjYS00YzVjLWE0ODEtOGFmNzQxNDU1MDdkXkEyXkFqcGdeQXVyOTg4MDU4MDk@._V1_SX300.jpg,"[{'Source': 'Internet Movie Database', 'Value': '6.5/10'}]",N/A,6.5,27,tt9741588,movie,N/A,N/A,N/A,N/A,
True,,Kara Bela,Kara Bela,2015,N/A,18 Sep 2015,105 min,"Action, Adventure, Comedy",Burak Aksak,Burak Aksak,"Cengiz Bozkurt, Seda Bakan, Erkan Kolçak Köstendil","After the death of his wife and father, Kudret, who has always lived by the book, decides to go on a road trip to save a girl.",Turkish,Turkey,1 nomination,https://m.media-amazon.com/images/M/MV5BMTU0NDYyMDc4NV5BMl5BanBnXkFtZTgwNzE5ODA3NjE@._V1_SX300.jpg,"[{'Source': 'Internet Movie Database', 'Value': '6.7/10'}]",N/A,6.7,"9,946",tt4974684,movie,N/A,N/A,N/A,N/A,
True,,Vince & Kath & James,Vince & Kath & James,2016,N/A,25 Dec 2016,116 min,Romance,Theodore Boborol,"Daisy Cayanan, Kim Noromor, Anjanette Haw","Julia Barretto, Joshua Garcia, Ronnie Alonte","Senior engineering student Vince has a crush on go-getter and fellow engineering student Kath. Just when he's about to confess his feelings for her, his varsity-basketball-player cousin James begs to build him up to Kath by preten...","Tagalog, Filipino",Philippines,3 wins & 21 nominations total,https://m.media-amazon.com/images/M/MV5BMTc2MzNjMGEtNmRiNi00ZDZiLWFmNzMtMDBlZWRlZTIzNDAxXkEyXkFqcGc@._V1_SX300.jpg,"[{'Source': 'Internet Movie Database', 'Value': '6.8/10'}]",N/A,6.8,425,tt6271264,movie,N/A,N/A,N/A,N/A,
False,Movie not found!,Santa Pac's Merry Berry Day,,,,,,,,,,,,,,,,,,,,,,,,,
True,,Carlos Ballarta: el amor es de putos,Carlos Ballarta: El amor es de putos,2016,TV-MA,21 Nov 2016,67 min,Comedy,"Raúl Campos, Jan Suter",Carlos Ballarta,Carlos Ballarta,N/A,Spanish,Mexico,N/A,https://m.media-amazon.com/images/M/MV5BZGIyMDg3ZjEtNjI0My00NThiLThiMWEtY2M5YTk5OTJkNzAwXkEyXkFqcGc@._V1_SX300.jpg,"[{'Source': 'Internet Movie Database', 'Value': '7.1/10'}]",N/A,7.1,254,tt6268852,movie,N/A,N/A,N/A,N/A,
True,,Sen Benim HerŞeyimsin,Sen Benim HerSeyimsin,2016,N/A,09 Dec 2016,107 min,Comedy,Tolga Örnek,"Guillermo Ríos, Leticia López Margalli, Eugenio Derbez","Tolga Çevik, Melis Birkan, Tuna Çevik",A dramatic story about a girl and her giving father.,Turkish,Turkey,N/A,https://m.media-amazon.com/images/M/MV5BM2VjYzIwMDAtN2VmOS00MmZkLTk4ZDktYzZjZGFkMzhhMjA0XkEyXkFqcGc@._V1_SX300.jpg,"[{'Source': 'Internet Movie Database', 'Value': '6.2/10'}]",N/A,6.2,"3,079",tt5748380,movie,N/A,N/A,N/A,N/A,
True,,Saawan,Saawan,2016,N/A,01 Jul 2016,137 min,"Drama, Thriller",Farhan Alam,Mashood Qadri,"Saleem Mairaj, Syed Karam Hussain, Arif Bahalim","A handicapped 9-year old boy who lives in a valley in the mountains of Balochistan is rejected by his father, intimidated by society, harassed by friends and left alone due to his disability. Strengthened by memories and dreams of...",Urdu,Pakistan,3 wins & 1 nomination,https://m.media-amazon.com/images/M/MV5BYzkwYjYyNDUtYWY1OS00ZDJjLWFkMTMtNDgwNjE4NzE0MzZkXkEyXkFqcGc@._V1_SX300.jpg,"[{'Source': 'Internet Movie Database', 'Value': '7.3/10'}]",N/A,7.3,290,tt5580778,movie,N/A,N/A,N/A,N/A,
True,,A Chaster Marriage,A Chaster Marriage,2016,N/A,09 Sep 2016,98 min,"Comedy, Romance",Umut Kirca,"Yasar Arak, Ömer Pinar","Emre Karayel, Ceren Moray, Begüm Kütük","Zafer(Emre Karayel), who is in love with Duygu(Begüm Kütük) and the football team he is a fan of, is one of those men who never grow up. One day, he finds himself in a marriage he doesn't want, forced by his father.",Turkish,Turkey,2 nominations,https://m.media-amazon.com/images/M/MV5BNzQyNWFmNTMtOWVjMS00ZDE0LTkwMmUtZTQwNjM3ZjJhMTA5XkEyXkFqcGc@._V1_SX300.jpg,"[{'Source': 'Internet Movie Database', 'Value': '5.4/10'}]",N/A,5.4,"1,095",tt5985820,movie,N/A,N/A,N/A,N/A,
True,,Misunderstanding,Misunderstanding,2018,N/A,13 Feb 2019,89 min,"Drama, Mystery, Thriller",Ahmad Reza Mo'tamedi,Ahmad Reza Mo'tamedi,"Merila Zare'i, Kambiz Dirbaz, Pejman Jamshidi",Some college students who study cinema take a rich girl as a hostage hoping to become actors but little by little things gets more complicated making difficult for them to distinguish the real from the unreal.,Persian,Iran,5 nominations,https://m.media-amazon.com/images/M/MV5BYmRlOWQ0MGEtZmE3YS00MTE5LTk1MDAtMTJjM2Q3NjJkYjNmXkEyXkFqcGdeQXVyMTAxODQ2NDU1._V1_SX300.jpg,"[{'Source': 'Internet Movie Database', 'Value': '4.1/10'}]",N/A,4.1,209,tt7897316,movie,N/A,N/A,N/A,N/A,
True,,Eddie: Strongman,Eddie - Strongman,2015,TV-14,04 Oct 2017,98 min,Documentary,Matt Bell,N/A,"Hafþór Júlíus Björnsson, Colin Bryce, Geoff Capes","Truck mechanic, husband and father of two, Eddie Hall wants to be the World's Strongest Man. This feature documentary vividly illustrates the sacrifices that this extremely driven man must make to chase his dream. He will stop at ...",English,United Kingdom,N/A,https://m.media-amazon.com/images/M/MV5BMTY5NjU5MTYwNl5BMl5BanBnXkFtZTgwMzQxMDY0NzE@._V1_SX300.jpg,"[{'Source': 'Internet Movie Database', 'Value': '7.4/10'}]",N/A,7.4,"1,230",tt4334636,movie,N/A,N/A,N/A,N/A,
True,,Extremis,Extremis,2016,TV-PG,16 Sep 2016,24 min,"Documentary, Short",Dan Krauss,N/A,"Monica Bhargava, Jessica Zitter","Witness the wrenching emotions that accompany end-of-life decisions as doctors, patients and families in a hospital ICU face harrowing choices.",English,United States,Nominated for 1 Oscar. 2 wins & 5 nominations total,https://m.media-amazon.com/images/M/MV5BMjM5OTc3NzMyOF5BMl5BanBnXkFtZTgwMzU1MDU5OTE@._V1_SX300.jpg,"[{'Source': 'Internet Movie Database', 'Value': '7.3/10'}]",N/A,7.3,"2,608",tt5538078,movie,N/A,N/A,N/A,N/A,
True,,Cedric the Entertainer: Live from the Ville,Cedric the Entertainer: Live from the Ville,2016,N/A,16 Sep 2016,60 min,Comedy,Troy Miller,Cedric The Entertainer,"Cedric The Entertainer, Tennessee State University Marching Band","Donning his signature suit and fedora, the dapper comic offers a unique spin on getting old, the presidential election and ""Honky Tonk Badonkadonk.""",English,United States,N/A,https://m.media-amazon.com/images/M/MV5BMTQ5NzgxNDcxOV5BMl5BanBnXkFtZTgwMTg1NjEwMDI@._V1_SX300.jpg,"[{'Source': 'Internet Movie Database', 'Value': '6.3/10'}]",N/A,6.3,751,tt5753806,movie,N/A,N/A,N/A,N/A,
False,Movie not found!,Wedding Association 2: Circumcision,,,,,,,,,,,,,,,,,,,,,,,,,
True,,One in a Billion,One in a Billion,2016,N/A,02 Nov 2016,69 min,"Documentary, Sport",Roman Gackowski,N/A,"Dan Barto, Balbir Singh Bhamara, Satnam Singh Bhamara","In a country of 1.2 billion people and in a sport with billions of fans worldwide, there has yet to be a single Indian-born player drafted in the NBA. One in a Billion follows the global journey of Satnam Singh Bhamara from his ho...","English, Punjabi",United States,N/A,https://m.media-amazon.com/images/M/MV5BOTdkZWY2NWEtODVkMS00NDg2LThmYTAtNzA0NTFjNzNmMzAzXkEyXkFqcGc@._V1_SX300.jpg,"[{'Source': 'Internet Movie Database', 'Value': '6.7/10'}]",N/A,6.7,595,tt6045798,movie,N/A,N/A,N/A,N/A,
True,,Brahman Naman,Brahman Naman,2016,N/A,07 Jul 2016,95 min,Comedy,Qaushiq Mukherjee,Naman Ramachandran,"Shashank Arora, Tanmay Dhanania, Chaitanya Varad","This homage to 1980s teen sex comedies follows a college quiz bowl champion who knows almost everything, except how to talk to women.",English,"India, United Kingdom",2 nominations,https://m.media-amazon.com/images/M/MV5BMjkzN2E5ZDItNTQ5ZC00YTc0LWE4MzYtZjFhYmNhNWQ1NWYzXkEyXkFqcGc@._V1_SX300.jpg,"[{'Source': 'Internet Movie Database', 'Value': '5.5/10'}, {'Source': 'Rotten Tomatoes', 'Value': '70%'}, {'Source': 'Metacritic', 'Value': '58/100'}]",58,5.5,"2,044",tt5240748,movie,N/A,N/A,N/A,N/A,
False,Movie not found!,XV Beyond the Tryline,,,,,,,,,,,,,,,,,,,,,,,,,
True,,Virunga: Gorillas in Peril,Virunga: Gorillas in Peril,2015,N/A,06 Feb 2015,28 min,Documentary,Lisa Kors,Lisa Kors,"Soledad O'Brien, Jonathan Baillie, André Bauma","A behind the scenes look at the Academy Award nominated original documentary, Virunga, from Executive Producer Leonardo DiCaprio. Hosted by Soledad O'Brien, go inside the incredible, true story of Virunga National Park, one of the...",English,United States,N/A,https://m.media-amazon.com/images/M/MV5BMzQ5M2Y4ZjctODlkYi00ZTlmLWEwYmYtZTliMjRjYThkZjFlXkEyXkFqcGdeQXVyMDUzOTgyNw@@._V1_SX300.jpg,"[{'Source': 'Internet Movie Database', 'Value': '6.2/10'}]",N/A,6.2,34,tt4677816,movie,N/A,N/A,N/A,N/A,
True,,Santa Banta Pvt Ltd,Santa Banta Pvt Ltd,2016,N/A,22 Apr 2016,112 min,"Comedy, Crime, Drama",Akashdeep Sabir,"Lawrence John, Akashdeep Sabir","Boman Irani, Vir Das, Neha Dhupia",Two friends and their sweet and endearing misadventures and one of these misadventures sees them land in the middle of a kidnapping investigation.,"English, Hindi",India,N/A,https://m.media-amazon.com/images/M/MV5BNDZjNDgwNmUtNDkxMC00MzQ3LWFjYWMtYTRjYTc2ZGU2ZjAzXkEyXkFqcGc@._V1_SX300.jpg,"[{'Source': 'Internet Movie Database', 'Value': '2.7/10'}]",N/A,2.7,320,tt2909396,movie,N/A,N/A,N/A,N/A,
True,,Jada,Jada,2019,N/A,06 Dec 2019,132 min,"Drama, Sport",Kumaran,N/A,"Kathir, Roshni Prakash, Yogi Babu",A team of passionate football players goes through some unexpected hurdles while participating in a local tournament in a village.,Tamil,India,N/A,https://m.media-amazon.com/images/M/MV5BZjUyZGVhMGQtMzQ3NC00NDhmLWIyZmUtNGY1YWQ1ODg3MDNkXkEyXkFqcGc@._V1_SX300.jpg,"[{'Source': 'Internet Movie Database', 'Value': '5.4/10'}]",N/A,5.4,179,tt9769714,movie,N/A,N/A,N/A,N/A,
True,,Grandmother's Farm Part 2,Grandmother's Farm Part 2,2015,N/A,07 May 2015,80 min,"Comedy, Horror, Thriller",Ahmed Zain,Ibrahim Bin Mohamed,"Mansoor Al-Fili, Salama Almazrouei, Abdullah Alramsi","After the mysterious events that occurred to 5 five friends on the farm (in part 1), they decided to go for a new adventure trip set off from Abu Dhabi to Fujairah in an mood of funny situations, but they face more frightening eve...",Arabic,United Arab Emirates,N/A,https://m.media-amazon.com/images/M/MV5BNzc0NGM0MTgtZmY2ZS00NzU2LThmMTMtMDY0MTBhYzkyZjViXkEyXkFqcGdeQXVyMTMxODk2OTU@._V1_SX300.jpg,"[{'Source': 'Internet Movie Database', 'Value': '5.3/10'}]",N/A,5.3,75,tt4658908,movie,N/A,N/A,N/A,N/A,
True,,Dieter Nuhr: Nuhr in Berlin,Dieter Nuhr: Nuhr in Berlin,2016,Not Rated,15 Nov 2016,69 min,Comedy,Volker Weicker,Dieter Nuhr,Dieter Nuhr,"The cerebral and popular German cabaret comic expounds his theories on gender norms, primal instincts and a decidedly gastrointestinal Big Bang.",German,Germany,N/A,https://m.media-amazon.com/images/M/MV5BYWU0NTNiMTctNDA5MC00NzA5LWFmMTctYjEzOTk2NzIxZWM0XkEyXkFqcGc@._V1_SX300.jpg,"[{'Source': 'Internet Movie Database', 'Value': '4.7/10'}]",N/A,4.7,79,tt6959666,movie,N/A,N/A,N/A,N/A,
True,,Ave Maria,Ave Maria,2015,N/A,24 Feb 2016,15 min,"Short, Comedy",Basil Khalil,"Daniel Ka-Chun Chan, Basil Khalil","Maria Zreik, Huda Al Imam, Shady Srour",The silent routine of 5 Nuns living in the West Bank wilderness is disturbed when an Israeli settler family breaks down right outside the convent just as the Sabbath comes into effect.,"Arabic, English, Hebrew","Occupied Palestinian Territory, France, Germany",Nominated for 1 Oscar. 13 wins & 24 nominations total,https://m.media-amazon.com/images/M/MV5BYWRmOTc0YzAtOTYwZi00ODA0LTgwMTItNTgzNmE2ZGIxMTIzXkEyXkFqcGc@._V1_SX300.jpg,"[{'Source': 'Internet Movie Database', 'Value': '6.5/10'}]",N/A,6.5,"1,435",tt4419794,movie,N/A,N/A,N/A,N/A,
True,,Niyazi Gül Dörtnala,Niyazi Gül Dörtnala,2015,N/A,08 May 2015,106 min,Comedy,Hakan Algül,"Cihan Ceylan, Ata Demirer, Ögünç Ersöz","Ata Demirer, Demet Akbag, Sebnem Bozoklu","Niyazi, a veterinarian, is on the lookout for a special elixir for animals. What he doesn't yet know is a mobster and his estranged love is also on the lookout for that elixir.",Turkish,Turkey,N/A,https://m.media-amazon.com/images/M/MV5BMTk3MjM3NjAzOV5BMl5BanBnXkFtZTgwMTAzMzYzNTE@._V1_SX300.jpg,"[{'Source': 'Internet Movie Database', 'Value': '4.5/10'}]",N/A,4.5,"3,524",tt4505260,movie,N/A,N/A,N/A,N/A,
False,Movie not found!,Sila Samayangalil,,,,,,,,,,,,,,,,,,,,,,,,,
True,,Secret of Success,From The Killing to Borgen - The Danish Secret of Success,2012,N/A,28 Apr 2012,30 min,Documentary,N/A,N/A,"Emma Jane Kirby, Piv Bernth, Sofie Gråbøl",N/A,English,United Kingdom,N/A,N/A,[],N/A,N/A,N/A,tt2147278,movie,N/A,N/A,N/A,N/A,
True,,Love Is a Story,Love Is a Story,2015,N/A,01 Nov 2015,97 min,"Comedy, Romance",Cristina Jacob,"Dan Chiriac, Cristina Jacob","Dragos Bucur, Raluca Aprodu, Ducu Darie","Near by Christmas, in an old and charming town in Transylvania, Sebastian and Aprilia start a beautiful love story. However, nothing is as simple as it would seem. Being influenced by three men with strong personalities, Aprilia n...",Romanian,Romania,N/A,https://m.media-amazon.com/images/M/MV5BMjMzNDE1MDQyOV5BMl5BanBnXkFtZTgwNTkyMDI5NjE@._V1_SX300.jpg,"[{'Source': 'Internet Movie Database', 'Value': '6.0/10'}]",N/A,6.0,480,tt3764686,movie,N/A,N/A,N/A,N/A,
True,,Motu Patlu Aur Khazaane Ki Race,Motu Patlu Aur Khazaane Ki Race,2015,N/A,26 Jan 2015,N/A,"Animation, Action, Comedy",Suhas Kadav,Niraj Vikram,N/A,"Motu and Patlu rescue a dog from a group of evil men. They find out that the men were sent by Mr Chamko to steal a locket the dog is wearing, which is the key to a hidden treasure.",Hindi,India,N/A,https://m.media-amazon.com/images/M/MV5BZDdkZjk1YTAtYjk1YS00NGY2LThjYzgtZDMxNGFjOTM5MzFlXkEyXkFqcGdeQXVyNjkyODEzOTM@._V1_SX300.jpg,[],N/A,N/A,7,tt20765946,movie,N/A,N/A,N/A,N/A,
True,,Husband Factor,Husband Factor: Resurrection,2016,N/A,N/A,108 min,"Comedy, Family, Romance",Kivanç Baruönü,N/A,"Ezgi Mola, Murat Yildirim",A girl tries to manage the demands of her traditional family's wishes and her own as she embarks on a journey to marry the love of her life,Turkish,Turkey,N/A,https://m.media-amazon.com/images/M/MV5BMTI2OWEwMmYtYzgzMS00YTViLTkxODEtOTljZmE4NDA4YWRiXkEyXkFqcGdeQXVyNDg4MjkzNDk@._V1_SX300.jpg,"[{'Source': 'Internet Movie Database', 'Value': '5.4/10'}]",N/A,5.4,305,tt5838944,movie,18 Feb 2017,N/A,N/A,N/A,
True,,Husband Factor: Resurrection,Husband Factor: Resurrection,2016,N/A,N/A,108 min,"Comedy, Family, Romance",Kivanç Baruönü,N/A,"Ezgi Mola, Murat Yildirim",A girl tries to manage the demands of her traditional family's wishes and her own as she embarks on a journey to marry the love of her life,Turkish,Turkey,N/A,https://m.media-amazon.com/images/M/MV5BMTI2OWEwMmYtYzgzMS00YTViLTkxODEtOTljZmE4NDA4YWRiXkEyXkFqcGdeQXVyNDg4MjkzNDk@._V1_SX300.jpg,"[{'Source': 'Internet Movie Database', 'Value': '5.4/10'}]",N/A,5.4,305,tt5838944,movie,18 Feb 2017,N/A,N/A,N/A,
True,,The Tour,The Tour,2014,N/A,25 Aug 2014,15 min,"Short, Horror","Alex Mathieson, Damon Rickard","Alex Mathieson, Damon Rickard","Jessica Cameron, Heather Dorff, Tom Gordon","Darkmoor Manor is England's most haunted house, its doors closed to the public. It is now just part of a tour which helps attracts visitors to a struggling town. That is until the tour guide, trying to impress two attractive Ameri...",English,United Kingdom,1 win & 1 nomination,https://m.media-amazon.com/images/M/MV5BMTY3MTY2MzI5OF5BMl5BanBnXkFtZTgwNzQ1MDU2MjE@._V1_SX300.jpg,"[{'Source': 'Internet Movie Database', 'Value': '7.0/10'}]",N/A,7.0,108,tt3518044,movie,N/A,N/A,N/A,N/A,
True,,The Super Parental Guardians,The Super Parental Guardians,2016,N/A,09 Dec 2016,115 min,Comedy,Joyce Bernal,"Vice Ganda, Coco Martin, Alpha Habon","Vice Ganda, Coco Martin, Onyok Pineda","Shortly after the murder of his friend, a young gay man accepts guardianship of her two kids while her brother tracks down her killer.","Filipino, Tagalog",Philippines,4 nominations,https://m.media-amazon.com/images/M/MV5BM2I5MDQxZTgtMGE2My00ZWNmLThiMzAtZjZmYzk3ZjUxOGViL2ltYWdlL2ltYWdlXkEyXkFqcGdeQXVyNTI5NjIyMw@@._V1_SX300.jpg,"[{'Source': 'Internet Movie Database', 'Value': '4.4/10'}]",N/A,4.4,255,tt6271110,movie,N/A,N/A,N/A,N/A,
True,,Oloibiri,Oloibiri,2015,TV-MA,01 Jan 2015,93 min,"Action, Drama, Thriller",Curtis Graham,Samantha Iwowo,"Olu Jacobs, Richard Mofe-Damijo, William R. Moses",Based on True Events. A story about the 1st oil well drilled in Nigeria and how the impact has affected a small Nigerian Delta Village( Oloibiri) and the lives of those involved.,English,"Canada, Nigeria, United States",1 win & 4 nominations,https://m.media-amazon.com/images/M/MV5BMTc3OTU0OTM3NV5BMl5BanBnXkFtZTgwMzU2NjU1NTE@._V1_SX300.jpg,"[{'Source': 'Internet Movie Database', 'Value': '5.2/10'}]",N/A,5.2,193,tt4452274,movie,N/A,N/A,N/A,N/A,
True,,Sam Kinison: The Scream Continues,Sam Kinison: The Scream Continues,2016,Not Rated,16 Sep 2016,29 min,"Documentary, Short",N/A,N/A,"Bill Kinison, Sam Kinison","Comedy Dynamics sat down with Sam Kinison's brother, Bill, to set the record straight. Including his classic performances, rare TV appearances and photos, this documentary is not to be missed by any true Sam Kinison fan!",English,United States,N/A,https://m.media-amazon.com/images/M/MV5BMmU2OGNiNzUtZDRmNy00M2JhLTliYjYtMWQxNmViMmNmNzIxXkEyXkFqcGdeQXVyMzcwMjcwNQ@@._V1_SX300.jpg,"[{'Source': 'Internet Movie Database', 'Value': '6.4/10'}]",N/A,6.4,87,tt6069058,movie,N/A,N/A,N/A,N/A,
True,,Gang of the Caribbean,Gang of the Caribbean,2016,N/A,30 Nov 2016,90 min,Thriller,Jean-Claude Flamand-Barny,"Philippe Bernard, Thomas Cheysson, Jean-Claude Flamand-Barny","Djédjé Apali, Eriq Ebouaney, Adama Niane","A gun to be heard, a pen to make yourself understood. The identical course of four young West Indians men who arrived to Paris in the 70's.",N/A,France,N/A,https://m.media-amazon.com/images/M/MV5BYTI0YWE4ODktMDUwMS00YmVjLWI0MmQtYjI1MzBhNGJkOWVlXkEyXkFqcGc@._V1_SX300.jpg,"[{'Source': 'Internet Movie Database', 'Value': '5.2/10'}]",N/A,5.2,327,tt2174084,movie,N/A,N/A,N/A,N/A,
True,,Kiss of Life,Kiss of Life,2003,N/A,02 Jan 2004,100 min,Drama,Emily Young,Emily Young,"Ingeborga Dapkunaite, Peter Mullan, David Warner","Helen lives in London with her father and her kids. John, her husband, is an aid-worker in Eastern Europe. He has been gone many months. Helen is desperately anxious that he should come home. Taking the kids to school one morning,...",English,"United Kingdom, France, Germany",Won 1 BAFTA Award3 wins & 5 nominations total,https://m.media-amazon.com/images/M/MV5BODllMWQyNDgtYTM5MS00Yzc0LTkyM2ItYTJiYmZkZjMyZjUxXkEyXkFqcGc@._V1_SX300.jpg,"[{'Source': 'Internet Movie Database', 'Value': '5.6/10'}, {'Source': 'Rotten Tomatoes', 'Value': '40%'}]",N/A,5.6,298,tt0365410,movie,N/A,N/A,N/A,N/A,
False,Movie not found!,Souk Bazaar,,,,,,,,,,,,,,,,,,,,,,,,,
True,,Everything About Her,Everything About Her,2016,TV-PG,29 Jan 2016,127 min,"Comedy, Drama",Joyce Bernal,"Mia Concio, Irene Villamor","Vilma Santos, Angel Locsin, Xian Lim","When powerful businesswoman Vilma Santos falls seriously ill, she navigates her complicated relationship with her caregiver, Angel Locsin, and her estranged son Xian Lim in this story about acceptance, love, and forgiveness.","Filipino, Tagalog",Philippines,8 wins & 23 nominations,https://m.media-amazon.com/images/M/MV5BZTg0OWQ5YTItZTIzNC00ZWI3LTk0YTAtMjQ3ZTMwNjMxMjVjXkEyXkFqcGc@._V1_SX300.jpg,"[{'Source': 'Internet Movie Database', 'Value': '7.1/10'}]",N/A,7.1,389,tt3860092,movie,N/A,N/A,N/A,N/A,
True,,The Creative Indians,The Creative Indians,2016–,N/A,15 Apr 2016,N/A,Documentary,N/A,N/A,"Nawazuddin Siddiqui, The Viral Fever, Sumer Verma","The Creative Indians is a docu-series showcasing, de-mystifying and de-constructing the lives, journeys and processes of the most impactful creative professionals and projects of India across industries like Cinema, Art, Design, M...",English,India,N/A,https://m.media-amazon.com/images/M/MV5BM2QzZjRkZTktYzEzZS00NTAwLTg1OTItZGNlNzFjYmNjODY1XkEyXkFqcGc@._V1_SX300.jpg,"[{'Source': 'Internet Movie Database', 'Value': '8.3/10'}]",N/A,8.3,51,tt9583184,series,,,,,4
False,Movie not found!,Saudi Arabia Uncovered,,,,,,,,,,,,,,,,,,,,,,,,,
True,,A Man Returned,A Man Returned,2016,N/A,23 Sep 2017,30 min,"Documentary, Short, Crime",Mahdi Fleifel,Mahdi Fleifel,Reda Al-Saleh,Love in the midst of chaos.,Arabic,"United Kingdom, Denmark, Netherlands, Lebanon",12 wins & 25 nominations,https://m.media-amazon.com/images/M/MV5BMjI5OTgyODc5N15BMl5BanBnXkFtZTgwNzU3MjAwODE@._V1_SX300.jpg,"[{'Source': 'Internet Movie Database', 'Value': '7.3/10'}]",N/A,7.3,95,tt5348550,movie,N/A,N/A,N/A,N/A,
True,,Road To High & Low,Road to High & Low,2016,N/A,07 May 2016,95 min,Drama,Shigeaki Kubo,N/A,"Shintarô Akiyama, Kôsei Amano, Nozomi Bandô","Childhood friends Cobra, Yamato form gang for academically excelling Noboru. Noboru's return leads to conflict between 5 gangs: Sanno Rengokai, WhiteRascals, Oya Koko, Rude Boys, Daruma Ikka in S.W.O.R.D area over unspecified reas...",Japanese,Japan,N/A,https://m.media-amazon.com/images/M/MV5BNWM2NGU5OTAtZmFmNC00MjI1LWI3ZDEtYzU2YzAxNzljYTdjXkEyXkFqcGc@._V1_SX300.jpg,"[{'Source': 'Internet Movie Database', 'Value': '6.6/10'}]",N/A,6.6,324,tt5659164,movie,N/A,N/A,N/A,N/A,
True,,Back to 1989,Back to 1989,2016,N/A,22 Jan 2016,73 min,Drama,N/A,N/A,"Li-Ang Chang, Yu-Wei Shao, Mini Tsai","Chen Che doesn't know who his father was and the topic is a taboo in the Chen family. When an accident threw him back to 1989, a year before he was born, he gets a chance to find out himself.",Min Nan,Taiwan,N/A,https://m.media-amazon.com/images/M/MV5BMDI0MmU1MzAtOWM5My00ZDI2LWI3ZjEtNjdiYWExMDJiNzQ0XkEyXkFqcGc@._V1_SX300.jpg,"[{'Source': 'Internet Movie Database', 'Value': '8.1/10'}]",N/A,8.1,171,tt6273088,series,,,,,1
True,,The Arbitration,The Arbitration,2016,N/A,12 Aug 2016,100 min,Drama,Niyi Akinmolayan,Chinaza Onuzo,"Fiyin Adebayo, Bimbo Ademoye, Bunmi Ajakaiye",An Arbitration panel is constituted to find out the truth when the CEO of a company who has an affair with his employee is being sued and accused of raping her.,English,Nigeria,N/A,https://m.media-amazon.com/images/M/MV5BMmUyNWZlMjktMmY3Ni00NjVlLThlN2ItYzY1M2Q1OTFjNmUxXkEyXkFqcGdeQXVyNjgxMTYxOTM@._V1_SX300.jpg,"[{'Source': 'Internet Movie Database', 'Value': '5.4/10'}]",N/A,5.4,130,tt5811182,movie,N/A,N/A,N/A,N/A,
True,,The Last Egg,The Last Egg,2016,N/A,19 Feb 2016,95 min,"Comedy, Drama","Nam Cito, Bao Nhan","Nam Cito, Bao Nhan","Huu Chau, Viet Huong, Lap Huynh","A successful and beautiful woman has always said no to marriage. Upon turning 30, she discovers she has a rare disease which will soon cause ovarian failure. How will she find a way to get pregnant before she can no longer have a ...",Vietnamese,Vietnam,N/A,https://m.media-amazon.com/images/M/MV5BYjMwM2U4MGItNzI4OS00MGY2LTliYjEtZjljZGIxYTcxZjY4XkEyXkFqcGc@._V1_SX300.jpg,"[{'Source': 'Internet Movie Database', 'Value': '4.0/10'}]",N/A,4.0,136,tt5357902,movie,N/A,N/A,N/A,N/A,
True,,Jandino: Whatever it Takes,Jandino: Whatever it Takes,2016,N/A,09 Sep 2016,95 min,Comedy,N/A,N/A,"Jandino Asporaat, Giorgio Costa, Lorenzo Elstak","Jandino Asporaat riffs on the challenges of raising kids and serenades the audience with a rousing rendition of ""Sex on Fire"" in his comedy show.","English, Dutch",Netherlands,N/A,https://m.media-amazon.com/images/M/MV5BMWE3MGVjZDktODE1YS00ZTg0LThkMDItYWMwZjE3OTI2YWQwXkEyXkFqcGdeQXVyNDY1ODY3Mw@@._V1_SX300.jpg,"[{'Source': 'Internet Movie Database', 'Value': '4.6/10'}]",N/A,4.6,33,tt6999080,movie,N/A,N/A,N/A,N/A,
True,,Gbomo Gbomo Express,Gbomo Gbomo Express,2015,N/A,02 Oct 2015,96 min,Crime,Walter Taylaur,"Scot Eritemu, Walter Taylaur","Gbenro Ajibade, Shaffy Bello, Blossom Chukwujekwu","GBOMO GBOMO EXPRESS is a gritty, dark comedy feature film about money, love and deception centered on the kidnap and ransom of a record label executive, during a night of celebration with a beautiful socialite.",English,Nigeria,1 nomination,https://m.media-amazon.com/images/M/MV5BNjg0MmE3ZjEtYTc0MS00ZTlmLWIzMTMtMGUzYTYwYTJjYTM5XkEyXkFqcGc@._V1_SX300.jpg,"[{'Source': 'Internet Movie Database', 'Value': '5.1/10'}]",N/A,5.1,54,tt4527090,movie,N/A,N/A,N/A,N/A,
True,,Janoskians: Untold and Untrue,Janoskians: Untold and Untrue,2015,Unrated,28 Aug 2015,88 min,Comedy,Brett Weiner,Brett Weiner,"Connor Ball, Brittany Behrns, Dustin Belt",A history of the Australia comedy troupe The Janoskians leading up to their live performance at Wembley Stadium.,N/A,United States,N/A,https://m.media-amazon.com/images/M/MV5BMTY2MzQyNjM2NF5BMl5BanBnXkFtZTgwNDEwMDQ1NjE@._V1_SX300.jpg,"[{'Source': 'Internet Movie Database', 'Value': '3.6/10'}]",N/A,3.6,183,tt4841640,movie,N/A,N/A,N/A,N/A,
True,,The Dream Job,The Dream Job,2016,N/A,28 Jun 2016,45 min,Family,N/A,N/A,"Shaun Chen, Rebecca Lim, Jeanette Aw","Many people harbour the hope of a 'dream job', one that pays well, offer great benefits, and with a boss who treats them like his own.",Chinese,Singapore,N/A,https://m.media-amazon.com/images/M/MV5BOTA5NTU4NDEtOWRjYy00OTVmLThkMGUtMWE5YjFhM2Q2ZmZlXkEyXkFqcGdeQXVyMjg0MTI5NzQ@._V1_SX300.jpg,"[{'Source': 'Internet Movie Database', 'Value': '6.7/10'}]",N/A,6.7,18,tt7131688,series,,,,,1
True,,Crazy Beautiful You,Crazy Beautiful You,2015,N/A,25 Feb 2015,114 min,"Comedy, Drama, Romance",Mae Czarina Cruz,"Jancy E. Nicolas, Bianca B. Bernardino, Maan Dimaculangan","Lorna Tolentino, Kathryn Bernardo, Daniel Padilla",A spoiled young girl is forced to tag along with her mom on a medical mission in Tarlac. There she meets a young man from a different world who shows her another side of life.,"Filipino, Tagalog",Philippines,4 wins & 27 nominations,https://m.media-amazon.com/images/M/MV5BNDJmYjEwOWItMDZjMi00ZWNjLWI0MjUtNjIyZDgwOTUxNmE3XkEyXkFqcGdeQXVyNTI5NjIyMw@@._V1_SX300.jpg,"[{'Source': 'Internet Movie Database', 'Value': '6.9/10'}]",N/A,6.9,976,tt4377918,movie,N/A,N/A,N/A,N/A,
True,,Tariqi: My Way,Tariqi: My Way,2015–,N/A,18 Jun 2015,N/A,"Drama, Music",N/A,N/A,"Sherine Abdel Wahab, Nada Musa, Mohamed Hatem","In the 1970s, Dalila is suffering from oppression and injustice by her aristocratic mother because Dalila is determined to be a famous singer. Along the way she experiences two love stories that will show her who is on her side on...",Arabic,Egypt,N/A,https://m.media-amazon.com/images/M/MV5BN2Q3MWMxZDYtZWI5YS00NTg0LWFhYTctY2U3YjZhNDQzZGZjXkEyXkFqcGc@._V1_SX300.jpg,"[{'Source': 'Internet Movie Database', 'Value': '7.4/10'}]",N/A,7.4,211,tt5528490,series,,,,,1
True,,Mind Game,Mind Game,2004,Not Rated,28 Oct 2021,103 min,"Animation, Adventure, Comedy","Masaaki Yuasa, Kôji Morimoto","Robin Nishi, Masaaki Yuasa","Kôji Imada, Sayaka Maeda, Takashi Fujii","After a deadly encounter with two yakuza, a loser with a crush on his childhood girlfriend goes to heaven and back, embarking on a psychedelic self-discovery experience with her and his friends.",Japanese,Japan,1 win total,https://m.media-amazon.com/images/M/MV5BMGU4ZDhlNjUtNDIxZC00MDhlLTg5YzEtNDg2NzRiNjlmOTdlXkEyXkFqcGc@._V1_SX300.jpg,"[{'Source': 'Internet Movie Database', 'Value': '7.7/10'}, {'Source': 'Rotten Tomatoes', 'Value': '100%'}, {'Source': 'Metacritic', 'Value': '66/100'}]",66,7.7,"11,360",tt0452039,movie,N/A,"$36,613",N/A,N/A,
True,,Snervous Tyler Oakley,Snervous Tyler Oakley,2015,PG-13,11 Dec 2015,82 min,Documentary,Amy Rice,N/A,"Korey Kuhl, Vinny Grosso, Luke Cutforth","After eight years of sharing snippets of his life online, see the intimate truth of Tyler Oakley's relationship with family, followers and fame on his sold out international tour.",English,United States,N/A,https://m.media-amazon.com/images/M/MV5BYzYzOWU4ZDctMjY2Ny00Mjg1LWI1YTMtY2Y5YjEwMzY0NzI3XkEyXkFqcGdeQXVyMTY5Nzc4MDY@._V1_SX300.jpg,"[{'Source': 'Internet Movie Database', 'Value': '5.5/10'}, {'Source': 'Rotten Tomatoes', 'Value': '40%'}]",N/A,5.5,482,tt5073746,movie,N/A,N/A,N/A,N/A,
True,,Sommore: The Reign Continues,Sommore: The Reign Continues,2015,N/A,N/A,N/A,Comedy,Kevin Layne,"Wayne Baxley, Sommore",Sommore,N/A,English,United States,N/A,https://m.media-amazon.com/images/M/MV5BZmE5MGNjOTMtYTFkMi00NzlkLWIxNDktNzI0ODBiOTlhMjEwXkEyXkFqcGdeQXVyMTMxODk2OTU@._V1_SX300.jpg,"[{'Source': 'Internet Movie Database', 'Value': '6.9/10'}]",N/A,6.9,83,tt4172758,movie,N/A,N/A,N/A,N/A,
True,,Hajwala: The Missing Engine,Hajwala: The Missing Engine,2016,PG-13,29 Sep 2016,96 min,"Action, Adventure, Crime","Ali Bin Matar, Ibrahim Bin Mohamed, Hasan Aljaberi","Hasan Aljaberi, Ibrahim Bin Mohamed","Anwar Aljabri, Haleem Aljabri, Omar Aljabri","Khalid and Kehailan are two team leaders who are passionate about car racing and challenges. They enter into a crazy competition to win the challenge involving a lot of surprises, which unexpectedly change both their lives.",Arabic,United Arab Emirates,N/A,https://m.media-amazon.com/images/M/MV5BNTA5OTQ0NWItZTk1YS00OGU5LTk1ZjktNmVhNjg5ZmUxZDE2XkEyXkFqcGc@._V1_SX300.jpg,"[{'Source': 'Internet Movie Database', 'Value': '2.0/10'}]",N/A,2.0,282,tt6200274,movie,N/A,N/A,N/A,N/A,
True,,Just the Way You Are,Just the Way You Are,2015,TV-G,09 May 2015,84 min,"Comedy, Drama, Romance",Kristoffer Tabori,"Harvey Frost, Michael J. Murray","Candace Cameron Bure, Ty Olsson, Farryn VanHumbeck","A successful matchmaker has suddenly lost the spark in her own marriage after 15 years, so Jennie insists her husband, Ian, to go on a blind date-with her. By rediscovering each other as ""newly-mets,"" they get a second chance to f...",English,Canada,N/A,https://m.media-amazon.com/images/M/MV5BZmYxYjU2MDAtMjQzOS00ZjE5LTkzYjctODdjYmYwZDcxN2RlXkEyXkFqcGc@._V1_SX300.jpg,"[{'Source': 'Internet Movie Database', 'Value': '5.8/10'}]",N/A,5.8,"1,356",tt4380580,movie,N/A,N/A,N/A,N/A,
True,,Dedemin Fişi,Dedemin Fisi,2016,N/A,10 Mar 2017,100 min,"Comedy, Family",Meltem Bozoflu,"Yilmaz Erdogan, Sila Çetindag, Ayberk Sak","Aziz Aslan, Hatice Aslan, Kivanç Baran Aslan",Estranged family members re-unite to determine whether to pull the family patriarch out of life support or not.,Turkish,Turkey,N/A,https://m.media-amazon.com/images/M/MV5BODQ2MTk4NzQxN15BMl5BanBnXkFtZTgwNTU3NTU1NzE@._V1_SX300.jpg,"[{'Source': 'Internet Movie Database', 'Value': '5.6/10'}]",N/A,5.6,"4,096",tt5191238,movie,N/A,N/A,N/A,N/A,
True,,The Unmarried Wife,The Unmarried Wife,2016,N/A,25 Nov 2016,130 min,"Drama, Romance",Maryo J. de los Reyes,"Keiko Aquino, Vanessa R. Valdez","Angelica Panganiban, Dingdong Dantes, Paulo Avelino",A businesswoman confronts her husband about his infidelity.,"Tagalog, Filipino",Philippines,2 wins & 21 nominations,https://m.media-amazon.com/images/M/MV5BNjk3OTFmMmQtMjhkZC00ZWM4LWE4YmUtM2NkMzY0YTA2NjI1L2ltYWdlL2ltYWdlXkEyXkFqcGdeQXVyNTI5NjIyMw@@._V1_SX300.jpg,"[{'Source': 'Internet Movie Database', 'Value': '5.9/10'}]",N/A,5.9,217,tt5755796,movie,N/A,N/A,N/A,N/A,
False,Movie not found!,Bibik Bibikku,,,,,,,,,,,,,,,,,,,,,,,,,
True,,My Stupid Boss,My Stupid Boss,2016,TV-14,19 May 2016,108 min,Comedy,Upi Avianto,Upi Avianto,"Bunga Citra Lestari, Reza Rahadian, Alex Abbad",Diana (Bunga Citra Lestari) lives in Kuala Lumpur following her husband who works there. Diana then applied to work at a company owned by Bossman. Bossman happened to be her husband's college friend while in America.,"Indonesian, Malay, English",Indonesia,6 wins & 13 nominations,https://m.media-amazon.com/images/M/MV5BODNlNTM5NzMtZTRiNy00YmExLWIyNTQtN2RiYmRkNGIyZWIxXkEyXkFqcGc@._V1_SX300.jpg,"[{'Source': 'Internet Movie Database', 'Value': '7.1/10'}]",N/A,7.1,"1,849",tt5514296,movie,N/A,N/A,N/A,N/A,
True,,The Third Party,The Third Party,2016,N/A,12 Oct 2016,118 min,"Comedy, Romance",Jason Paul Laxamana,"Enrico C. Santos, Charlene Sawit-Esguerra, Patrick John Valencia","Angel Locsin, Zanjoe Marudo, Sam Milby","Andi, an aspiring fashion designer, is trying to win back her first love slash ex-beau, Max, a surgeon. Andi thought her plan to win Max's heart will go smoothly, but Max found a new love unto a gay pediatrician named Christian.","Filipino, Tagalog",Philippines,1 nomination,https://m.media-amazon.com/images/M/MV5BM2JmMTc1NDItNTBiMi00M2Q0LTkzYzMtNTc5NTA2NDM3OGNhXkEyXkFqcGc@._V1_SX300.jpg,"[{'Source': 'Internet Movie Database', 'Value': '6.1/10'}]",N/A,6.1,316,tt6088634,movie,N/A,N/A,N/A,N/A,
True,,Ojukokoro (Greed),Ojukokoro: Greed,2016,N/A,17 Mar 2017,110 min,"Comedy, Crime, Thriller",Dare Olaitan,Dare Olaitan,"Charles Etubiebi, Tope Tedela, Seun Ajayi","Ojukokoro tells the story of what happens when a broke manager in a money laundering petrol station, decides to rob the petrol station that employs him but along this journey finds out that there are different kinds of criminals t...","English, Yoruba",Nigeria,3 nominations,https://m.media-amazon.com/images/M/MV5BMTc4ZmViZDUtNWFkOS00MmUyLTkwMWQtYmI1ZGM5YmYxZWI5XkEyXkFqcGdeQXVyNzQxNzczMzM@._V1_SX300.jpg,"[{'Source': 'Internet Movie Database', 'Value': '6.6/10'}]",N/A,6.6,67,tt6660922,movie,N/A,N/A,N/A,N/A,
True,,Lakeeran,Lakeeran,2016,N/A,21 Oct 2016,113 min,Drama,N/A,Nihal Purba,"Yuvika Chaudhary, Kamalpreet Kaur, Satwant Kaur","Upset over his role in the accidental death of a Sikh, a young Punjabi man living abroad returns to India and falls for a widow whose husband died in similar circumstances.",Punjabi,India,N/A,https://m.media-amazon.com/images/M/MV5BYzRkYmM0YTctYjBhNi00MTEwLWE3YzQtMDI0MDc5OGE4MzA3XkEyXkFqcGdeQXVyODE5NzE3OTE@._V1_SX300.jpg,"[{'Source': 'Internet Movie Database', 'Value': '6.4/10'}]",N/A,6.4,36,tt6115284,movie,N/A,N/A,N/A,N/A,
True,,,The Nan Movie,2022,N/A,18 Mar 2022,95 min,"Adventure, Comedy",Josie Rourke,"Catherine Tate, Brett Goldstein","Paul Reid, Emer Hedderman, Rosalie Craig","A foul-mouthed and recalcitrant elderly woman reluctantly agrees to a road trip with her grandson to visit her estranged, dying sister.",English,United Kingdom,1 win & 2 nominations,https://m.media-amazon.com/images/M/MV5BZDIyNDE2ZjItNjNlOC00MTJjLTg1NWQtZDVmYWM5ZTNmODlkXkEyXkFqcGc@._V1_SX300.jpg,"[{'Source': 'Internet Movie Database', 'Value': '4.8/10'}, {'Source': 'Rotten Tomatoes', 'Value': '0%'}]",N/A,4.8,"1,589",tt10398318,movie,N/A,N/A,N/A,N/A,
True,,Time Out,Time Out,2001,PG-13,14 Nov 2001,134 min,Drama,Laurent Cantet,"Robin Campillo, Laurent Cantet","Aurélien Recoing, Karin Viard, Serge Livrozet",An unemployed man finds his life sinking more and more into trouble as he hides his situation from his family and friends.,French,France,3 wins & 8 nominations,https://m.media-amazon.com/images/M/MV5BZTgyOWQ0MjYtYjVlZC00M2RmLWE0YWUtYWVjZjU5OTUzZmFjXkEyXkFqcGc@._V1_SX300.jpg,"[{'Source': 'Internet Movie Database', 'Value': '7.3/10'}, {'Source': 'Rotten Tomatoes', 'Value': '95%'}, {'Source': 'Metacritic', 'Value': '88/100'}]",88,7.3,"5,084",tt0279065,movie,N/A,"$448,542",N/A,N/A,
True,,Derry Girls,Derry Girls,2018–2022,TV-MA,21 Dec 2018,30 min,Comedy,N/A,Lisa McGee,"Saoirse-Monica Jackson, Louisa Harland, Tara Lynne O'Neill",The personal exploits of a 16-year-old girl and her family and friends during the Troubles in the early 1990s in Northern Ireland.,English,United Kingdom,Won 3 BAFTA 20 wins & 18 nominations total,https://m.media-amazon.com/images/M/MV5BZjVhN2FhMzctZDlkMS00NTY3LWEyZmEtOTE5NDlkN2JkNDE3XkEyXkFqcGc@._V1_SX300.jpg,"[{'Source': 'Internet Movie Database', 'Value': '8.5/10'}]",N/A,8.5,"70,952",tt7120662,series,,,,,3
True,,The Sinner,The Sinner,2017–2021,TV-MA,02 Aug 2017,1 min,"Crime, Drama, Mystery",Antonio Campos,Derek Simonds,"Bill Pullman, Jessica Hecht, Dohn Norwood","Detective Ambrose employs some unusual tactics, and a deep capacity for empathy to solve his cases. His boundless dedication is driven by his dark past, leading him into powerful and often dangerously intimate bonds with his suspe...",English,United States,Nominated for 1 Primetime Emmy. 3 wins & 17 nominations total,https://m.media-amazon.com/images/M/MV5BMTRkNGZlMjUtZGVhZi00YjgzLTgwZmMtMGVlZTc4OGUzODk1XkEyXkFqcGc@._V1_SX300.jpg,"[{'Source': 'Internet Movie Database', 'Value': '7.8/10'}]",N/A,7.8,"148,512",tt6048596,series,,,,,4
True,,Leave No Trace,Leave No Trace,2018,PG,29 Jun 2018,109 min,"Adventure, Drama",Debra Granik,"Debra Granik, Anne Rosellini, Peter Rock","Thomasin McKenzie, Ben Foster, Jeffery Rifflard","A father and his seventeen-year-old daughter are living an ideal existence in a vast urban park in Portland, Oregon when a small mistake derails their lives forever.",English,"United States, Canada",18 wins & 92 nominations total,https://m.media-amazon.com/images/M/MV5BMjE3OTI1MTU0OV5BMl5BanBnXkFtZTgwNTg1MzkzNTM@._V1_SX300.jpg,"[{'Source': 'Internet Movie Database', 'Value': '7.1/10'}, {'Source': 'Rotten Tomatoes', 'Value': '100%'}, {'Source': 'Metacritic', 'Value': '88/100'}]",88,7.1,"69,032",tt3892172,movie,N/A,"$6,046,104",N/A,N/A,
True,,Ozark,Ozark,2017–2022,TV-MA,21 Jul 2017,60 min,"Crime, Drama, Thriller",N/A,"Bill Dubuque, Mark Williams","Jason Bateman, Laura Linney, Sofia Hublitz","A financial advisor drags his family from Chicago to the Missouri Ozarks, where he must launder money to appease a drug boss.",English,United States,Won 4 Primetime Emmys. 24 wins & 176 nominations total,https://m.media-amazon.com/images/M/MV5BZDk1ZTdjOWItNTJmYS00MGIzLThmY2ItZWNiOGY5MzJlNTA5XkEyXkFqcGc@._V1_SX300.jpg,"[{'Source': 'Internet Movie Database', 'Value': '8.4/10'}]",N/A,8.4,"377,380",tt5071412,series,,,,,4
True,,Blade Runner 2049,Blade Runner 2049,2017,R,06 Oct 2017,164 min,"Action, Drama, Mystery",Denis Villeneuve,"Hampton Fancher, Michael Green, Philip K. Dick","Harrison Ford, Ryan Gosling, Ana de Armas","Young Blade Runner K's discovery of a long-buried secret leads him to track down former Blade Runner Rick Deckard, who's been missing for thirty years.",English,"United States, Canada, Spain",Won 2 Oscars. 100 wins & 164 nominations total,https://m.media-amazon.com/images/M/MV5BNzA1Njg4NzYxOV5BMl5BanBnXkFtZTgwODk5NjU3MzI@._V1_SX300.jpg,"[{'Source': 'Internet Movie Database', 'Value': '8.0/10'}, {'Source': 'Rotten Tomatoes', 'Value': '88%'}, {'Source': 'Metacritic', 'Value': '81/100'}]",81,8.0,"726,193",tt1856101,movie,N/A,"$92,071,675",N/A,N/A,
True,,Dark,Dark,2017–2020,TV-MA,01 Dec 2017,60 min,"Crime, Drama, Mystery",N/A,"Baran bo Odar, Jantje Friese","Louis Hofmann, Karoline Eichhorn, Lisa Vicari","A family saga with a supernatural twist, set in a German town where the disappearance of two young children exposes the relationships among four families.","German, English, German Sign ","Germany, United States",8 wins & 23 nominations total,https://m.media-amazon.com/images/M/MV5BOWJjMGViY2UtNTAzNS00ZGFjLWFkNTMtMDBiMDMyZTM1NTY3XkEyXkFqcGc@._V1_SX300.jpg,"[{'Source': 'Internet Movie Database', 'Value': '8.7/10'}]",N/A,8.7,"506,002",tt5753856,series,,,,,3
True,,12 Strong,12 Strong,2018,R,19 Jan 2018,130 min,"Action, Drama, History",Nicolai Fuglsig,"Ted Tally, Peter Craig, Doug Stanton","Chris Hemsworth, Michael Shannon, Michael Peña","12 Strong tells the story of the first Special Forces team deployed to Afghanistan after 9/11; under the leadership of a new captain, the team must work with an Afghan warlord to take down the Taliban.","English, Dari, Russian, Spanish, Uzbek",United States,3 nominations total,https://m.media-amazon.com/images/M/MV5BNTEzMjk3NzkxMV5BMl5BanBnXkFtZTgwNjY2NDczNDM@._V1_SX300.jpg,"[{'Source': 'Internet Movie Database', 'Value': '6.5/10'}, {'Source': 'Rotten Tomatoes', 'Value': '50%'}, {'Source': 'Metacritic', 'Value': '54/100'}]",54,6.5,"97,951",tt1413492,movie,N/A,"$45,819,713",N/A,N/A,
True,,It,It,2017,R,08 Sep 2017,135 min,Horror,Andy Muschietti,"Chase Palmer, Cary Joji Fukunaga, Gary Dauberman","Bill Skarsgård, Jaeden Martell, Finn Wolfhard","In the summer of 1989, a group of bullied kids band together to destroy a shape-shifting monster, which disguises itself as a clown and preys on the children of Derry, their small Maine town.","English, Hebrew","United States, Canada",12 wins & 49 nominations total,https://m.media-amazon.com/images/M/MV5BZGZmOTZjNzUtOTE4OS00OGM3LWJiNGEtZjk4Yzg2M2Q1YzYxXkEyXkFqcGc@._V1_SX300.jpg,"[{'Source': 'Internet Movie Database', 'Value': '7.3/10'}, {'Source': 'Rotten Tomatoes', 'Value': '85%'}, {'Source': 'Metacritic', 'Value': '69/100'}]",69,7.3,"651,434",tt1396484,movie,N/A,"$328,874,981",N/A,N/A,
True,,Legacies,Legacies,2018–2022,TV-14,25 Oct 2018,45 min,"Adventure, Drama, Fantasy",N/A,Julie Plec,"Danielle Rose Russell, Aria Shahghasemi, Quincy Fouse","Hope Mikaelson, a tribrid daughter of a Vampire/Werewolf hybrid, makes her way in the world.",English,United States,3 nominations total,https://m.media-amazon.com/images/M/MV5BZmMzYzYwMjItOWRiNi00NmU3LWI2ZjktOWFjYzI5ZmI4ZDI0XkEyXkFqcGc@._V1_SX300.jpg,"[{'Source': 'Internet Movie Database', 'Value': '7.2/10'}]",N/A,7.2,"40,422",tt8103070,series,,,,,4
True,,Manifest,Manifest,2018–2023,TV-14,24 Sep 2018,43 min,"Drama, Mystery, Sci-Fi",N/A,Jeff Rake,"Melissa Roxburgh, Josh Dallas, J.R. Ramirez","When a commercial airliner suddenly reappears after being missing for five years, those aboard must reintegrate into society.",English,United States,1 win & 6 nominations total,https://m.media-amazon.com/images/M/MV5BMTFlNjg0YjAtYzMwOC00Zjc0LTkwYjAtZmRiYzdjNjcyYjc2XkEyXkFqcGc@._V1_SX300.jpg,"[{'Source': 'Internet Movie Database', 'Value': '7.0/10'}]",N/A,7.0,"100,135",tt8421350,series,,,,,4
True,,Riverdale,Riverdale,2017–2023,TV-14,26 Jan 2017,45 min,"Crime, Drama, Mystery",N/A,Roberto Aguirre-Sacasa,"Lili Reinhart, Camila Mendes, Cole Sprouse","While navigating the troubled waters of romance, school and family, Archie and his gang become entangled in dark Riverdale mysteries.",English,United States,39 wins & 82 nominations total,https://m.media-amazon.com/images/M/MV5BMjA0NjA5NzY3M15BMl5BanBnXkFtZTgwMjQwMDQzMzI@._V1_SX300.jpg,"[{'Source': 'Internet Movie Database', 'Value': '6.4/10'}]",N/A,6.4,"162,554",tt5420376,series,,,,,7
True,,Wind River,Wind River,2017,R,18 Aug 2017,107 min,"Crime, Drama, Mystery",Taylor Sheridan,Taylor Sheridan,"Elizabeth Olsen, Jeremy Renner, Graham Greene",A wildlife officer helps an FBI agent investigate a murder on an American Indian reservation.,English,"United Kingdom, France, United States, Canada",17 wins & 27 nominations total,https://m.media-amazon.com/images/M/MV5BMTUyMjU1OTUwM15BMl5BanBnXkFtZTgwMDg1NDQ2MjI@._V1_SX300.jpg,"[{'Source': 'Internet Movie Database', 'Value': '7.7/10'}, {'Source': 'Rotten Tomatoes', 'Value': '87%'}, {'Source': 'Metacritic', 'Value': '73/100'}]",73,7.7,"300,809",tt5362988,movie,N/A,"$33,800,859",N/A,N/A,
True,,Sorry to Bother You,Sorry to Bother You,2018,R,13 Jul 2018,112 min,"Comedy, Drama, Fantasy",Boots Riley,Boots Riley,"LaKeith Stanfield, Tessa Thompson, Jermaine Fowler","In an alternate present-day version of Oakland, telemarketer Cassius Green discovers a magical key to professional success, propelling him into a universe of greed.",English,United States,20 wins & 56 nominations total,https://m.media-amazon.com/images/M/MV5BYjA3ZTYwMzctZTM2ZS00MTllLWE5YzYtOTBjZGRlOTNkODVlXkEyXkFqcGc@._V1_SX300.jpg,"[{'Source': 'Internet Movie Database', 'Value': '6.9/10'}, {'Source': 'Rotten Tomatoes', 'Value': '93%'}, {'Source': 'Metacritic', 'Value': '78/100'}]",78,6.9,"92,429",tt5688932,movie,N/A,"$17,493,096",N/A,N/A,
True,,Dunkirk,Dunkirk,2017,PG-13,21 Jul 2017,106 min,"Action, Drama, History",Christopher Nolan,Christopher Nolan,"Fionn Whitehead, Barry Keoghan, Mark Rylance","Allied soldiers from Belgium, the British Commonwealth and Empire, and France are surrounded by the German Army and evacuated during a fierce battle in World War II.","English, French, German","United Kingdom, Netherlands, France, United States",Won 3 Oscars. 68 wins & 236 nominations total,https://m.media-amazon.com/images/M/MV5BZWU5ZjJkNTQtMzQwOS00ZGE4LWJkMWUtMGQ5YjdiM2FhYmRhXkEyXkFqcGc@._V1_SX300.jpg,"[{'Source': 'Internet Movie Database', 'Value': '7.8/10'}, {'Source': 'Rotten Tomatoes', 'Value': '92%'}, {'Source': 'Metacritic', 'Value': '94/100'}]",94,7.8,"785,017",tt5013056,movie,N/A,"$189,740,665",N/A,N/A,
True,,Cobra Kai,Cobra Kai,2018–2025,TV-14,02 May 2018,30 min,"Action, Comedy, Drama",N/A,"Josh Heald, Jon Hurwitz, Hayden Schlossberg","Ralph Macchio, William Zabka, Courtney Henggeler","Decades after their 1984 All Valley Karate Tournament bout, a middle-aged Daniel LaRusso and Johnny Lawrence find themselves martial-arts rivals again.","English, Spanish",United States,Nominated for 11 Primetime Emmys. 7 wins & 70 nominations total,https://m.media-amazon.com/images/M/MV5BYjA3NDkwNzktNjJkYi00ODNhLWFhYzQtYzk5NjU4MDM0OWZmXkEyXkFqcGc@._V1_SX300.jpg,"[{'Source': 'Internet Movie Database', 'Value': '8.4/10'}]",N/A,8.4,"235,542",tt7221388,series,,,,,6
True,,Vice,Vice,2018,R,25 Dec 2018,132 min,"Biography, Comedy, Drama",Adam McKay,Adam McKay,"Christian Bale, Amy Adams, Steve Carell","The story of Dick Cheney, an unassuming bureaucratic Washington insider, who quietly wielded immense power as Vice President to George W. Bush, reshaping the country and the globe in ways that are still felt today.","English, Arabic",United States,Won 1 Oscar. 35 wins & 139 nominations total,https://m.media-amazon.com/images/M/MV5BMTY1NjM0MzgxMV5BMl5BanBnXkFtZTgwNDc4NTY0NjM@._V1_SX300.jpg,"[{'Source': 'Internet Movie Database', 'Value': '7.2/10'}, {'Source': 'Rotten Tomatoes', 'Value': '64%'}, {'Source': 'Metacritic', 'Value': '61/100'}]",61,7.2,"171,039",tt6266538,movie,N/A,"$47,836,282",N/A,N/A,
True,,Mindhunter,Mindhunter,2017–2019,TV-MA,13 Oct 2017,60 min,"Crime, Drama, Mystery",N/A,Joe Penhall,"Jonathan Groff, Holt McCallany, Anna Torv","In the late 1970s, two FBI agents broaden the realm of criminal science by investigating the psychology behind murder and end up getting too close to real-life monsters.",English,United States,Nominated for 2 Primetime Emmys. 5 wins & 34 nominations total,https://m.media-amazon.com/images/M/MV5BYTk4NDA4MGMtNjliOC00MjExLWI1YzctOTc4NWIxM2I1YjM5XkEyXkFqcGc@._V1_SX300.jpg,"[{'Source': 'Internet Movie Database', 'Value': '8.6/10'}]",N/A,8.6,"376,472",tt5290382,series,,,,,2
True,,Phantom Thread,Phantom Thread,2017,R,19 Jan 2018,130 min,"Drama, Romance",Paul Thomas Anderson,Paul Thomas Anderson,"Vicky Krieps, Daniel Day-Lewis, Lesley Manville","Set in 1950s London, Reynolds Woodcock is a renowned dressmaker whose fastidious life is disrupted by a young, strong-willed woman, Alma, who becomes his muse and lover.","English, French","United States, China",Won 1 Oscar. 55 wins & 121 nominations total,https://m.media-amazon.com/images/M/MV5BOTMzNWNhNDctMTM2MC00N2EwLThjYTEtMmQ2ZDAyNDVlNzgyXkEyXkFqcGc@._V1_SX300.jpg,"[{'Source': 'Internet Movie Database', 'Value': '7.4/10'}, {'Source': 'Rotten Tomatoes', 'Value': '91%'}, {'Source': 'Metacritic', 'Value': '90/100'}]",90,7.4,"153,730",tt5776858,movie,N/A,"$21,198,205",N/A,N/A,
True,,Money Heist,Money Heist,2017–2021,TV-MA,02 May 2017,70 min,"Action, Crime, Drama",N/A,Álex Pina,"Úrsula Corberó, Álvaro Morte, Itziar Ituño",An unusual group of robbers attempt to carry out the most perfect robbery in Spanish history - stealing 2.4 billion euros from the Royal Mint of Spain.,"Spanish, Russian, Serbian, English",Spain,38 wins & 45 nominations total,https://m.media-amazon.com/images/M/MV5BZjkxZWJiNTUtYjQwYS00MTBlLTgwODQtM2FkNWMyMjMwOGZiXkEyXkFqcGc@._V1_SX300.jpg,"[{'Source': 'Internet Movie Database', 'Value': '8.2/10'}]",N/A,8.2,"583,406",tt6468322,series,,,,,5
True,,All American,All American,2018–,TV-14,10 Oct 2018,45 min,"Drama, Sport",N/A,April Blair,"Michael Evans Behling, Greta Onieogou, Bre-Z","When a star high school football player from South Central is recruited to play for Beverly Hills High School, two separate worlds collide.",English,United States,2 wins & 9 nominations total,https://m.media-amazon.com/images/M/MV5BMjZhNDFkZDEtMmFiNC00ZWM0LWJhY2MtNzNiYTdiMmQyNmNmXkEyXkFqcGc@._V1_SX300.jpg,"[{'Source': 'Internet Movie Database', 'Value': '7.6/10'}]",N/A,7.6,"15,987",tt7414406,series,,,,,7
True,,You,You,2018–2025,TV-MA,09 Sep 2018,45 min,"Crime, Drama, Romance",N/A,"Greg Berlanti, Sera Gamble","Penn Badgley, Victoria Pedretti, Charlotte Ritchie",He's the perfect man - until his love becomes the most dangerous thing in your life.,English,United States,4 wins & 11 nominations total,https://m.media-amazon.com/images/M/MV5BMTVlYmRhMWQtNmE0Yi00ODM1LWEzMWEtNTQzZGZhODRmZTE0XkEyXkFqcGc@._V1_SX300.jpg,"[{'Source': 'Internet Movie Database', 'Value': '7.6/10'}]",N/A,7.6,"349,657",tt7335184,series,,,,,5
True,,Molly's Game,Molly's Game,2017,R,05 Jan 2018,140 min,"Biography, Crime, Drama",Aaron Sorkin,"Aaron Sorkin, Molly Bloom","Jessica Chastain, Idris Elba, Kevin Costner","The true story of Molly Bloom, an Olympic-class skier who ran the world's most exclusive high-stakes poker game and became an FBI target.","English, French","United States, Canada, China",Nominated for 1 Oscar. 8 wins & 51 nominations total,https://m.media-amazon.com/images/M/MV5BNmYxYTg1ZDktNjc1Yy00MjVlLTk2Y2MtNmMzZTBkZDNjZjdlXkEyXkFqcGc@._V1_SX300.jpg,"[{'Source': 'Internet Movie Database', 'Value': '7.4/10'}, {'Source': 'Rotten Tomatoes', 'Value': '82%'}, {'Source': 'Metacritic', 'Value': '71/100'}]",71,7.4,"198,739",tt4209788,movie,N/A,"$28,780,744",N/A,N/A,
True,,Den of Thieves,Den of Thieves,2018,R,19 Jan 2018,140 min,"Action, Crime, Drama",Christian Gudegast,"Christian Gudegast, Paul T. Scheuring","Gerard Butler, Pablo Schreiber, O'Shea Jackson Jr.",An elite unit of the LA County Sheriff's Dept. and the state's most successful bank robbery crew clash as the outlaws plan a seemingly impossible heist on the Federal Reserve Bank.,"English, Polynesian, Spanish",United States,1 nomination total,https://m.media-amazon.com/images/M/MV5BMzYyODcwMDAyM15BMl5BanBnXkFtZTgwOTA4MjIwNDI@._V1_SX300.jpg,"[{'Source': 'Internet Movie Database', 'Value': '7.0/10'}, {'Source': 'Rotten Tomatoes', 'Value': '42%'}, {'Source': 'Metacritic', 'Value': '49/100'}]",49,7.0,"148,332",tt1259528,movie,N/A,"$44,947,622",N/A,N/A,
True,,Lost in Space,Lost in Space,2018–2021,TV-PG,13 Apr 2018,60 min,"Adventure, Drama, Family",N/A,"Irwin Allen, Matt Sazama, Burk Sharpless","Molly Parker, Toby Stephens, Maxwell Jenkins","After crash-landing on an alien planet, the Robinson family fight against all odds to survive and escape, but they're surrounded by hidden dangers.",English,United States,Nominated for 3 Primetime Emmys. 8 wins & 31 nominations total,https://m.media-amazon.com/images/M/MV5BMTU1MzAwODM4OF5BMl5BanBnXkFtZTgwMjA4OTY5NDM@._V1_SX300.jpg,"[{'Source': 'Internet Movie Database', 'Value': '7.3/10'}]",N/A,7.3,"110,555",tt5232792,series,,,,,3
True,,Rise of the Teenage Mutant Ninja Turtles,Rise of the Teenage Mutant Ninja Turtles,2018–2020,TV-Y7-FV,20 Jul 2018,N/A,"Animation, Action, Adventure",N/A,"Andy Suriano, Ant Ward","Ben Schwartz, Brandon Mychal Smith, Omar Benson Miller",Four mutant turtle brothers go on adventures where they end up tapping into mystic ninja powers.,English,"United States, Australia, India",1 win & 9 nominations total,https://m.media-amazon.com/images/M/MV5BOWRjNGVjNWEtOGQ2OS00ODg2LThkYmQtMDhlZTc4ZWE5N2VhXkEyXkFqcGc@._V1_SX300.jpg,"[{'Source': 'Internet Movie Database', 'Value': '5.9/10'}]",N/A,5.9,"6,679",tt6601082,series,,,,,2
True,,American Vandal,American Vandal,2017–2018,TV-MA,15 Sep 2017,34 min,"Comedy, Crime, Drama",N/A,"Dan Perrault, Tony Yacenda","Tyler Alvarez, Griffin Gluck, Jimmy Tatro",A true-crime satire that explores the aftermath of a costly high school prank that left twenty-seven faculty cars vandalized with phallic images.,English,United States,Nominated for 1 Primetime Emmy. 3 wins & 20 nominations total,https://m.media-amazon.com/images/M/MV5BMzU4YTYzY2UtNGM5Yi00NzYyLTliOWItZDBjYjhjY2U1NzNmXkEyXkFqcGc@._V1_SX300.jpg,"[{'Source': 'Internet Movie Database', 'Value': '8.1/10'}]",N/A,8.1,"33,800",tt6877772,series,,,,,2
True,,Godless,Godless,2017,TV-MA,22 Nov 2017,452 min,"Action, Drama, Western",N/A,N/A,"Jack O'Connell, Michelle Dockery, Scoot McNairy","In the 1880s American West, murderous outlaw gang leader Frank Griffin hunts for ex-protege Roy Goode. Frank's chase leads him to La Belle, New Mexico--a town inhabited, after a mining disaster, almost entirely by women.",English,United States,Won 3 Primetime Emmys. 8 wins & 27 nominations total,https://m.media-amazon.com/images/M/MV5BMTY0NzkxNDcxNF5BMl5BanBnXkFtZTgwOTI5ODM5MzI@._V1_SX300.jpg,"[{'Source': 'Internet Movie Database', 'Value': '8.2/10'}]",N/A,8.2,"87,966",tt5516154,series,,,,,1
True,,Somebody Feed Phil,Somebody Feed Phil,2018–,TV-14,12 Jan 2018,2 min,"Documentary, Adventure",N/A,N/A,"Phil Rosenthal, Monica Horan, Rich Rosenthal",Phil travels around the world sampling food and tradition with friends and a sense of humor.,English,United States,Nominated for 2 Primetime Emmys. 2 wins & 3 nominations total,https://m.media-amazon.com/images/M/MV5BMjhjOTUxM2ItMDI5My00OWMzLWIzOTMtYWU5YzkyN2Q5MjNhXkEyXkFqcGc@._V1_SX300.jpg,"[{'Source': 'Internet Movie Database', 'Value': '8.3/10'}]",N/A,8.3,"7,587",tt7752034,series,,,,,8
True,,Manhunt,Manhunt,2017–2020,TV-14,01 Aug 2017,2 min,"Biography, Crime, Drama",N/A,"Andrew Sodroski, Jim Clemente, Tony Gittelson","Gethin Anthony, Arliss Howard, Kelly Jenrette","An in-depth look at how an FBI profiler helped track down the terrorist Ted Kaczynski, the Unabomber.",English,United States,2 nominations total,https://m.media-amazon.com/images/M/MV5BOTcxMjEyMzc4NV5BMl5BanBnXkFtZTgwOTQ4MjE4MjI@._V1_SX300.jpg,"[{'Source': 'Internet Movie Database', 'Value': '8.1/10'}]",N/A,8.1,"65,860",tt5618256,series,,,,,2
True,,The Haunting of Hill House,The Haunting of Hill House,2018,TV-MA,12 Oct 2018,572 min,"Drama, Horror, Mystery",N/A,Mike Flanagan,"Michiel Huisman, Carla Gugino, Henry Thomas","Flashing between past and present, a fractured family confronts haunting memories of their old home and the terrifying events that drove them from it.",English,United States,9 wins & 36 nominations total,https://m.media-amazon.com/images/M/MV5BMTU4NzA4MDEwNF5BMl5BanBnXkFtZTgwMTQxODYzNjM@._V1_SX300.jpg,"[{'Source': 'Internet Movie Database', 'Value': '8.5/10'}]",N/A,8.5,"315,394",tt6763664,series,,,,,1
True,,CHiPS,CHIPS,2017,R,24 Mar 2017,100 min,"Action, Comedy, Crime",Dax Shepard,"Rick Rosner, Dax Shepard","Michael Peña, Dax Shepard, Vincent D'Onofrio",An inexperienced rookie is teamed up with a hardened pro at the California Highway Patrol in Los Angeles; the newbie officer soon learns his partner is really an undercover Fed investigating a heist which may involve some crooked ...,"English, Spanish",United States,2 wins & 1 nomination total,https://m.media-amazon.com/images/M/MV5BZjFjYmUwMGYtYWNkMS00ZTYwLWFjMjItNmNlYmJjZWVkODVhXkEyXkFqcGc@._V1_SX300.jpg,"[{'Source': 'Internet Movie Database', 'Value': '6.0/10'}, {'Source': 'Rotten Tomatoes', 'Value': '20%'}, {'Source': 'Metacritic', 'Value': '28/100'}]",28,6.0,"53,050",tt0493405,movie,N/A,"$18,600,152",N/A,N/A,
True,,The Ballad of Buster Scruggs,The Ballad of Buster Scruggs,2018,R,09 Nov 2018,133 min,"Comedy, Drama, Musical","Ethan Coen, Joel Coen","Joel Coen, Ethan Coen, Jack London","Tim Blake Nelson, Willie Watson, Clancy Brown","Six tales of life and violence in the Old West, following a singing gunslinger, a bank robber, a traveling impresario, an elderly prospector, a wagon train and a perverse pair of bounty hunters.","English, French",United States,Nominated for 3 Oscars. 6 wins & 38 nominations total,https://m.media-amazon.com/images/M/MV5BOTc0MzZjYTktYzBlZC00MmViLTgyNDYtNjljNTcxMzdjODRkXkEyXkFqcGc@._V1_SX300.jpg,"[{'Source': 'Internet Movie Database', 'Value': '7.2/10'}, {'Source': 'Rotten Tomatoes', 'Value': '89%'}, {'Source': 'Metacritic', 'Value': '79/100'}]",79,7.2,"177,474",tt6412452,movie,N/A,N/A,N/A,N/A,
True,,Babylon Berlin,Babylon Berlin,2017–2025,TV-MA,30 Jan 2018,45 min,"Crime, Drama, Thriller",N/A,"Henk Handloegten, Tom Tykwer, Achim von Borries","Volker Bruch, Liv Lisa Fries, Lars Eidinger","Colognian commissioner Gereon Rath moves to Berlin, the epicenter of political and social changes in the Golden Twenties.",German,Germany,25 wins & 20 nominations total,https://m.media-amazon.com/images/M/MV5BZWU0OGU0N2UtODc2Ni00NDRlLTlmN2EtOTg1Y2RkZGZmODVmXkEyXkFqcGc@._V1_SX300.jpg,"[{'Source': 'Internet Movie Database', 'Value': '8.4/10'}]",N/A,8.4,"31,266",tt4378376,series,,,,,4
True,,Altered Carbon,Altered Carbon,2018–2020,TV-MA,02 Feb 2018,60 min,"Action, Adventure, Drama",N/A,Laeta Kalogridis,"Chris Conner, Renée Elise Goldsberry, Dichen Lachman","Set in a future where consciousness is digitized and stored, a prisoner returns to life in a new body and must solve a mind-bending murder to win his freedom.","English, Spanish, Arabic, German",United States,Nominated for 2 Primetime Emmys. 4 wins & 27 nominations total,https://m.media-amazon.com/images/M/MV5BNTY4MWY1ZDktZjQxZS00ZDc5LWE3OTctZDU5MzQ2ZWU5ZTJkXkEyXkFqcGc@._V1_SX300.jpg,"[{'Source': 'Internet Movie Database', 'Value': '7.9/10'}]",N/A,7.9,"198,085",tt2261227,series,,,,,2
True,,Castlevania,Castlevania,2017–2021,TV-MA,07 Jul 2017,23 min,"Animation, Action, Adventure",N/A,Warren Ellis,"Richard Armitage, James Callis, Alejandra Reynoso",A vampire hunter fights to save a besieged city from an army of otherworldly creatures controlled by Dracula.,"Latin, English",United States,3 wins & 5 nominations total,https://m.media-amazon.com/images/M/MV5BMjAzMjU2MjYzMl5BMl5BanBnXkFtZTgwNTQ4Nzk1NjM@._V1_SX300.jpg,"[{'Source': 'Internet Movie Database', 'Value': '8.3/10'}]",N/A,8.3,"90,219",tt6517102,series,,,,,4
True,,Dirty John,Dirty John,2018–2020,TV-14,25 Nov 2018,31S min,"Crime, Drama",N/A,Alexandra Cunningham,"Connie Britton, Christian Slater, Eric Bana",Anthology series in which each season is based on a true crime story featuring an epic tale of love gone wrong.,English,United States,1 win & 6 nominations,https://m.media-amazon.com/images/M/MV5BODQzYWU4NDEtYTlhZi00M2E0LWFiYTQtNjg3ZTU4NGZjODlkXkEyXkFqcGc@._V1_SX300.jpg,"[{'Source': 'Internet Movie Database', 'Value': '7.3/10'}]",N/A,7.3,"24,879",tt7945720,series,,,,,2
True,,Darkest Hour,Darkest Hour,2017,PG-13,22 Dec 2017,125 min,"Biography, Drama, History",Joe Wright,Anthony McCarten,"Gary Oldman, Lily James, Kristin Scott Thomas","In May 1940, the fate of World War II hangs on Winston Churchill, who must decide whether to negotiate with Adolf Hitler, or fight on knowing that it could mean the end of the British Empire.","English, French, German, Italian","United Kingdom, United States, China",Won 2 Oscars. 54 wins & 81 nominations total,https://m.media-amazon.com/images/M/MV5BMjIyNDkyMTgzMV5BMl5BanBnXkFtZTgwNTQwNjg2MzI@._V1_SX300.jpg,"[{'Source': 'Internet Movie Database', 'Value': '7.4/10'}, {'Source': 'Rotten Tomatoes', 'Value': '84%'}, {'Source': 'Metacritic', 'Value': '75/100'}]",75,7.4,"234,023",tt4555426,movie,N/A,"$56,468,410",N/A,N/A,
True,,Dynasty,Dynasty,2017–2022,TV-14,11 Oct 2017,42 min,Drama,N/A,"Sallie Patrick, Stephanie Savage, Josh Schwartz","Elizabeth Gillies, Rafael de la Fuente, Robert Christopher Riley",Follows two of America's wealthiest families as they feud for control over their fortune and their children.,English,United States,1 win & 3 nominations total,https://m.media-amazon.com/images/M/MV5BNDU3MTk5Y2UtNGZhYS00NzA3LWExMWUtNmVlZjRiMTg3MDY0XkEyXkFqcGc@._V1_SX300.jpg,"[{'Source': 'Internet Movie Database', 'Value': '7.2/10'}]",N/A,7.2,"26,045",tt6128300,series,,,,,5
True,,Won't You Be My Neighbor?,Won't You Be My Neighbor?,2018,PG-13,29 Jun 2018,95 min,"Documentary, Biography, History",Morgan Neville,N/A,"Fred Rogers, Margaret Whitmer, Tom Junod","An exploration of the life, lessons, and legacy of iconic children's television host Fred Rogers.","English, Hebrew",United States,54 wins & 34 nominations,https://m.media-amazon.com/images/M/MV5BMjM1NDg1MjUzNF5BMl5BanBnXkFtZTgwNTAxNjIzNTM@._V1_SX300.jpg,"[{'Source': 'Internet Movie Database', 'Value': '8.3/10'}, {'Source': 'Rotten Tomatoes', 'Value': '97%'}, {'Source': 'Metacritic', 'Value': '85/100'}]",85,8.3,"27,443",tt7681902,movie,N/A,"$22,835,787",N/A,N/A,
True,,Good Girls,Good Girls,2018–2021,TV-14,26 Feb 2018,1 min,"Comedy, Crime, Drama",N/A,Jenna Bans,"Christina Hendricks, Retta, Mae Whitman",Three suburban mothers suddenly find themselves in desperate circumstances and decide to stop playing it safe and risk everything to take back their power.,English,United States,1 win & 2 nominations total,https://m.media-amazon.com/images/M/MV5BZTFkMDZkOWMtNDM3ZC00MWE0LTkxZWEtNjYyZTk4ODNiOTc4XkEyXkFqcGc@._V1_SX300.jpg,"[{'Source': 'Internet Movie Database', 'Value': '7.7/10'}]",N/A,7.7,"65,914",tt6474378,series,,,,,4
True,,HAPPY!,Happy!,2017–2019,TV-MA,06 Dec 2017,2 min,"Action, Comedy, Crime",Brian Taylor,"Grant Morrison, Brian Taylor","Christopher Meloni, Ritchie Coster, Lili Mirojnick",An injured hitman befriends his kidnapped daughter's imaginary friend; a perky blue flying unicorn.,English,United States,1 nomination total,https://m.media-amazon.com/images/M/MV5BNjUxODliY2ItZjlkMi00MjEwLTllMGUtYmY1MDBkZTYzMjViXkEyXkFqcGc@._V1_SX300.jpg,"[{'Source': 'Internet Movie Database', 'Value': '8.1/10'}]",N/A,8.1,"44,780",tt2452242,series,,,,,2
True,,Wet Hot American Summer: Ten Years Later,Wet Hot American Summer: Ten Years Later,2017,TV-MA,04 Aug 2017,216 min,Comedy,N/A,"Michael Showalter, David Wain","Nina Hellman, Marguerite Moreau, Zak Orth",The campers and counselors of Camp Firewood meet ten years after their last day at camp.,English,United States,1 nomination total,https://m.media-amazon.com/images/M/MV5BMjExMTQ0NTE3Ml5BMl5BanBnXkFtZTgwNDEzOTc4MjI@._V1_SX300.jpg,"[{'Source': 'Internet Movie Database', 'Value': '6.8/10'}]",N/A,6.8,"9,959",tt5669272,series,,,,,1
True,,Workin' Moms,Workin' Moms,2017–2023,TV-MA,10 Jan 2017,30 min,"Comedy, Drama",N/A,Catherine Reitman,"Catherine Reitman, Dani Kind, Philip Sternberg","Four very different thirtysomething working-mother friends try to balance their jobs, family lives and love lives in modern-day Toronto, Canada.",English,Canada,15 wins & 75 nominations total,https://m.media-amazon.com/images/M/MV5BMDMwOGQ4MGItYTYxOC00ZGJkLTkyN2UtNmE5YTNkMGQ1YmIxXkEyXkFqcGc@._V1_SX300.jpg,"[{'Source': 'Internet Movie Database', 'Value': '7.8/10'}]",N/A,7.8,"24,939",tt6143796,series,,,,,7
True,,Maniac,Maniac,2018,TV-MA,21 Sep 2018,386 min,"Comedy, Drama, Sci-Fi",N/A,"Cary Joji Fukunaga, Patrick Somerville","Emma Stone, Jonah Hill, Sonoya Mizuno","Two strangers are drawn to a mysterious pharmaceutical trial for a drug that they're assured will, with no complications or side-effects whatsoever, permanently solve all of their problems. Things do not go as planned.",English,United States,2 wins & 14 nominations total,https://m.media-amazon.com/images/M/MV5BNDA0OWI5YzgtOGYzNy00ODdhLTk0ZGQtNDY4ODFiNTAyOGQ4XkEyXkFqcGc@._V1_SX300.jpg,"[{'Source': 'Internet Movie Database', 'Value': '7.6/10'}]",N/A,7.6,"90,600",tt5580146,series,,,,,1
True,,Wild Wild Country,Wild Wild Country,2018,TV-MA,16 Mar 2018,403 min,"Documentary, Crime","Chapman Way, Maclain Way",N/A,"Ma Anand Sheela, Philip Toelkes, Jane Stork","When Osho, the world's most controversial guru, builds an Utopian city deep in the Oregon country, conflict with the locals escalates into a national scandal.",English,United States,Won 1 Primetime Emmy. 2 wins & 13 nominations total,https://m.media-amazon.com/images/M/MV5BODY5ZWY0YzctOGNjMi00MzM0LWFjNDUtNDUxMzI0Mjc1N2Y1XkEyXkFqcGc@._V1_SX300.jpg,"[{'Source': 'Internet Movie Database', 'Value': '8.1/10'}]",N/A,8.1,"37,277",tt7768848,series,,,,,1
True,,The Ritual,The Ritual,2017,TV-MA,09 Feb 2018,94 min,"Horror, Mystery, Thriller",David Bruckner,"Joe Barton, Adam Nevill","Rafe Spall, Arsher Ali, Robert James-Collier","A group of old college friends reunite for a trip to a most dangerous country in Europe - Sweden, encountering a menacing presence there stalking them.","English, Swedish","United Kingdom, Canada",4 wins & 5 nominations total,https://m.media-amazon.com/images/M/MV5BMjAzMzAyMDI4Ml5BMl5BanBnXkFtZTgwODMwOTY2NDM@._V1_SX300.jpg,"[{'Source': 'Internet Movie Database', 'Value': '6.4/10'}, {'Source': 'Rotten Tomatoes', 'Value': '74%'}, {'Source': 'Metacritic', 'Value': '57/100'}]",57,6.4,"135,029",tt5638642,movie,N/A,N/A,N/A,N/A,
True,,Anne with an E,Anne with an E,2017–2019,TV-PG,12 May 2017,1 min,"Drama, Family",N/A,Moira Walley-Beckett,"Amybeth McNulty, Geraldine James, R.H. Thomson","The adventures of a young orphan girl living in the late 19th century. Follow Anne as she learns to navigate her new life on Prince Edward Island, in this new take on L.M. Montgomery's classic novels.","English, French, Micmac",Canada,24 wins & 54 nominations total,https://m.media-amazon.com/images/M/MV5BZWUzZGM1OTYtMWUyNS00NTBmLTg1YTMtOTllMWFmYjk2NGU2XkEyXkFqcGc@._V1_SX300.jpg,"[{'Source': 'Internet Movie Database', 'Value': '8.6/10'}]",N/A,8.6,"75,285",tt5421602,series,,,,,3
True,,Okja,Okja,2017,TV-MA,28 Jun 2017,120 min,"Action, Adventure, Drama",Bong Joon Ho,"Bong Joon Ho, Jon Ronson","Tilda Swinton, Paul Dano, Ahn Seo-hyun","A young girl risks everything to prevent a powerful, multinational company from kidnapping her best friend - a fascinating beast named Okja.","English, Korean, Spanish","South Korea, United States",7 wins & 14 nominations total,https://m.media-amazon.com/images/M/MV5BMjQxMTcxNDgxN15BMl5BanBnXkFtZTgwOTczNTIzMjI@._V1_SX300.jpg,"[{'Source': 'Internet Movie Database', 'Value': '7.3/10'}, {'Source': 'Rotten Tomatoes', 'Value': '87%'}, {'Source': 'Metacritic', 'Value': '75/100'}]",75,7.3,"138,895",tt3967856,movie,N/A,N/A,N/A,N/A,
True,,The End of the F***ing World,The End of the F***ing World,2017–2019,TV-MA,24 Oct 2017,25 min,"Adventure, Comedy, Crime",N/A,Jonathan Entwistle,"Jessica Barden, Alex Lawther, Steve Oram","James is 17 and is pretty sure he is a psychopath. Alyssa, also 17, is the cool and moody new girl at school. The pair make a connection and she persuades him to embark on a road trip in search of her real father.",English,United Kingdom,Nominated for 2 Primetime Emmys. 12 wins & 17 nominations total,https://m.media-amazon.com/images/M/MV5BNTVkZTI3MmMtMDY1Yi00NjJhLTgyYTctNWE1OTJkNmZiZjdlXkEyXkFqcGc@._V1_SX300.jpg,"[{'Source': 'Internet Movie Database', 'Value': '8.0/10'}]",N/A,8.0,"237,714",tt6257970,series,,,,,2
True,,Trolls: The Beat Goes On!,Trolls: The Beat Goes On!,2018–2019,TV-G,19 Jan 2018,25 min,"Animation, Adventure, Comedy",N/A,"Matthew Ireland Beans, Hannah Friedman","Amanda Leighton, Sean T. Krishnan, Kevin Michael Richardson","The party keeps on going for Poppy, Branch and the others from DreamWorks Animation's hit Trolls (2016).",English,"United States, South Korea",1 win & 2 nominations,https://m.media-amazon.com/images/M/MV5BMDNmNGM2OWMtZWNhNy00NjNjLWFjMDAtZDU4NDM1NzY3NWE4XkEyXkFqcGc@._V1_SX300.jpg,"[{'Source': 'Internet Movie Database', 'Value': '5.9/10'}]",N/A,5.9,"1,022",tt7539608,series,,,,,8
True,,Atypical,Atypical,2017–2021,TV-MA,11 Aug 2017,30 min,"Comedy, Drama",N/A,Robia Rashid,"Jennifer Jason Leigh, Keir Gilchrist, Jack Haven","Sam, an 18-year-old on the autism spectrum, decides it's time to find a girlfriend, which sets Sam's mom on her own life-changing path as her son seeks more independence.",English,United States,2 wins & 7 nominations total,https://m.media-amazon.com/images/M/MV5BMTJiY2ZiNjEtMjk1MS00Yzk0LThiNGMtMGUzZjRlNjc1OTU2XkEyXkFqcGc@._V1_SX300.jpg,"[{'Source': 'Internet Movie Database', 'Value': '8.2/10'}]",N/A,8.2,"111,120",tt6315640,series,,,,,4
True,,Final Score,Final Score,2018,R,07 Sep 2018,104 min,"Action, Adventure, Drama",Scott Mann,"David T. Lynch, Keith Lynch, Jonathan Frank","Martyn Ford, Gordon Alexander, Alexandra Dinu","After deadly terrorists abduct his niece at a soccer match, an ex-soldier with lethal fighting skills wages a one-man war to save her and prevent mass destruction.","English, Russian","United Kingdom, United States",1 nomination total,https://m.media-amazon.com/images/M/MV5BNmMyMTIyZTItMmNhNy00NWUwLWIwMzgtNTdkYjAyYTkzYjRmXkEyXkFqcGc@._V1_SX300.jpg,"[{'Source': 'Internet Movie Database', 'Value': '5.8/10'}, {'Source': 'Rotten Tomatoes', 'Value': '71%'}, {'Source': 'Metacritic', 'Value': '53/100'}]",53,5.8,"14,921",tt5254610,movie,N/A,N/A,N/A,N/A,
True,,A Series of Unfortunate Events,A Series of Unfortunate Events,2004,PG,17 Dec 2004,108 min,"Adventure, Comedy, Family",Brad Silberling,"Robert Gordon, Daniel Handler","Jim Carrey, Jude Law, Meryl Streep","When a massive fire kills their parents, three children are delivered to the custody of cousin and stage actor Count Olaf, who is secretly plotting to steal their parents' vast fortune.",English,"United States, Germany",Won 1 Oscar. 10 wins & 28 nominations total,https://m.media-amazon.com/images/M/MV5BMjE3MDM4NTg0NV5BMl5BanBnXkFtZTcwNjI4MTczMw@@._V1_SX300.jpg,"[{'Source': 'Internet Movie Database', 'Value': '6.8/10'}, {'Source': 'Rotten Tomatoes', 'Value': '72%'}, {'Source': 'Metacritic', 'Value': '62/100'}]",62,6.8,"226,536",tt0339291,movie,N/A,"$118,634,549",N/A,N/A,
True,,Charmed,Charmed,1998–2006,TV-14,07 Oct 1998,42 min,"Drama, Fantasy, Mystery",N/A,Constance M. Burge,"Holly Marie Combs, Alyssa Milano, Brian Krause",Three sisters discover that they are descendants of a line of good female witches and are destined to fight against the forces of evil.,English,United States,5 wins & 20 nominations total,https://m.media-amazon.com/images/M/MV5BOGU5MGU3NmYtOTIzNi00NTg2LTkxMWUtNjQwMzhiNWQ5NzQ0XkEyXkFqcGc@._V1_SX300.jpg,"[{'Source': 'Internet Movie Database', 'Value': '7.2/10'}]",N/A,7.2,"96,920",tt0158552,series,,,,,8
True,,Rumble: The Indians Who Rocked the World,Rumble: The Indians Who Rocked The World,2017,N/A,26 Jul 2017,103 min,"Documentary, Music","Catherine Bainbridge, Alfonso Maiorana","Catherine Bainbridge, Alfonso Maiorana","George Clinton, Robbie Robertson, Gary Giddins",A documentary about the role of Native Americans in popular music history.,English,"Canada, France",9 wins & 7 nominations,https://m.media-amazon.com/images/M/MV5BZjg4ZjExOGQtM2MxMi00YzAwLTkyZmQtYTBjNjJlYmU4NzgzXkEyXkFqcGc@._V1_SX300.jpg,"[{'Source': 'Internet Movie Database', 'Value': '7.8/10'}, {'Source': 'Rotten Tomatoes', 'Value': '91%'}, {'Source': 'Metacritic', 'Value': '73/100'}]",73,7.8,"1,104",tt6333080,movie,N/A,"$226,006",N/A,N/A,
True,,The Nightingale,The Nightingale,2018,R,29 Aug 2019,136 min,"Adventure, Drama, Thriller",Jennifer Kent,Jennifer Kent,"Aisling Franciosi, Maya Christie, Baykali Ganambarr","Set in 1825, Clare, a young Irish convict woman, chases a British officer through the rugged Tasmanian wilderness, bent on revenge for a terrible act of violence he committed against her family. On the way she enlists the services...","English, Irish Gaelic, Aboriginal","Australia, Canada",25 wins & 37 nominations total,https://m.media-amazon.com/images/M/MV5BYWJlNjVhY2EtODY5NC00MTEyLWE1ODEtMzllZjNlN2JhNzVmXkEyXkFqcGc@._V1_SX300.jpg,"[{'Source': 'Internet Movie Database', 'Value': '7.3/10'}, {'Source': 'Rotten Tomatoes', 'Value': '87%'}, {'Source': 'Metacritic', 'Value': '77/100'}]",77,7.3,"38,680",tt4068576,movie,N/A,"$400,209",N/A,N/A,
True,,Alias Grace,Alias Grace,2017,TV-MA,03 Nov 2017,267 min,"Biography, Crime, Drama",N/A,N/A,"Sarah Gadon, Edward Holcroft, Rebecca Liddiard","Grace, an Irish immigrant in 19th-century Canada, is convicted of the murder of her employer. However, things take a different turn when a psychiatrist arrives to analyze her mental state.",English,Canada,Nominated for 1 Primetime Emmy. 11 wins & 19 nominations total,https://m.media-amazon.com/images/M/MV5BMjI4OTI1NTkwNV5BMl5BanBnXkFtZTgwMDc0ODc0MzI@._V1_SX300.jpg,"[{'Source': 'Internet Movie Database', 'Value': '7.6/10'}]",N/A,7.6,"39,861",tt1034007,series,,,,,1
True,,Cold Case Files,Cold Case Files,1999–,TV-MA,01 Jan 1999,44 min,"Documentary, Crime",N/A,N/A,"Bill Kurtis, Dave Reichert, Kathy Mills","Cold Case Files shows how timing, persistence and high-tech police work combine to catch people who have slipped through the cracks for decades.",English,United States,Nominated for 2 Primetime Emmys. 3 nominations total,https://m.media-amazon.com/images/M/MV5BZmJkZDNmZGUtZmU1Ny00YWY2LWFmYTctNTMzYjE3NjMzMzFlXkEyXkFqcGc@._V1_SX300.jpg,"[{'Source': 'Internet Movie Database', 'Value': '8.0/10'}]",N/A,8.0,"2,017",tt0426666,series,,,,,5
True,,One Day at a Time,One Day at a Time,2017–2020,TV-PG,06 Jan 2017,2 min,"Comedy, Drama",N/A,"Gloria Calderón Kellett, Mike Royce","Justina Machado, Todd Grinnell, Isabella Gomez","Follows three generations of the same Cuban-American family living in the same house: a newly divorced former military mother, her teenage daughter and tween son, and her old-school mother.","English, Spanish",United States,Won 2 Primetime Emmys. 14 wins & 53 nominations total,https://m.media-amazon.com/images/M/MV5BMTU2OTQ5NDY5Nl5BMl5BanBnXkFtZTgwNTE2NzU2NDM@._V1_SX300.jpg,"[{'Source': 'Internet Movie Database', 'Value': '8.1/10'}]",N/A,8.1,"18,782",tt5339440,series,,,,,4
True,,Forgotten,Forgotten,2017,TV-MA,21 Feb 2018,108 min,"Crime, Mystery, Thriller",Jang Hang-jun,Jang Hang-jun,"Kang Ha-neul, Kim Mu-yeol, Moon Sung-keun","Jin-seok, 21-year-old, moves into a new house with his family. One night, his beloved brother is kidnapped before his eyes. After long silence of 19 days, suddenly Yu-seok returns home. And soon Jin-seok feels Yu-seok is a total s...",Korean,South Korea,N/A,https://m.media-amazon.com/images/M/MV5BYWU5YzhiNTEtMDg5ZC00ZWRiLTkyNmItYzRkNGNmMzY5NmRmXkEyXkFqcGc@._V1_SX300.jpg,"[{'Source': 'Internet Movie Database', 'Value': '7.4/10'}]",N/A,7.4,"56,608",tt7057496,movie,N/A,N/A,N/A,N/A,
True,,Backtrace,Backtrace,2018,R,14 Dec 2018,92 min,"Crime, Drama, Thriller",Brian A. Miller,Mike Maples,"Ryan Guzman, Sylvester Stallone, Meadow Williams",The lone surviving thief of a violent bank robbery is sprung from a high security facility and administered an experimental drug.,English,"United States, United Kingdom, Japan, Canada",N/A,https://m.media-amazon.com/images/M/MV5BMTU1NDI1NzA2OV5BMl5BanBnXkFtZTgwNzI3NjQ3NjM@._V1_SX300.jpg,"[{'Source': 'Internet Movie Database', 'Value': '3.8/10'}, {'Source': 'Rotten Tomatoes', 'Value': '9%'}, {'Source': 'Metacritic', 'Value': '34/100'}]",34,3.8,"5,741",tt3588588,movie,N/A,N/A,N/A,N/A,
True,,The Bureau of Magical Things,The Bureau of Magical Things,2018–2021,TV-G,07 Oct 2018,25 min,"Drama, Family, Fantasy",N/A,"Jonathan M. Shiff, Mark Shirrefs","Kimie Tsukakoshi, Elizabeth Cullen, Mia Milnes","Teenage girl Kyra accidentally discovers an extraordinary world and gains magical powers; when an unexpected threat emerges, she must unite fairies, elves and humans to save them all.","English, Dutch","Australia, Germany",4 wins & 8 nominations,https://m.media-amazon.com/images/M/MV5BYTkzNWM2YjAtOTBlYi00ZTU4LWIyZTktZjk0ZDg1MTM2ZTZjXkEyXkFqcGc@._V1_SX300.jpg,"[{'Source': 'Internet Movie Database', 'Value': '6.8/10'}]",N/A,6.8,"3,275",tt7153034,series,,,,,2
True,,Santa Clarita Diet,Santa Clarita Diet,2017–2019,TV-MA,03 Feb 2017,2 min,"Comedy, Horror",N/A,Victor Fresco,"Drew Barrymore, Timothy Olyphant, Liv Hewson","Sheila and Joel are married real estate agents who live and work in Santa Clarita, California. When Sheila dies, their lives take a dark turn.",English,United States,6 nominations total,https://m.media-amazon.com/images/M/MV5BNTIwMDkzNTMwMF5BMl5BanBnXkFtZTgwNDA4MjI2NzM@._V1_SX300.jpg,"[{'Source': 'Internet Movie Database', 'Value': '7.8/10'}]",N/A,7.8,"80,749",tt5580540,series,,,,,3
True,,Safe,Safe,2012,R,27 Apr 2012,94 min,"Action, Crime, Thriller",Boaz Yakin,Boaz Yakin,"Jason Statham, Catherine Chan, Chris Sarandon","Mei, a young girl whose memory holds a priceless numerical code, finds herself pursued by the Triads, the Russian mob, and corrupt NYC cops. Coming to her aid is an ex-cage fighter whose life was destroyed by the gangsters on Mei'...","English, Mandarin, Russian",United States,2 nominations total,https://m.media-amazon.com/images/M/MV5BMTcxNDI0NzUxMF5BMl5BanBnXkFtZTcwOTIzMjkyNw@@._V1_SX300.jpg,"[{'Source': 'Internet Movie Database', 'Value': '6.5/10'}, {'Source': 'Rotten Tomatoes', 'Value': '59%'}, {'Source': 'Metacritic', 'Value': '55/100'}]",55,6.5,"122,647",tt1656190,movie,N/A,"$17,142,080",N/A,N/A,
True,,Stranger,Stranger,2017–2020,TV-14,01 Nov 2017,31S min,"Crime, Drama, Mystery",N/A,N/A,"Cho Seung-woo, Bae Doona, Lee Jun-hyuk","With the help of a gutsy female detective, a prosecutor who has almost lost the ability to feel emotions tackles a strange murder case amid political corruption.",Korean,South Korea,5 wins & 7 nominations total,https://m.media-amazon.com/images/M/MV5BYTAzYzU4NDUtYmMxMi00MzhkLThmNmQtOWZkYWU3MTJkYTBkXkEyXkFqcGc@._V1_SX300.jpg,"[{'Source': 'Internet Movie Database', 'Value': '8.4/10'}]",N/A,8.4,"11,143",tt6461346,series,,,,,2
True,,Set It Up,Set It Up,2018,TV-14,15 Jun 2018,105 min,"Comedy, Romance",Claire Scanlon,Katie Silberman,"Zoey Deutch, Glen Powell, Lucy Liu",Two corporate executive assistants hatch a plan to match-make their two bosses.,English,United States,1 nomination total,https://m.media-amazon.com/images/M/MV5BMTk0MDUyMzA1OF5BMl5BanBnXkFtZTgwNzA4NzE1NTM@._V1_SX300.jpg,"[{'Source': 'Internet Movie Database', 'Value': '6.5/10'}, {'Source': 'Rotten Tomatoes', 'Value': '92%'}, {'Source': 'Metacritic', 'Value': '62/100'}]",62,6.5,"72,469",tt5304992,movie,N/A,N/A,N/A,N/A,
True,,Crooked House,Crooked House,2017,PG-13,21 Nov 2017,115 min,"Crime, Drama, Mystery",Gilles Paquet-Brenner,"Julian Fellowes, Tim Rose Price, Gilles Paquet-Brenner","Max Irons, Stefanie Martini, Glenn Close","In Agatha Christie's most twisted tale, a spy-turned-private-detective is lured by his former lover to catch her grandfather's murderer before Scotland Yard exposes dark family secrets.",English,"United Kingdom, United States",2 wins & 1 nomination total,https://m.media-amazon.com/images/M/MV5BODQ3NjI2MzU4OF5BMl5BanBnXkFtZTgwNTc5NDIyNDM@._V1_SX300.jpg,"[{'Source': 'Internet Movie Database', 'Value': '6.3/10'}, {'Source': 'Rotten Tomatoes', 'Value': '57%'}, {'Source': 'Metacritic', 'Value': '59/100'}]",59,6.3,"28,603",tt1869347,movie,N/A,N/A,N/A,N/A,
True,,The Cloverfield Paradox,The Cloverfield Paradox,2018,PG-13,04 Feb 2018,102 min,"Horror, Sci-Fi, Thriller",Julius Onah,"Oren Uziel, Doug Jung","Gugu Mbatha-Raw, David Oyelowo, Daniel Brühl","Orbiting a planet on the brink of war, scientists test a device to solve an energy crisis, and end up face-to-face with a dark alternate reality.","English, Mandarin, German",United States,1 nomination total,https://m.media-amazon.com/images/M/MV5BMTAwOTIxMDA0MjZeQTJeQWpwZ15BbWU4MDg1MjgzNzQz._V1_SX300.jpg,"[{'Source': 'Internet Movie Database', 'Value': '5.5/10'}, {'Source': 'Rotten Tomatoes', 'Value': '22%'}, {'Source': 'Metacritic', 'Value': '37/100'}]",37,5.5,"118,615",tt2548396,movie,N/A,N/A,N/A,N/A,
True,,What Happened to Monday,What Happened to Monday,2017,TV-MA,18 Aug 2017,123 min,"Action, Crime, Fantasy",Tommy Wirkola,"Max Botkin, Kerry Williamson","Noomi Rapace, Glenn Close, Willem Dafoe","In a world where families are limited to one child due to overpopulation, a set of identical septuplets must avoid being put to a long sleep by the government and dangerous infighting while investigating the disappearance of one o...",English,"United Kingdom, France, United States, Belgium",1 nomination total,https://m.media-amazon.com/images/M/MV5BMjE4MDQxMDg3MF5BMl5BanBnXkFtZTgwNjQ0MTcwMzI@._V1_SX300.jpg,"[{'Source': 'Internet Movie Database', 'Value': '6.8/10'}, {'Source': 'Rotten Tomatoes', 'Value': '62%'}, {'Source': 'Metacritic', 'Value': '47/100'}]",47,6.8,"141,839",tt1536537,movie,N/A,N/A,N/A,N/A,
True,,Cocomelon,Cocomelon,2018–2024,TV-Y,01 Jun 2020,N/A,"Animation, Adventure, Family",N/A,N/A,"Ava Madison Gray, Kristen Princiotta, Jake Turner","In the town of Cocomelon, baby JJ and his siblings go on fun every-day adventures with nursery, play, exploration, and learning - situations that any preschooler could relate to. Fun, relatable stories set to toe-tapping songs.",English,"United States, United Kingdom",N/A,https://m.media-amazon.com/images/M/MV5BMmM5OGI0YjAtZGFlMC00MThmLTgwM2MtZTdhYmQ3YzJlNmYwXkEyXkFqcGc@._V1_SX300.jpg,"[{'Source': 'Internet Movie Database', 'Value': '3.9/10'}]",N/A,3.9,"1,335",tt12427840,series,,,,,5
True,,Gerald's Game,Gerald's Game,2017,TV-MA,29 Sep 2017,103 min,"Drama, Horror, Thriller",Mike Flanagan,"Mike Flanagan, Jeff Howard, Stephen King","Carla Gugino, Bruce Greenwood, Chiara Aurelia","A couple tries to spice up their marriage in a remote lake house. After the husband dies unexpectedly, the wife is left handcuffed to their bed frame and must fight to survive and break free.",English,United States,4 wins & 5 nominations total,https://m.media-amazon.com/images/M/MV5BNDA2ZjU5ZWMtMmQ4OS00ZTQzLWIwOWMtYTBmOTljYTIwNjM3XkEyXkFqcGc@._V1_SX300.jpg,"[{'Source': 'Internet Movie Database', 'Value': '6.5/10'}, {'Source': 'Rotten Tomatoes', 'Value': '91%'}, {'Source': 'Metacritic', 'Value': '77/100'}]",77,6.5,"137,171",tt3748172,movie,N/A,N/A,N/A,N/A,
True,,Roma,Roma,2018,R,14 Dec 2018,135 min,Drama,Alfonso Cuarón,Alfonso Cuarón,"Yalitza Aparicio, Marina de Tavira, Diego Cortina Autrey",A year in the life of a upper-middle-class family's maid in Mexico City in the early 1970s.,"Spanish, Mixtec, English, Japanese, German, French, Norwegian","Mexico, United States",Won 3 Oscars. 255 wins & 229 nominations total,https://m.media-amazon.com/images/M/MV5BMTU0OTc3ODk4Ml5BMl5BanBnXkFtZTgwMzM4NzI5NjM@._V1_SX300.jpg,"[{'Source': 'Internet Movie Database', 'Value': '7.6/10'}, {'Source': 'Rotten Tomatoes', 'Value': '96%'}, {'Source': 'Metacritic', 'Value': '96/100'}]",96,7.6,"175,556",tt6155172,movie,N/A,N/A,N/A,N/A,
True,,Adrift,Adrift,2018,PG-13,01 Jun 2018,96 min,"Action, Adventure, Biography",Baltasar Kormákur,"Aaron Kandell, Jordan Kandell, David Branson Smith","Shailene Woodley, Sam Claflin, Jeffrey Thomas","A true story of survival, as a young couple's chance encounter leads them first to love, and then on the adventure of a lifetime as they face one of the most catastrophic hurricanes in recorded history.","English, French","Hong Kong, Iceland, United States, United Kingdom",5 nominations total,https://m.media-amazon.com/images/M/MV5BMTkxMTI2MjE4OF5BMl5BanBnXkFtZTgwMjIyODQzNTM@._V1_SX300.jpg,"[{'Source': 'Internet Movie Database', 'Value': '6.6/10'}, {'Source': 'Rotten Tomatoes', 'Value': '69%'}, {'Source': 'Metacritic', 'Value': '56/100'}]",56,6.6,"64,399",tt6306064,movie,N/A,"$31,445,012",N/A,N/A,
True,,The Beguiled,The Beguiled,2017,R,30 Jun 2017,93 min,"Drama, History, Thriller",Sofia Coppola,"Sofia Coppola, Thomas Cullinan, Albert Maltz","Nicole Kidman, Kirsten Dunst, Elle Fanning",The unexpected arrival of a wounded Union soldier at a girls school in Virginia during the American Civil War leads to jealousy and betrayal.,"English, French",United States,5 wins & 26 nominations total,https://m.media-amazon.com/images/M/MV5BMTg5NjY3NDYxMl5BMl5BanBnXkFtZTgwMjI5ODgyMjI@._V1_SX300.jpg,"[{'Source': 'Internet Movie Database', 'Value': '6.3/10'}, {'Source': 'Rotten Tomatoes', 'Value': '79%'}, {'Source': 'Metacritic', 'Value': '77/100'}]",77,6.3,"64,183",tt5592248,movie,N/A,"$10,709,995",N/A,N/A,
True,,Disenchantment,Disenchantment,2018–2023,TV-MA,17 Aug 2018,2 min,"Animation, Action, Adventure",N/A,"Matt Groening, Josh Weinstein","Abbi Jacobson, Eric André, Nat Faxon","Princess Tiabeanie, 'Bean', is annoyed at her imminent arranged marriage to Prince Merkimer. Then she meets Luci, a demon, and Elfo, an elf, and things get rather exciting, and dangerous.",English,United States,1 nomination total,https://m.media-amazon.com/images/M/MV5BYjVmODJmMDYtZjU4MS00MWIxLTk1ZmQtZGRhZTM3ZDhjMTEwXkEyXkFqcGc@._V1_SX300.jpg,"[{'Source': 'Internet Movie Database', 'Value': '7.2/10'}]",N/A,7.2,"77,812",tt5363918,series,,,,,5
True,,Big Mouth,Big Mouth,2017–2025,TV-MA,29 Sep 2017,30 min,"Animation, Comedy, Romance",N/A,"Jennifer Flackett, Andrew Goldberg, Nick Kroll","Nick Kroll, John Mulaney, Jessi Klein",Teenage friends find their lives upended by the wonders and horrors of puberty.,English,"United States, Canada, South Korea",Won 4 Primetime Emmys. 12 wins & 58 nominations total,https://m.media-amazon.com/images/M/MV5BMTU0YjUyNDctYmM0OC00OWU5LWJmNTMtODY5Njc4MzVlMWE2XkEyXkFqcGc@._V1_SX300.jpg,"[{'Source': 'Internet Movie Database', 'Value': '7.8/10'}]",N/A,7.8,"95,501",tt6524350,series,,,,,8
True,,Ghostland,Incident in a Ghostland,2018,Not Rated,22 Jun 2018,91 min,"Drama, Horror, Mystery",Pascal Laugier,Pascal Laugier,"Crystal Reed, Mylène Farmer, Anastasia Phillips","A mother of two who inherits a house is confronted with murderous intruders on the first night in their new home and fights for her daughters' lives. Sixteen years later when the daughters reunite at the house, things get really s...","English, French","Canada, France",6 wins & 5 nominations total,https://m.media-amazon.com/images/M/MV5BYmQzNzMxYTQtMTllOS00MTRiLWE3NWMtOGZmNDcwYjg1YzE3XkEyXkFqcGc@._V1_SX300.jpg,"[{'Source': 'Internet Movie Database', 'Value': '6.4/10'}, {'Source': 'Rotten Tomatoes', 'Value': '50%'}, {'Source': 'Metacritic', 'Value': '44/100'}]",44,6.4,"44,148",tt6195094,movie,N/A,N/A,N/A,N/A,
True,,Knightfall,Knightfall,2017–2019,TV-14,06 Dec 2017,60 min,"Action, Adventure, Drama",N/A,"Don Handfield, Richard Rayner","Tom Cullen, Pádraic Delaney, Simon Merrells",A look at the final days of the Knights Templar during the 14th century.,"English, Arabic, Hebrew, Latin",United States,2 nominations total,https://m.media-amazon.com/images/M/MV5BODgyODU5MjcyNF5BMl5BanBnXkFtZTgwNTgwMjQ4NzM@._V1_SX300.jpg,"[{'Source': 'Internet Movie Database', 'Value': '6.8/10'}]",N/A,6.8,"22,706",tt4555364,series,,,,,2
True,,GLOW,GLOW,2017–2019,TV-MA,23 Jun 2017,35 min,"Comedy, Drama, Sport",N/A,"Liz Flahive, Carly Mensch","Alison Brie, Marc Maron, Betty Gilpin",A look at the personal and professional lives of a group of women who perform for a wrestling organization in Los Angeles during the 1980s.,"English, Spanish, Russian, Central Khmer",United States,Won 3 Primetime Emmys. 13 wins & 107 nominations total,https://m.media-amazon.com/images/M/MV5BY2RlNTc4NzMtNTNjZC00NWEyLTlhMWItMDdkM2E2ZTdkZWIyXkEyXkFqcGc@._V1_SX300.jpg,"[{'Source': 'Internet Movie Database', 'Value': '8.0/10'}]",N/A,8.0,"53,331",tt5770786,series,,,,,3
True,,The Bad Batch,The Bad Batch,2016,R,23 Jun 2017,118 min,"Action, Horror, Mystery",Ana Lily Amirpour,Ana Lily Amirpour,"Suki Waterhouse, Jason Momoa, Jayda Fink","In a desert dystopia, a young woman is kidnapped by cannibals.",English,United States,1 win & 4 nominations total,https://m.media-amazon.com/images/M/MV5BOTA3NTI2MzMwMF5BMl5BanBnXkFtZTgwNzY0OTcyMjI@._V1_SX300.jpg,"[{'Source': 'Internet Movie Database', 'Value': '5.2/10'}, {'Source': 'Rotten Tomatoes', 'Value': '45%'}, {'Source': 'Metacritic', 'Value': '62/100'}]",62,5.2,"37,081",tt4334266,movie,N/A,"$180,851",N/A,N/A,
True,,Oats Studios,Oats Studios,2017–2020,TV-MA,01 Jan 2017,16S min,"Short, Horror, Sci-Fi",N/A,N/A,"Toby Hargrave, Sigourney Weaver, Eugene Khumbanyiwa",Series of experimental short films that envision post-apocalyptic worlds and nightmarish scenarios.,English,United States,N/A,https://m.media-amazon.com/images/M/MV5BNGQ4Y2I3MDMtM2Y0ZC00YjkxLTg5M2YtZjg5ODBiNGM5NGE1XkEyXkFqcGc@._V1_SX300.jpg,"[{'Source': 'Internet Movie Database', 'Value': '6.3/10'}]",N/A,6.3,"4,773",tt16351432,series,,,,,1
True,,Tully,Tully,2018,R,04 May 2018,95 min,"Comedy, Drama, Mystery",Jason Reitman,Diablo Cody,"Charlize Theron, Mackenzie Davis, Ron Livingston",A struggling mother of three forms an unexpected bond with the night nanny hired to help with her newborn baby.,English,"United States, Canada",4 wins & 31 nominations total,https://m.media-amazon.com/images/M/MV5BMTU0OTM4NTMyMF5BMl5BanBnXkFtZTgwNDA5MzUwNTM@._V1_SX300.jpg,"[{'Source': 'Internet Movie Database', 'Value': '6.9/10'}, {'Source': 'Rotten Tomatoes', 'Value': '87%'}, {'Source': 'Metacritic', 'Value': '75/100'}]",75,6.9,"64,737",tt5610554,movie,N/A,"$9,369,755",N/A,N/A,
True,,Watership Down,Watership Down,1978,PG,01 Nov 1978,92 min,"Animation, Adventure, Drama","Martin Rosen, John Hubley","Richard Adams, Martin Rosen, John Hubley","John Hurt, Richard Briers, Ralph Richardson","Hoping to escape destruction by human developers and save their community, a colony of rabbits, led by Hazel and Fiver, seek out a safe place to set up a new warren.",English,"United Kingdom, United States",1 win & 4 nominations total,https://m.media-amazon.com/images/M/MV5BMTM5MTYzMTItYjJhZi00ZDQxLWI3NzYtMjQ2ZWVlYjVlMjMzXkEyXkFqcGc@._V1_SX300.jpg,"[{'Source': 'Internet Movie Database', 'Value': '7.5/10'}, {'Source': 'Rotten Tomatoes', 'Value': '81%'}, {'Source': 'Metacritic', 'Value': '64/100'}]",64,7.5,"41,934",tt0078480,movie,N/A,N/A,N/A,N/A,
False,Movie not found!,The Guernsey Literary & Potato Peel Pie Society,,,,,,,,,,,,,,,,,,,,,,,,,
True,,BAKI,Baki,2016–2020,TV-MA,18 Dec 2018,45 min,"Animation, Action, Drama",N/A,N/A,"Tôru Furuya, Kirk Thornton, Troy Baker","The protagonist, Baki Hanma, trains with an intense focus to become strong enough to surpass his father, Yujiro Hanma, the strongest fighter in the world.","English, Japanese","Japan, United States",1 nomination total,https://m.media-amazon.com/images/M/MV5BYmI0MTY0NDgtZDJkYy00Mzk0LWFiZjYtODYwODQyOTAwNzhjXkEyXkFqcGc@._V1_SX300.jpg,"[{'Source': 'Internet Movie Database', 'Value': '6.8/10'}]",N/A,6.8,"10,624",tt6357658,series,,,,,2
True,,The Foreigner,The Foreigner,2017,R,13 Oct 2017,113 min,"Action, Crime, Thriller",Martin Campbell,"David Marconi, Stephen Leather","Katie Leung, Jackie Chan, Rufus Jones","A humble businessman with a buried past seeks justice when his daughter is killed in an act of terrorism. A cat-and-mouse conflict ensues with a government official, whose past may hold clues to the killers' identities.","English, Mandarin","United Kingdom, China, United States, India, Switzerland",1 nomination total,https://m.media-amazon.com/images/M/MV5BNjBmY2MzYmMtNjdmMi00MWYyLTgwYTgtOTYwMTdmZTUxOGQxXkEyXkFqcGc@._V1_SX300.jpg,"[{'Source': 'Internet Movie Database', 'Value': '7.0/10'}, {'Source': 'Rotten Tomatoes', 'Value': '66%'}, {'Source': 'Metacritic', 'Value': '55/100'}]",55,7.0,"129,059",tt1615160,movie,N/A,"$34,393,507",N/A,N/A,
True,,"Can't Stop, Won't Stop: A Bad Boy Story","Can't Stop, Won't Stop: A Bad Boy Story",2017,TV-14,23 Jun 2017,80 min,"Documentary, Music",Daniel Kaufman,N/A,"Sean 'Diddy' Combs, Lil' Kim, Mase","A behind-the-scenes look at the prolific label's legacy and offer an in-depth look at the two-night anniversary extravaganza, that took place last May at Brooklyn's Barclays Center, in honor of the late rap great, The Notorious B....",English,United States,2 wins & 1 nomination,https://m.media-amazon.com/images/M/MV5BMjQ3OTE4MTYyOV5BMl5BanBnXkFtZTgwMjg3MzcxMjI@._V1_SX300.jpg,"[{'Source': 'Internet Movie Database', 'Value': '5.4/10'}, {'Source': 'Rotten Tomatoes', 'Value': '40%'}]",N/A,5.4,894,tt6628790,movie,N/A,N/A,N/A,N/A,
True,,Outlaw King,Outlaw King,2018,R,09 Nov 2018,121 min,"Action, Biography, Drama",David Mackenzie,"Bathsheba Doran, David Mackenzie, James MacInnes","Chris Pine, Stephen Dillane, Rebecca Robin",A true David vs. Goliath story of how the 14th century Scottish 'Outlaw King' Robert the Bruce used cunning and bravery to defeat the much larger and better equipped occupying English army.,"English, French, Gaelic, Latin","United Kingdom, United States",2 nominations total,https://m.media-amazon.com/images/M/MV5BZjI0MGZkYjItODFmZC00OWIyLTk4MDctYTIwZDZhYThhYWNlXkEyXkFqcGc@._V1_SX300.jpg,"[{'Source': 'Internet Movie Database', 'Value': '6.9/10'}, {'Source': 'Rotten Tomatoes', 'Value': '63%'}, {'Source': 'Metacritic', 'Value': '59/100'}]",59,6.9,"85,122",tt6679794,movie,N/A,N/A,N/A,N/A,
True,,Destination Wedding,Destination Wedding,2018,R,07 Sep 2018,87 min,"Comedy, Drama, Romance",Victor Levin,Victor Levin,"Winona Ryder, Keanu Reeves, DJ Dallenbach","The story of two miserable and unpleasant wedding guests, Lindsay and Frank, who develop a mutual affection despite themselves.","English, Spanish","United States, United Kingdom, Canada",N/A,https://m.media-amazon.com/images/M/MV5BNzgyN2M5ZGMtNDU5Zi00ZWQwLWIyMzMtNjAyY2I2NTY2ZThkXkEyXkFqcGc@._V1_SX300.jpg,"[{'Source': 'Internet Movie Database', 'Value': '6.0/10'}, {'Source': 'Rotten Tomatoes', 'Value': '51%'}, {'Source': 'Metacritic', 'Value': '46/100'}]",46,6.0,"35,304",tt6987770,movie,N/A,N/A,N/A,N/A,
True,,The Kominsky Method,The Kominsky Method,2018–2021,TV-MA,16 Nov 2018,2 min,"Comedy, Drama",N/A,Chuck Lorre,"Michael Douglas, Sarah Baker, Graham Rogers","An aging actor, who long ago enjoyed a brush with fame, makes his living as an acting coach.",English,United States,Nominated for 12 Primetime Emmys. 4 wins & 54 nominations total,https://m.media-amazon.com/images/M/MV5BMjUzNDU1MDM0NF5BMl5BanBnXkFtZTgwOTM5NzI1NjM@._V1_SX300.jpg,"[{'Source': 'Internet Movie Database', 'Value': '8.2/10'}]",N/A,8.2,"45,865",tt7255502,series,,,,,3
True,,Black Spot,Black Spot,2017–2019,TV-MA,31 May 2019,52 min,"Crime, Drama, Horror",N/A,Mathieu Missoffe,"Suliane Brahim, Hubert Delattre, Laurent Capelluto",A police chief and an eccentric new prosecutor investigate a string of grisly crimes and eerie phenomena in an isolated town at the edge of a forest.,French,"France, Belgium",8 wins & 5 nominations,https://m.media-amazon.com/images/M/MV5BYjVjMmE4OGUtYjYyYS00N2YxLTkwN2ItYmY3ZTViZDc5NzZiXkEyXkFqcGc@._V1_SX300.jpg,"[{'Source': 'Internet Movie Database', 'Value': '7.4/10'}]",N/A,7.4,"14,365",tt6519410,series,,,,,2
True,,Elite,Elite,2018–2024,TV-MA,05 Oct 2018,60 min,"Crime, Drama, Thriller",N/A,"Darío Madrona, Carlos Montero","Omar Ayuso, Itzan Escamilla, Miguel Bernardeau","When three low-income students are offered scholarships to attend an exclusive school, their affluent classmates react with distrust and hostility. The friction that ensues results in a murder, which irrevocably alters all of thei...",Spanish,Spain,4 wins & 14 nominations total,https://m.media-amazon.com/images/M/MV5BOTViZmMyNGUtZDhiMy00NGIxLTgzNzEtZmRhYjA4Y2E3NjIwXkEyXkFqcGc@._V1_SX300.jpg,"[{'Source': 'Internet Movie Database', 'Value': '7.1/10'}]",N/A,7.1,"98,128",tt7134908,series,,,,,8
True,,The Keepers,The Keepers,2017,TV-MA,19 May 2017,436 min,"Documentary, Crime, Mystery",N/A,N/A,"Gemma Hoskins, Abbie Schaub, Virginia Anzengruber",A seven-part docuseries about the unsolved murder of a nun and the horrific secrets and pain that linger nearly five decades after her death.,English,United States,Nominated for 1 Primetime Emmy. 1 win & 8 nominations total,https://m.media-amazon.com/images/M/MV5BODgwNDM1Mzg4NF5BMl5BanBnXkFtZTgwOTQ5NzQwMjI@._V1_SX300.jpg,"[{'Source': 'Internet Movie Database', 'Value': '8.0/10'}]",N/A,8.0,"26,062",tt6792200,series,,,,,1
True,,13 Reasons Why,13 Reasons Why,2017–2020,TV-MA,31 Mar 2017,60 min,"Drama, Mystery, Thriller",N/A,Brian Yorkey,"Dylan Minnette, Katherine Langford, Christian Navarro","Follows teenager Clay Jensen, in his quest to uncover the story behind his classmate and crush, Hannah, and her decision to end her life.",English,United States,5 wins & 15 nominations total,https://m.media-amazon.com/images/M/MV5BNThjYzQ3ZjYtM2I0ZC00OGNjLTlmNGItYjE3ZWI5MWIyMWYyXkEyXkFqcGc@._V1_SX300.jpg,"[{'Source': 'Internet Movie Database', 'Value': '7.4/10'}]",N/A,7.4,"332,527",tt1837492,series,,,,,4
True,,Bird Box,Bird Box,2018,R,21 Dec 2018,124 min,"Horror, Mystery, Sci-Fi",Susanne Bier,"Eric Heisserer, Josh Malerman","Sandra Bullock, Trevante Rhodes, John Malkovich","Five years after an ominous unseen presence drives most of society to suicide, a mother and her two children make a desperate bid to reach safety.",English,United States,5 wins & 9 nominations total,https://m.media-amazon.com/images/M/MV5BMjAzMTI1MjMyN15BMl5BanBnXkFtZTgwNzU5MTE2NjM@._V1_SX300.jpg,"[{'Source': 'Internet Movie Database', 'Value': '6.6/10'}, {'Source': 'Rotten Tomatoes', 'Value': '64%'}, {'Source': 'Metacritic', 'Value': '51/100'}]",51,6.6,"411,036",tt2737304,movie,N/A,N/A,N/A,N/A,
True,,The Babysitter,The Babysitter,2017,TV-MA,13 Oct 2017,85 min,"Comedy, Horror",McG,Brian Duffield,"Judah Lewis, Samara Weaving, Robbie Amell","When Cole stays up past his bedtime, he discovers that his hot baby sitter belongs to a satanic cult that will stop at nothing to keep him quiet.",English,United States,N/A,https://m.media-amazon.com/images/M/MV5BMTY0MDUwNzg5OV5BMl5BanBnXkFtZTgwNTY4NjU3MzI@._V1_SX300.jpg,"[{'Source': 'Internet Movie Database', 'Value': '6.4/10'}]",N/A,6.4,"116,231",tt4225622,movie,N/A,N/A,N/A,N/A,
True,,Imposters,Imposters,2017–2018,TV-14,07 Feb 2017,1 min,"Comedy, Crime, Drama",N/A,"Paul Adelstein, Adam Brooks","Inbar Lavi, Rob Heaps, Parker Young",A dark comedy that focuses on a female con artist who marries people and then disappears with their money.,English,"United States, Canada",1 win & 1 nomination total,https://m.media-amazon.com/images/M/MV5BNzYzMTY2MzYyNF5BMl5BanBnXkFtZTgwMjE2NDMzNTM@._V1_SX300.jpg,"[{'Source': 'Internet Movie Database', 'Value': '7.8/10'}]",N/A,7.8,"15,968",tt5212822,series,,,,,2
True,,Teasing Master Takagi-san,Teasing Master Takagi-san,2024–,TV-14,26 Mar 2024,N/A,"Comedy, Drama, Romance",N/A,Sôichirô Yamamoto,"Rui Tsukishima, Soya Kurokawa, Yôsuke Eguchi","Takagi loves playing good-natured pranks on her classmate Nishikata. But try as he might, he can never prank her back - she's just too clever.",Japanese,Japan,N/A,https://m.media-amazon.com/images/M/MV5BZWViZjg3YTYtN2M1MC00ODBlLTk4OTAtMDRlMWM5YzNkMGE0XkEyXkFqcGc@._V1_SX300.jpg,"[{'Source': 'Internet Movie Database', 'Value': '7.8/10'}]",N/A,7.8,469,tt29307607,series,,,,,1
True,,Narcos: Mexico,Narcos: Mexico,2018–2021,TV-MA,16 Nov 2018,2 min,"Biography, Crime, Drama",N/A,"Carlo Bernard, Chris Brancato, Doug Miro","Scoot McNairy, José María Yazpik, Alejandro Edda",The rise of the Guadalajara Cartel as an American DEA agent learns the danger of targeting narcos in Mexico.,English,United States,4 wins & 15 nominations total,https://m.media-amazon.com/images/M/MV5BM2FkZGQyODItOGFlNy00ZDA1LWFjMTEtMGUyYzk0ZDYzNmRjXkEyXkFqcGc@._V1_SX300.jpg,"[{'Source': 'Internet Movie Database', 'Value': '8.3/10'}]",N/A,8.3,"98,615",tt8714904,series,,,,,3
True,,Black Lightning,Black Lightning,2018–2021,TV-14,16 Jan 2018,43 min,"Action, Drama, Sci-Fi",N/A,Salim Akil,"Cress Williams, Nafessa Williams, Christine Adams",A crusading school principal gets back into action as the original African-American electrical superhero.,English,United States,1 win & 17 nominations total,https://m.media-amazon.com/images/M/MV5BZTI4NWZhNDItZTg5MS00NzhjLWFhOGYtM2JjZGI5NjZhYTEwXkEyXkFqcGc@._V1_SX300.jpg,"[{'Source': 'Internet Movie Database', 'Value': '6.1/10'}]",N/A,6.1,"28,353",tt6045840,series,,,,,4
True,,Salt Fat Acid Heat,Salt Fat Acid Heat,2018,N/A,11 Oct 2018,N/A,Documentary,N/A,N/A,Samin Nosrat,"Docuseries, based on the award-winning book, explores the essence of cooking and the vital ingredients at the heart of a great dish.",N/A,N/A,3 nominations,https://m.media-amazon.com/images/M/MV5BMTAwODYzNjYxMDVeQTJeQWpwZ15BbWU4MDQ1MzQ2NDYz._V1_SX300.jpg,"[{'Source': 'Internet Movie Database', 'Value': '7.7/10'}]",N/A,7.7,"2,887",tt8772088,series,,,,,1
True,,The Package,The Package,2018,TV-MA,10 Aug 2018,94 min,"Comedy, Thriller",Jake Szymanski,"Kevin Burrows, Matt Mider","Daniel Doheny, Geraldine Viswanathan, Sadie Calvano","When a group of teenage friends go on a spring break camping trip, an unfortunate accident sets off a race against time to save their friend's most prized possession.",English,"United States, Canada",1 win & 2 nominations total,https://m.media-amazon.com/images/M/MV5BYmFlMWIwZjQtN2NlZi00OTlkLTkwNTgtOGZmMTZjY2Y0ZjJjXkEyXkFqcGc@._V1_SX300.jpg,"[{'Source': 'Internet Movie Database', 'Value': '5.6/10'}, {'Source': 'Rotten Tomatoes', 'Value': '37%'}]",N/A,5.6,"22,241",tt7525778,movie,N/A,N/A,N/A,N/A,
True,,Replicas,Replicas,2018,PG-13,11 Jan 2019,107 min,"Action, Drama, Sci-Fi",Jeffrey Nachmanoff,"Chad St. John, Stephen Hamel","Keanu Reeves, Alice Eve, Thomas Middleditch",A scientist becomes obsessed with bringing back his family members who died in a traffic accident.,English,"United States, United Kingdom, China, Puerto Rico",1 nomination total,https://m.media-amazon.com/images/M/MV5BODNhZDU0NzgtNjMxOC00ZGMzLThhZDctMzk5NzExMzIzZjFlXkEyXkFqcGc@._V1_SX300.jpg,"[{'Source': 'Internet Movie Database', 'Value': '5.5/10'}, {'Source': 'Rotten Tomatoes', 'Value': '9%'}, {'Source': 'Metacritic', 'Value': '19/100'}]",19,5.5,"43,886",tt4154916,movie,N/A,"$4,046,429",N/A,N/A,
True,,Cam,Cam,2018,TV-MA,16 Nov 2018,94 min,"Drama, Horror, Mystery",Daniel Goldhaber,"Isa Mazzei, Daniel Goldhaber, Isabelle Link-Levy","Madeline Brewer, Patch Darragh, Melora Walters","Alice, an ambitious camgirl, wakes up one day to discover she's been replaced on her show with an exact replica of herself.",English,United States,6 wins & 3 nominations total,https://m.media-amazon.com/images/M/MV5BMmEyNzUwNmItOTI1Mi00ZmVlLTkxZWEtOGY0Y2Y2YzU0YzRkXkEyXkFqcGc@._V1_SX300.jpg,"[{'Source': 'Internet Movie Database', 'Value': '5.9/10'}, {'Source': 'Rotten Tomatoes', 'Value': '93%'}, {'Source': 'Metacritic', 'Value': '71/100'}]",71,5.9,"38,609",tt8361028,movie,N/A,N/A,N/A,N/A,
True,,Mystery Science Theater 3000,Mystery Science Theater 3000,1988–1999,TV-14,10 May 1988,92 min,"Comedy, Sci-Fi",N/A,Joel Hodgson,"Joel Hodgson, Michael J. Nelson, Trace Beaulieu","In the not-too-distant future Joel Robinson is held captive by Dr. Forrester and TV's Frank, forced to watch B-Grade movies on the Satellite of Love with the help of his robot friends: Cambot, Gypsy, Tom Servo and Crow T. Robot.",English,United States,Nominated for 2 Primetime Emmys. 8 wins & 16 nominations total,https://m.media-amazon.com/images/M/MV5BNDA1MjM1Y2ItNjJjZi00ZjFkLWI5MjMtYWM3ODIwZDI5M2IzXkEyXkFqcGc@._V1_SX300.jpg,"[{'Source': 'Internet Movie Database', 'Value': '8.6/10'}]",N/A,8.6,"27,254",tt0094517,series,,,,,11
True,,Deadwind,Deadwind,2018–2021,TV-MA,23 Aug 2018,1 min,"Crime, Drama, Mystery",N/A,"Rike Jokela, Kirsi Porkka, Jari Olavi Rantala","Pihla Viitala, Lauri Tilkanen, Mimosa Willamo","When Sofia Karppi discovers the body of a young woman on a construction site, she triggers a chain of events that threatens to destroy her life--again.","Finnish, German, English","Finland, Germany, France",1 win & 2 nominations total,https://m.media-amazon.com/images/M/MV5BYzlkMjFmYzctNzc2MS00N2Q5LTllYzItODBmOTBkMTk3YzQyXkEyXkFqcGc@._V1_SX300.jpg,"[{'Source': 'Internet Movie Database', 'Value': '7.3/10'}]",N/A,7.3,"14,340",tt6616260,series,,,,,3
True,,My Next Guest Needs No Introduction With David Letterman,My Next Guest Needs No Introduction with David Letterman,2018–,TV-MA,12 Jan 2018,1 min,Talk-Show,N/A,David Letterman,"David Letterman, Kim Kardashian, George Clooney",Comedian David Letterman interviews people he finds fascinating.,English,United States,Won 1 Primetime Emmy. 2 wins & 8 nominations total,https://m.media-amazon.com/images/M/MV5BMzM5MjI5MjQtNmE4ZS00YjlkLWFiM2YtYTQ4YmQ0NWE0ODliXkEyXkFqcGc@._V1_SX300.jpg,"[{'Source': 'Internet Movie Database', 'Value': '7.8/10'}]",N/A,7.8,"6,348",tt7829834,series,,,,,5
True,,Seven Seconds,Seven Seconds,2018,TV-MA,23 Feb 2018,60 min,"Crime, Drama",N/A,Veena Sud,"Clare-Hope Ashitey, Beau Knapp, Michael Mosley",Tensions run high between black citizens and white cops in Jersey City when a black teenage boy is critically injured by a cop.,English,United States,Won 1 Primetime Emmy. 8 wins & 12 nominations total,https://m.media-amazon.com/images/M/MV5BNDdhNzA2NzktNTUxMS00Yzc5LWFlMDktMjk1ZjQxOWJkZmJjXkEyXkFqcGc@._V1_SX300.jpg,"[{'Source': 'Internet Movie Database', 'Value': '7.7/10'}]",N/A,7.7,"21,286",tt6297682,series,,,,,1
True,,Queer Eye,Queer Eye,2018–,TV-14,07 Feb 2018,45 min,Reality-TV,N/A,David Collins,"Antoni Porowski, Tan France, Karamo Brown","A new Fab Five set out to Atlanta to help some of the city's people refine their wardrobes, grooming, diet, cultural pursuits, and home décor.",English,United States,Won 11 Primetime Emmys. 25 wins & 74 nominations total,https://m.media-amazon.com/images/M/MV5BMTNiNDdjMTQtZDQ1ZC00NDlkLTljM2QtYjFlMWZlZjc3YmIxXkEyXkFqcGc@._V1_SX300.jpg,"[{'Source': 'Internet Movie Database', 'Value': '8.5/10'}]",N/A,8.5,"21,873",tt7259746,series,,,,,9
True,,Violet Evergarden,Violet Evergarden,2018,TV-14,22 Aug 2020,24 min,"Animation, Drama, Fantasy",N/A,N/A,"Yui Ishikawa, Erika Harlacher, Sanshi","In the aftermath of a great war, Violet Evergarden, a young female ex-soldier, gets a job at a writers' agency and goes on assignments to create letters that can connect people.","Japanese, English",Japan,7 wins & 12 nominations total,https://m.media-amazon.com/images/M/MV5BMWUwNDFiNjQtYjQ0MC00MTcxLWE0MGQtNTdkYTlhZGU2NDFmXkEyXkFqcGc@._V1_SX300.jpg,"[{'Source': 'Internet Movie Database', 'Value': '8.4/10'}]",N/A,8.4,"35,992",tt7078180,series,,,,,1
True,,Rascal Does Not Dream of Bunny Girl Senpai,Rascal Does Not Dream of Bunny Girl Senpai,2018,TV-14,03 Oct 2018,1 min,"Animation, Drama, Fantasy",N/A,Hajime Kamoshida,"Kaito Ishikawa, Asami Seto, Yurika Kubo","After experiencing ""puberty syndrome"" himself, high school pariah Sakuta keeps meeting girls suffering from it, including his sister and actor Mai.","Japanese, French, German, English",Japan,12 wins & 15 nominations total,https://m.media-amazon.com/images/M/MV5BZWRjNWY5YmItZTFkNS00ZjdiLWJiMWMtODFjYzk1NjU2MWU0XkEyXkFqcGc@._V1_SX300.jpg,"[{'Source': 'Internet Movie Database', 'Value': '8.0/10'}]",N/A,8.0,"22,473",tt8993398,series,,,,,1
True,,Level 16,Level 16,2018,Not Rated,27 May 2019,102 min,"Drama, Mystery, Thriller",Danishka Esterhazy,"Danishka Esterhazy, Katharine Montagu, Ken Chubb","Katie Douglas, Celina Martin, Sara Canning","In a highly regimented boarding school, a pair of students discover that things are not as they seem.","English, Russian",Canada,3 wins total,https://m.media-amazon.com/images/M/MV5BOTdlMmFkYTgtOTU5NC00ZGNjLTg1MjMtOWEzMjBjZDk0MDM3XkEyXkFqcGc@._V1_SX300.jpg,"[{'Source': 'Internet Movie Database', 'Value': '6.1/10'}, {'Source': 'Rotten Tomatoes', 'Value': '83%'}, {'Source': 'Metacritic', 'Value': '46/100'}]",46,6.1,"18,431",tt4006302,movie,N/A,N/A,N/A,N/A,
True,,Abducted in Plain Sight,Abducted in Plain Sight,2017,TV-14,15 Jan 2019,91 min,"Documentary, Crime",Skye Borgman,N/A,"Bob Broberg, Karen Campbell, Jan Broberg","The twisting, turning, stranger-than-fiction true story of the Brobergs, a naive, church-going Idaho family that fell under the spell of a sociopathic neighbor with designs on their twelve-year-old daughter.",English,United States,14 wins & 2 nominations total,https://m.media-amazon.com/images/M/MV5BODQ1ZWE4ZDUtMzgxMC00ZjQ1LWJhMDMtMjc4ZDk5ZTFlNjM5XkEyXkFqcGc@._V1_SX300.jpg,"[{'Source': 'Internet Movie Database', 'Value': '6.8/10'}, {'Source': 'Rotten Tomatoes', 'Value': '74%'}]",N/A,6.8,"23,116",tt3444312,movie,N/A,N/A,N/A,N/A,
False,Movie not found!,The Meyerowitz Stories (New and Selected),,,,,,,,,,,,,,,,,,,,,,,,,
True,,James Acaster: Repertoire,James Acaster: Repertoire,2018,TV-MA,27 Mar 2018,205 min,Comedy,N/A,N/A,"James Acaster, Stuart Laws, Pat Cahill",James Acaster presents four interwoven stand-up comedy specials.,English,United Kingdom,N/A,https://m.media-amazon.com/images/M/MV5BMzFjOTJlZDEtY2NmMC00YzY2LWExMTgtZWRmNmE3MGM2ODNkXkEyXkFqcGc@._V1_SX300.jpg,"[{'Source': 'Internet Movie Database', 'Value': '8.4/10'}]",N/A,8.4,"4,581",tt7818686,series,,,,,1
True,,I Don't Feel at Home in This World Anymore,I Don't Feel at Home in This World Anymore,2017,TV-MA,24 Feb 2017,93 min,"Comedy, Crime, Drama",Macon Blair,Macon Blair,"Melanie Lynskey, Chris Doubek, Marilyn Faith Hickey","When a depressed woman is burgled, she finds a new sense of purpose by tracking down the thieves along with her obnoxious neighbor. But they soon find themselves dangerously out of their depth against a pack of degenerate criminals.",English,United States,3 wins & 3 nominations total,https://m.media-amazon.com/images/M/MV5BNzgwOGYwYzktNTBiMi00ZjlkLTliNDEtZDI1ZWFlZWE0NWJiXkEyXkFqcGc@._V1_SX300.jpg,"[{'Source': 'Internet Movie Database', 'Value': '6.9/10'}, {'Source': 'Rotten Tomatoes', 'Value': '89%'}, {'Source': 'Metacritic', 'Value': '75/100'}]",75,6.9,"66,648",tt5710514,movie,N/A,N/A,N/A,N/A,
True,,Step Sisters,Step Sisters,2018,PG-13,19 Jan 2018,108 min,Comedy,Charles Stone III,Chuck Hayward,"Megalyn Echikunwoke, Eden Sher, Lyndon Smith","To get the college dean's backing for Harvard, Jamilah has to teach girls at a white sorority to step dance.",English,United States,N/A,https://m.media-amazon.com/images/M/MV5BMjI0ODYyOTI0NF5BMl5BanBnXkFtZTgwOTY5ODg0NDM@._V1_SX300.jpg,"[{'Source': 'Internet Movie Database', 'Value': '5.5/10'}, {'Source': 'Rotten Tomatoes', 'Value': '22%'}]",N/A,5.5,"4,967",tt5267472,movie,N/A,N/A,N/A,N/A,
True,,Devilman Crybaby,Devilman Crybaby,2018,TV-MA,05 Jan 2018,25 min,"Animation, Action, Drama",N/A,N/A,"Kôki Uchiyama, Ayumu Murase, Griffin Burns","With demons reawakened and humanity in turmoil, a sensitive demon-boy is led into a brutal, degenerate war against evil by his mysterious friend.","Japanese, English",Japan,3 wins & 7 nominations total,https://m.media-amazon.com/images/M/MV5BMjRjOGI4M2YtMGQ4NC00OTk3LTg4MWItYjBjYzNiOGI0Y2ZkXkEyXkFqcGc@._V1_SX300.jpg,"[{'Source': 'Internet Movie Database', 'Value': '7.6/10'}]",N/A,7.6,"33,466",tt6660498,series,,,,,1
True,,The Shack,The Shack,2017,PG-13,03 Mar 2017,132 min,"Drama, Fantasy",Stuart Hazeldine,"John Fusco, Andrew Lanham, Destin Daniel Cretton","Sam Worthington, Octavia Spencer, Tim McGraw","A grieving man receives a mysterious, personal invitation to meet with God at a place called ""The Shack.""",English,"United States, Canada, Hong Kong",3 wins & 2 nominations total,https://m.media-amazon.com/images/M/MV5BMjI3MDMxNzcxNl5BMl5BanBnXkFtZTgwODc4MzkwOTE@._V1_SX300.jpg,"[{'Source': 'Internet Movie Database', 'Value': '6.3/10'}, {'Source': 'Rotten Tomatoes', 'Value': '20%'}, {'Source': 'Metacritic', 'Value': '32/100'}]",32,6.3,"41,656",tt2872518,movie,N/A,"$57,386,418",N/A,N/A,
True,,Hilda,Hilda,2018–2023,TV-Y7,21 Sep 2018,1 min,"Animation, Adventure, Drama",N/A,"Kurt Mueller, Luke Pearson, Stephanie Simpson","Bella Ramsey, Ameerah Falzon, Oliver Nelson","A fearless blue-haired girl named Hilda leaves the forest to go to town and find new friends, great adventures, magic and mysterious creatures who might be dangerous.",English,"United Kingdom, Canada, United States",Won 1 BAFTA Award12 wins & 14 nominations total,https://m.media-amazon.com/images/M/MV5BYmI2ZGE3ODQtYzk1ZC00ZDY3LWI3YzItNjhiOGE2OTM3NjVhXkEyXkFqcGc@._V1_SX300.jpg,"[{'Source': 'Internet Movie Database', 'Value': '8.6/10'}]",N/A,8.6,"15,498",tt6385540,series,,,,,3
True,,Calibre,Calibre,2018,TV-MA,29 Jun 2018,101 min,"Drama, Thriller",Matt Palmer,Matt Palmer,"Jack Lowden, Martin McCann, Tony Curran",A shocking deed turned their weekend trip into a nightmare. Now their only hope is to swallow their paranoia and act normal.,English,United Kingdom,2 wins & 7 nominations total,https://m.media-amazon.com/images/M/MV5BMTZhMzBmZTktNmMzOS00ZDY0LThhYWItOTMyMmVmMGM0NmU2XkEyXkFqcGc@._V1_SX300.jpg,"[{'Source': 'Internet Movie Database', 'Value': '6.8/10'}, {'Source': 'Rotten Tomatoes', 'Value': '100%'}, {'Source': 'Metacritic', 'Value': '76/100'}]",76,6.8,"35,126",tt6218358,movie,N/A,N/A,N/A,N/A,
True,,Apostle,Apostle,2018,TV-MA,12 Oct 2018,130 min,"Drama, Fantasy, Horror",Gareth Evans,Gareth Evans,"Dan Stevens, Richard Elfyn, Paul Higgins","In 1905, a drifter on a dangerous mission to rescue his kidnapped sister tangles with a sinister religious cult on an isolated island.","English, Chinese","United Kingdom, United States",1 win & 8 nominations total,https://m.media-amazon.com/images/M/MV5BMTY1NDk0NjI4MV5BMl5BanBnXkFtZTgwNjUyNzMwNjM@._V1_SX300.jpg,"[{'Source': 'Internet Movie Database', 'Value': '6.3/10'}, {'Source': 'Rotten Tomatoes', 'Value': '79%'}, {'Source': 'Metacritic', 'Value': '62/100'}]",62,6.3,"62,837",tt6217306,movie,N/A,N/A,N/A,N/A,
True,,Beirut,Beirut,2018,R,11 Apr 2018,109 min,"Action, Adventure, Crime",Brad Anderson,Tony Gilroy,"Jon Hamm, Jay Potter, Khalid Benchagra","Caught in the crossfires of civil war, CIA operatives must send a former U.S. diplomat to negotiate for the life of a friend he left behind.","English, Arabic, French, Hebrew",United States,1 nomination total,https://m.media-amazon.com/images/M/MV5BZTk1ZDRjNzctZjYzYy00NmIyLWFkNGYtYWQwODg4YzQwZjZiXkEyXkFqcGc@._V1_SX300.jpg,"[{'Source': 'Internet Movie Database', 'Value': '6.5/10'}, {'Source': 'Rotten Tomatoes', 'Value': '81%'}, {'Source': 'Metacritic', 'Value': '69/100'}]",69,6.5,"26,183",tt4669264,movie,N/A,"$5,019,226",N/A,N/A,
True,,To All the Boys I've Loved Before,To All the Boys I've Loved Before,2018,TV-14,17 Aug 2018,99 min,"Comedy, Drama, Romance",Susan Johnson,"Sofia Alvarez, Jenny Han","Lana Condor, Noah Centineo, Janel Parrish",A teenage girl's secret love letters are exposed and wreak havoc on her love life.,English,United States,5 wins & 11 nominations total,https://m.media-amazon.com/images/M/MV5BMjQ3NjM5MTAzN15BMl5BanBnXkFtZTgwODQzMDAwNjM@._V1_SX300.jpg,"[{'Source': 'Internet Movie Database', 'Value': '7.0/10'}, {'Source': 'Rotten Tomatoes', 'Value': '96%'}, {'Source': 'Metacritic', 'Value': '64/100'}]",64,7.0,"135,017",tt3846674,movie,N/A,N/A,N/A,N/A,
True,,Collateral,Collateral,2004,R,06 Aug 2004,120 min,"Action, Crime, Drama",Michael Mann,Stuart Beattie,"Tom Cruise, Jamie Foxx, Jada Pinkett Smith",A cab driver finds himself the hostage of an engaging contract killer as he makes his rounds from hit to hit during one night in Los Angeles.,"English, Spanish, French, Korean",United States,Nominated for 2 Oscars. 22 wins & 73 nominations total,https://m.media-amazon.com/images/M/MV5BMjE3NjM5OTMxMV5BMl5BanBnXkFtZTcwOTIzMTQyMw@@._V1_SX300.jpg,"[{'Source': 'Internet Movie Database', 'Value': '7.5/10'}, {'Source': 'Rotten Tomatoes', 'Value': '86%'}, {'Source': 'Metacritic', 'Value': '71/100'}]",71,7.5,"455,549",tt0369339,movie,N/A,"$101,005,703",N/A,N/A,
True,,Cells at Work!,Cells at Work!,2018–2021,TV-14,08 Jul 2018,24 min,"Animation, Action, Adventure",N/A,N/A,"Mamiko Noto, Karen Strassman, Dorah Fine","One newcomer red blood cell just wants to do her job. Between bacteria incursions and meeting a certain white blood cell, she's got a lot to learn.",Japanese,Japan,4 wins & 12 nominations total,https://m.media-amazon.com/images/M/MV5BZTNkYjAwMGQtNDMzYy00ODEzLTlhZGMtNmUxNzJiYzU0NjM2XkEyXkFqcGc@._V1_SX300.jpg,"[{'Source': 'Internet Movie Database', 'Value': '7.5/10'}]",N/A,7.5,"3,370",tt8673610,series,,,,,2
True,,My Little Pony: Equestria Girls,My Little Pony: Equestria Girls,2013,TV-Y,15 Jun 2016,72 min,"Animation, Comedy, Family","Jayson Thiessen, Noelle Benvenuti","Meghan McCarthy, Lauren Faust, Bonnie Zacherle","Tara Strong, Ashleigh Ball, Andrea Libman","Via a magic mirror, Twilight Sparkle travels into an alternate universe in order to recover a crown that was stolen from the Crystal Empire. Upon her arrival she is horrified to learn that she has turned into a human.",English,"Canada, United States",2 wins & 2 nominations total,https://m.media-amazon.com/images/M/MV5BMGQzZDA4MTktZTAxMC00ZmJiLThmODUtZjRlODcxMjQzODc5XkEyXkFqcGc@._V1_SX300.jpg,"[{'Source': 'Internet Movie Database', 'Value': '6.3/10'}]",N/A,6.3,"6,533",tt2908228,movie,N/A,N/A,N/A,N/A,
True,,The Dragon Prince,The Dragon Prince,2018–2024,TV-Y7,14 Sep 2018,1 min,"Animation, Action, Adventure",Justin Richmond,"Aaron Ehasz, Justin Richmond","Jack De Sena, Paula Burrows, Sasha Rojen","Two human princes forge an unlikely bond with the elfin assassin sent to kill them, embarking on an epic quest to bring peace to their warring lands.",English,"United States, Canada",5 wins & 17 nominations total,https://m.media-amazon.com/images/M/MV5BMDg2YjI2YjYtYjY2Ny00ODg2LWIxNWQtODM3NjE1MzNkNjExXkEyXkFqcGc@._V1_SX300.jpg,"[{'Source': 'Internet Movie Database', 'Value': '8.3/10'}]",N/A,8.3,"30,492",tt8688814,series,,,,,7
True,,Mirai,Mirai,2018,PG,20 Jul 2018,98 min,"Animation, Adventure, Drama",Mamoru Hosoda,Mamoru Hosoda,"Daniel Dae Kim, Rebecca Hall, John Cho","A young boy encounters a magical garden which enables him to travel through time and meet his relatives from different eras, with guidance by his younger sister from the future.","Japanese, English",Japan,Nominated for 1 Oscar. 5 wins & 36 nominations total,https://m.media-amazon.com/images/M/MV5BY2VjNzk0YzMtMzAwMC00NWU2LWJiM2YtMWIwNWZkNDNlZmU0XkEyXkFqcGc@._V1_SX300.jpg,"[{'Source': 'Internet Movie Database', 'Value': '7.0/10'}, {'Source': 'Rotten Tomatoes', 'Value': '91%'}, {'Source': 'Metacritic', 'Value': '81/100'}]",81,7.0,"19,306",tt6900448,movie,N/A,"$812,794",N/A,N/A,
True,,Rust Valley Restorers,Rust Valley Restorers,2018–,TV-14,06 Dec 2018,46S min,"Documentary, Reality-TV",N/A,"Matthew Shewchuk, Tyson Hepburn","Michael Daingerfield, Mike Hall, Avery Shoaf","Colorful, charismatic characters run a restoration shop and use their impressive skills and experience to restore, trade, and sell classic cars--transforming piles of rust into collectible car treasures.",English,Canada,5 wins & 5 nominations total,https://m.media-amazon.com/images/M/MV5BZjFkNzdkYWUtNDNmYS00NmVjLTk4NmEtMDU3OWE2NjllNDgxXkEyXkFqcGc@._V1_SX300.jpg,"[{'Source': 'Internet Movie Database', 'Value': '7.7/10'}]",N/A,7.7,"3,534",tt9498102,series,,,,,5
False,Movie not found!,Bāhubali 2: The Conclusion,,,,,,,,,,,,,,,,,,,,,,,,,
True,,Berlin Syndrome,Berlin Syndrome,2017,R,26 May 2017,116 min,"Drama, Horror, Mystery",Cate Shortland,"Shaun Grant, Melanie Joosten, Cate Shortland","Teresa Palmer, Max Riemelt, Matthias Habich",A passionate holiday romance leads to an obsessive relationship when an Australian photojournalist awakens in a Berlin apartment one morning and is unable to leave.,"English, German, Russian","Australia, France",1 win & 23 nominations total,https://m.media-amazon.com/images/M/MV5BN2JiMGQ3Y2UtMTM4Mi00MTAzLWE1ZTMtYjUxOWU3MjA0ZjQ5XkEyXkFqcGc@._V1_SX300.jpg,"[{'Source': 'Internet Movie Database', 'Value': '6.3/10'}, {'Source': 'Rotten Tomatoes', 'Value': '74%'}, {'Source': 'Metacritic', 'Value': '70/100'}]",70,6.3,"28,749",tt3335606,movie,N/A,"$28,660",N/A,N/A,
True,,Icarus,Icarus,2017,TV-MA,04 Aug 2017,120 min,"Documentary, Sport",Bryan Fogel,"Bryan Fogel, Mark Monroe, Jon Bertain","Bryan Fogel, Dave Zabriskie, Don Catlin","When Bryan sets out to uncover the truth about doping in sports, a chance meeting with a Russian scientist transforms his story from a personal experiment into a geopolitical thriller.","English, Russian","United States, United Kingdom",Won 1 Oscar. 9 wins & 14 nominations total,https://m.media-amazon.com/images/M/MV5BNGE4M2MxOWUtYmY2ZC00ZWYxLWIxZTAtNTNjYTZmYmUyOGY2XkEyXkFqcGc@._V1_SX300.jpg,"[{'Source': 'Internet Movie Database', 'Value': '7.9/10'}, {'Source': 'Rotten Tomatoes', 'Value': '92%'}, {'Source': 'Metacritic', 'Value': '68/100'}]",68,7.9,"56,201",tt6333060,movie,N/A,N/A,N/A,N/A,
True,,Five Came Back,Five Came Back,2017,TV-14,31 Mar 2017,2 min,"Documentary, Biography, History",N/A,N/A,"Steven Spielberg, Meryl Streep, Guillermo del Toro",The wartime contributions of five prominent Hollywood film directors during World War II are profiled.,English,United States,Won 1 Primetime Emmy. 2 wins & 7 nominations total,https://m.media-amazon.com/images/M/MV5BMjMwOTM1MTY5NF5BMl5BanBnXkFtZTgwMjQ0MTM4MTI@._V1_SX300.jpg,"[{'Source': 'Internet Movie Database', 'Value': '8.2/10'}]",N/A,8.2,"5,513",tt6587094,series,,,,,1
True,,She-Ra and the Princesses of Power,She-Ra and the Princesses of Power,2018–2020,TV-Y7-FV,13 Nov 2018,30S min,"Animation, Action, Adventure",N/A,Nate Stevenson,"Aimee Carrero, Marcus Scribner, Karen Fukuhara","She-Ra, Princess of Power, leads a rebellion to free her land of Etheria from the monstrous invaders the Horde.",English,"United States, South Korea",1 win & 11 nominations total,https://m.media-amazon.com/images/M/MV5BMjI3MTI2NzY0M15BMl5BanBnXkFtZTgwNDY3MjA1NjM@._V1_SX300.jpg,"[{'Source': 'Internet Movie Database', 'Value': '8.1/10'}]",N/A,8.1,"21,245",tt7745956,series,,,,,5
True,,The Kindergarten Teacher,The Kindergarten Teacher,2018,R,12 Oct 2018,96 min,"Drama, Thriller",Sara Colangelo,"Sara Colangelo, Nadav Lapid","Maggie Gyllenhaal, Gael García Bernal, Ato Blankson-Wood",A kindergarten teacher in New York becomes obsessed with one of her students who she believes is a child prodigy.,English,"United States, Israel, United Kingdom, Canada",3 wins & 12 nominations total,https://m.media-amazon.com/images/M/MV5BZDg3OWZjZTMtZDBjNS00N2UxLTkzZjktZjBiOWM1ZTU2YWJiXkEyXkFqcGc@._V1_SX300.jpg,"[{'Source': 'Internet Movie Database', 'Value': '6.7/10'}, {'Source': 'Rotten Tomatoes', 'Value': '90%'}, {'Source': 'Metacritic', 'Value': '75/100'}]",75,6.7,"18,383",tt6952960,movie,N/A,N/A,N/A,N/A,
True,,Chilling Adventures of Sabrina,Chilling Adventures of Sabrina,2018–2020,TV-14,26 Oct 2018,60 min,"Drama, Fantasy, Horror",N/A,Roberto Aguirre-Sacasa,"Kiernan Shipka, Ross Lynch, Lucy Davis","As her 16th birthday nears, Sabrina Spellman must reconcile her dual nature as a half-witch, half-mortal while fighting the evil forces that threaten her, her family, and the daylight world humans inhabit.",English,United States,8 wins & 27 nominations total,https://m.media-amazon.com/images/M/MV5BOTQyMDYwNDMyOV5BMl5BanBnXkFtZTgwMjM4NTIzNjM@._V1_SX300.jpg,"[{'Source': 'Internet Movie Database', 'Value': '7.4/10'}]",N/A,7.4,"113,720",tt7569592,series,,,,,4
True,,1922,1922,2017,TV-MA,20 Oct 2017,102 min,"Crime, Drama, Horror",Zak Hilditch,"Stephen King, Zak Hilditch","Thomas Jane, Molly Parker, Dylan Schmid","In the year 1922, a rancher conspires to murder his wife for financial gain and convinces his teenage son to participate.",English,"United States, Canada",1 win & 4 nominations total,https://m.media-amazon.com/images/M/MV5BOTE0N2E5NGUtYTYxZi00ZWNkLWExOTctZDdlYmU3MGVlNWE4XkEyXkFqcGc@._V1_SX300.jpg,"[{'Source': 'Internet Movie Database', 'Value': '6.2/10'}, {'Source': 'Rotten Tomatoes', 'Value': '92%'}, {'Source': 'Metacritic', 'Value': '70/100'}]",70,6.2,"74,778",tt6214928,movie,N/A,N/A,N/A,N/A,
True,,Veronica,Veronica,2017,TV-MA,25 Aug 2017,105 min,"Horror, Mystery",Paco Plaza,"Paco Plaza, Fernando Navarro, Coral Cruz","Sandra Escacena, Bruna González, Claudia Placer","Madrid, 1991. A teen girl finds herself besieged by an evil supernatural force after she played Ouija with two classmates.",Spanish,Spain,5 wins & 19 nominations total,https://m.media-amazon.com/images/M/MV5BNDI3MjMxYTktZjQ0My00MDVlLWE1MzYtYjliNjFmNmNjMzQxXkEyXkFqcGc@._V1_SX300.jpg,"[{'Source': 'Internet Movie Database', 'Value': '6.2/10'}, {'Source': 'Rotten Tomatoes', 'Value': '86%'}]",N/A,6.2,"50,898",tt5862312,movie,N/A,N/A,N/A,N/A,
True,,Little Italy,Little Italy,2018,R,21 Sep 2018,102 min,"Comedy, Romance",Donald Petrie,"Steve Galluccio, Vinay Virmani, Brent Cote","Emma Roberts, Hayden Christensen, Danny Aiello","A young couple must navigate a blossoming romance, amidst a war between their families' competing pizza restaurants.","English, Italian, Latin","Canada, United States",N/A,https://m.media-amazon.com/images/M/MV5BMjM3MDc2NDc2N15BMl5BanBnXkFtZTgwNzg2NjExNjM@._V1_SX300.jpg,"[{'Source': 'Internet Movie Database', 'Value': '5.7/10'}, {'Source': 'Rotten Tomatoes', 'Value': '13%'}, {'Source': 'Metacritic', 'Value': '28/100'}]",28,5.7,"19,238",tt6957966,movie,N/A,"$990,230",N/A,N/A,
True,,Hold the Dark,Hold the Dark,2018,TV-MA,28 Sep 2018,125 min,"Action, Crime, Drama",Jeremy Saulnier,"Macon Blair, William Giraldi","Jeffrey Wright, Alexander Skarsgård, James Badge Dale","After the deaths of three children suspected to be killed by wolves, writer Russell Core is hired by the mother of a missing six-year-old boy to track down and locate her son in the Alaskan wilderness.",English,United States,1 win total,https://m.media-amazon.com/images/M/MV5BMjMwOTQ1MzM3M15BMl5BanBnXkFtZTgwODQyNDQxNjM@._V1_SX300.jpg,"[{'Source': 'Internet Movie Database', 'Value': '5.7/10'}, {'Source': 'Rotten Tomatoes', 'Value': '69%'}, {'Source': 'Metacritic', 'Value': '63/100'}]",63,5.7,"41,940",tt5057140,movie,N/A,N/A,N/A,N/A,
True,,Mute,Mute,2018,TV-MA,23 Feb 2018,126 min,"Mystery, Sci-Fi, Thriller",Duncan Jones,"Michael Robert Johnson, Duncan Jones","Alexander Skarsgård, Paul Rudd, Justin Theroux",A mute bartender goes up against his city's gangsters in an effort to find out what happened to his missing partner.,"English, German","United Kingdom, Germany",1 nomination total,https://m.media-amazon.com/images/M/MV5BMjAwNTE3MjQ2M15BMl5BanBnXkFtZTgwNjgzNjk2NDM@._V1_SX300.jpg,"[{'Source': 'Internet Movie Database', 'Value': '5.5/10'}, {'Source': 'Rotten Tomatoes', 'Value': '20%'}, {'Source': 'Metacritic', 'Value': '35/100'}]",35,5.5,"39,087",tt1464763,movie,N/A,N/A,N/A,N/A,
True,,The Perfection,The Perfection,2018,TV-MA,24 May 2019,90 min,"Drama, Horror, Thriller",Richard Shepard,"Richard Shepard, Nicole Snyder, Eric C. Charmelo","Marie Maskell, Allison Williams, Christina Jastrzembska","When troubled musical prodigy Charlotte seeks out Elizabeth, the new star pupil of her former school, the encounter sends both musicians down a sinister path with shocking consequences.","English, Mandarin","United States, Canada",3 wins total,https://m.media-amazon.com/images/M/MV5BMTA3NzkzMDUxODBeQTJeQWpwZ15BbWU4MDM0ODc5ODcz._V1_SX300.jpg,"[{'Source': 'Internet Movie Database', 'Value': '6.2/10'}, {'Source': 'Rotten Tomatoes', 'Value': '71%'}, {'Source': 'Metacritic', 'Value': '60/100'}]",60,6.2,"51,093",tt7772580,movie,N/A,N/A,N/A,N/A,
True,,Red Joan,Red Joan,2018,R,19 Apr 2019,101 min,"Biography, Drama, History",Trevor Nunn,"Lindsay Shapero, Jennie Rooney","Judi Dench, Sophie Cookson, Stephen Campbell Moore","The story of Joan Stanley, who was exposed as the K.G.B.'s longest-serving British spy.",English,United Kingdom,N/A,https://m.media-amazon.com/images/M/MV5BZGE0NWM0ZjQtNDRhYi00M2E0LWE2ZGYtN2ZjY2UyMWUzMDM5XkEyXkFqcGc@._V1_SX300.jpg,"[{'Source': 'Internet Movie Database', 'Value': '6.4/10'}, {'Source': 'Rotten Tomatoes', 'Value': '30%'}, {'Source': 'Metacritic', 'Value': '45/100'}]",45,6.4,"14,828",tt7615302,movie,N/A,"$1,579,730",N/A,N/A,
True,,Bright,Bright,2017,TV-MA,22 Dec 2017,117 min,"Action, Fantasy, Thriller",David Ayer,Max Landis,"Will Smith, Joel Edgerton, Noomi Rapace",A detective must work with an Orc to find a powerful wand before evil creatures do.,"English, Spanish","United States, Mexico, Australia, Canada, India",1 win & 7 nominations total,https://m.media-amazon.com/images/M/MV5BMTcyNzk5NDg1Nl5BMl5BanBnXkFtZTgwNTM5MDQxNDM@._V1_SX300.jpg,"[{'Source': 'Internet Movie Database', 'Value': '6.3/10'}, {'Source': 'Rotten Tomatoes', 'Value': '26%'}, {'Source': 'Metacritic', 'Value': '29/100'}]",29,6.3,"207,221",tt5519340,movie,N/A,N/A,N/A,N/A,
True,,Evil Genius,Evil Genius,2017–,N/A,09 Mar 2017,N/A,History,N/A,N/A,"Judy Ho, Tim Friedlander, Jon Douglas Rainey","For centuries, brilliant minds have changed and shaped the world. But when genius is used for evil, the results are some of the most twisted, inventive, and outrageous crimes in history.",English,United States,N/A,https://m.media-amazon.com/images/M/MV5BZTQ2YzcxOWItMzIyOC00ZjA3LTg0ZDMtNDI1OWMxMzUyYmY5XkEyXkFqcGc@._V1_SX300.jpg,"[{'Source': 'Internet Movie Database', 'Value': '7.6/10'}]",N/A,7.6,718,tt7552556,series,,,,,1
True,,Everything Sucks!,Everything Sucks!,2018,TV-14,16 Feb 2018,30 min,"Comedy, Drama",N/A,"Ben York Jones, Michael Mohan","Jahi Di'Allo Winston, Peyton Kennedy, Patch Darragh","In 1990s Oregon, members of a high school A/V club clash with the drama club.",English,United States,4 nominations total,https://m.media-amazon.com/images/M/MV5BNzU1NWE2Y2MtOWYwZS00ZTg2LTgzZjktNWJkNTk5YjM4MjMyXkEyXkFqcGc@._V1_SX300.jpg,"[{'Source': 'Internet Movie Database', 'Value': '7.4/10'}]",N/A,7.4,"24,073",tt7078710,series,,,,,1
True,,Kodachrome,Kodachrome,2017,TV-MA,20 Apr 2018,105 min,Drama,Mark Raso,Jonathan Tropper,"Ed Harris, Jason Sudeikis, Elizabeth Olsen","Set during the final days of the admired photo development system known as Kodachrome, a father and son hit the road in order to reach the Kansas photo lab before it closes its doors for good.",English,"Canada, United States",N/A,https://m.media-amazon.com/images/M/MV5BMjIxMTk3MzY2MV5BMl5BanBnXkFtZTgwNjQ5NzQxNTM@._V1_SX300.jpg,"[{'Source': 'Internet Movie Database', 'Value': '6.8/10'}, {'Source': 'Rotten Tomatoes', 'Value': '74%'}, {'Source': 'Metacritic', 'Value': '57/100'}]",57,6.8,"20,677",tt1880399,movie,N/A,N/A,N/A,N/A,
True,,The Discovery,The Discovery,2017,TV-MA,31 Mar 2017,102 min,"Drama, Romance, Sci-Fi",Charlie McDowell,"Charlie McDowell, Justin Lader","Robert Redford, Mary Steenburgen, Brian McCarthy","Two years after the afterlife is scientifically proven, a man attempts to help a young woman break away from her dark past.",English,United States,N/A,https://m.media-amazon.com/images/M/MV5BMTUzNjE5ODYwN15BMl5BanBnXkFtZTgwMTY4MjQ1MTI@._V1_SX300.jpg,"[{'Source': 'Internet Movie Database', 'Value': '6.2/10'}, {'Source': 'Rotten Tomatoes', 'Value': '48%'}, {'Source': 'Metacritic', 'Value': '54/100'}]",54,6.2,"39,244",tt5155780,movie,N/A,N/A,N/A,N/A,
True,,Nightflyers,Nightflyers,2018,TV-14,02 Dec 2018,60 min,"Drama, Horror, Mystery",N/A,Jeff Buhler,"Eoin Macken, David Ajala, Jodie Turner-Smith","A crew of scientists embarks on a mission aboard a ship called the Nightflyer to investigate a mysterious alien signal, but they soon begin to question if something is already on the ship with them.",English,United States,2 nominations total,https://m.media-amazon.com/images/M/MV5BYjYxYjBlMWMtMTJmOC00ODljLWEzODEtZTU3ZjhmNWI3OWEzXkEyXkFqcGc@._V1_SX300.jpg,"[{'Source': 'Internet Movie Database', 'Value': '5.9/10'}]",N/A,5.9,"14,499",tt6903284,series,,,,,1
True,,Dark Tourist,Dark Tourist,2018,TV-MA,20 Jul 2018,40 min,"Documentary, Adventure",N/A,N/A,"David Farrier, Christian Wolf, Jhon Jairo Velásquez","From a nuclear lake to a haunted forest, New Zealand filmmaker and journalist David Farrier ('Tickled') visits unusual -- and often macabre -- tourism spots around the world.",English,New Zealand,N/A,https://m.media-amazon.com/images/M/MV5BNGRhYjc3ZWEtYjE4Zi00OGQ5LWI3MjItM2IwMTJiMWEyODczXkEyXkFqcGc@._V1_SX300.jpg,"[{'Source': 'Internet Movie Database', 'Value': '7.4/10'}]",N/A,7.4,"8,409",tt8725166,series,,,,,1
True,,Extinction,Extinction,2018,TV-MA,27 Jul 2018,95 min,"Action, Drama, Sci-Fi",Ben Young,"Spenser Cohen, Brad Kane, Eric Heisserer","Michael Peña, Lizzy Caplan, Amelia Crouch","A father has a recurring dream of losing his family. His nightmare turns into reality when the planet is invaded by a force bent on destruction. Fighting for their lives, he comes to realize an unknown strength to keep them safe f...",English,United States,1 win total,https://m.media-amazon.com/images/M/MV5BMTU5OTYzMzcwOF5BMl5BanBnXkFtZTgwNTkzMzk4NTM@._V1_SX300.jpg,"[{'Source': 'Internet Movie Database', 'Value': '5.8/10'}, {'Source': 'Rotten Tomatoes', 'Value': '32%'}, {'Source': 'Metacritic', 'Value': '40/100'}]",40,5.8,"60,667",tt3201640,movie,N/A,N/A,N/A,N/A,
True,,The Book of Henry,The Book of Henry,2017,PG-13,23 Jun 2017,105 min,"Crime, Drama, Thriller",Colin Trevorrow,Gregg Hurwitz,"Naomi Watts, Jaeden Martell, Jacob Tremblay","With instructions from her genius son's carefully crafted notebook, a single mother sets out to rescue a young girl from the hands of her abusive stepfather.",English,United States,1 win & 3 nominations total,https://m.media-amazon.com/images/M/MV5BMTYwNTc0NTM2NF5BMl5BanBnXkFtZTgwNjkyMjg4MTI@._V1_SX300.jpg,"[{'Source': 'Internet Movie Database', 'Value': '6.6/10'}, {'Source': 'Rotten Tomatoes', 'Value': '21%'}, {'Source': 'Metacritic', 'Value': '31/100'}]",31,6.6,"30,366",tt4572792,movie,N/A,"$4,504,974",N/A,N/A,
True,,Creep 2,Creep 2,2017,Not Rated,24 Oct 2017,78 min,"Horror, Thriller",Patrick Brice,"Mark Duplass, Patrick Brice","Karan Soni, Mark Duplass, Desiree Akhavan","A video artist looking for work drives to a remote house in the forest to meet a man claiming to be a serial killer. But after agreeing to spend the day with him, she soon realizes that she made a deadly mistake.",English,United States,2 wins & 1 nomination total,https://m.media-amazon.com/images/M/MV5BMjA2MTkxMDYzN15BMl5BanBnXkFtZTgwNTc3Mzc4MzI@._V1_SX300.jpg,"[{'Source': 'Internet Movie Database', 'Value': '6.4/10'}, {'Source': 'Rotten Tomatoes', 'Value': '100%'}, {'Source': 'Metacritic', 'Value': '75/100'}]",75,6.4,"35,113",tt3654796,movie,24 Oct 2017,N/A,N/A,N/A,
True,,Speed Kills,Speed Kills,2018,R,16 Nov 2018,102 min,"Action, Crime, Drama",Jodi Scurfield,"David Aaron Cohen, John Luessenhop, Paul Castro","John Travolta, Katheryn Winnick, Jennifer Esposito",Speedboat racing champion and multimillionaire Ben Aronoff leads a double life that lands him in trouble with the law and drug lords.,"English, Spanish","Puerto Rico, United States",2 wins total,https://m.media-amazon.com/images/M/MV5BOTZkMzYwMDEtNzRjNi00YTE1LTkwYjMtOWU4Mzg1NGVhZjQ3XkEyXkFqcGc@._V1_SX300.jpg,"[{'Source': 'Internet Movie Database', 'Value': '4.3/10'}, {'Source': 'Rotten Tomatoes', 'Value': '0%'}, {'Source': 'Metacritic', 'Value': '19/100'}]",19,4.3,"4,190",tt6749318,movie,N/A,N/A,N/A,N/A,
True,,Black Mirror: Bandersnatch,Black Mirror: Bandersnatch,2018,TV-MA,28 Dec 2018,90 min,"Drama, Fantasy, Mystery",David Slade,Charlie Brooker,"Fionn Whitehead, Craig Parkinson, Alice Lowe",A young programmer starts to question reality when he adapts a mad writer's fantasy novel into a video game.,English,"United Kingdom, United States",Won 1 Primetime Emmy. 5 wins & 11 nominations total,https://m.media-amazon.com/images/M/MV5BMjM5MzgzMjM3OF5BMl5BanBnXkFtZTgwMzQ2MzQwNzM@._V1_SX300.jpg,"[{'Source': 'Internet Movie Database', 'Value': '7.1/10'}]",N/A,7.1,"141,572",tt9495224,movie,N/A,N/A,N/A,N/A,
True,,The Night Comes for Us,The Night Comes for Us,2018,TV-MA,19 Oct 2018,121 min,"Action, Crime, Thriller",Timo Tjahjanto,Timo Tjahjanto,"Iko Uwais, Sunny Pang, Joe Taslim","Ito, a gangland enforcer, is caught amidst a treacherous and violent insurrection within his Triad crime family upon his return home from a stint abroad.","Indonesian, English, Mandarin, French","Indonesia, United States",2 nominations total,https://m.media-amazon.com/images/M/MV5BMWFmYmE4MmEtNjgxNy00NjE1LWFmNzItNGRiMDJjYmFmZDU2XkEyXkFqcGc@._V1_SX300.jpg,"[{'Source': 'Internet Movie Database', 'Value': '6.9/10'}, {'Source': 'Rotten Tomatoes', 'Value': '92%'}, {'Source': 'Metacritic', 'Value': '69/100'}]",69,6.9,"31,267",tt6116856,movie,N/A,N/A,N/A,N/A,
True,,Cargo,Cargo,2017,TV-MA,18 May 2018,105 min,"Drama, Horror, Sci-Fi","Ben Howling, Yolanda Ramke",Yolanda Ramke,"Simone Landers, Martin Freeman, Marlee Jane McPherson-Dobbins","After an epidemic spreads all over Australia, a father searches for someone willing to protect his daughter.","English, Aboriginal","Australia, United States, United Arab Emirates, United Kingdom",1 win & 17 nominations total,https://m.media-amazon.com/images/M/MV5BNTE2MTg0NWQtNDgxZS00NWUxLWEyMzYtNDNjMzQwNzVhMGZhXkEyXkFqcGc@._V1_SX300.jpg,"[{'Source': 'Internet Movie Database', 'Value': '6.3/10'}, {'Source': 'Metacritic', 'Value': '65/100'}]",65,6.3,"50,569",tt3860916,movie,N/A,N/A,N/A,N/A,
True,,Pine Gap,Pine Gap,2018,TV-MA,14 Oct 2018,1 min,"Drama, Mystery, Thriller",N/A,"Greg Haddrick, Felicity Packard","Parker Sawyers, Jacqueline McKenzie, Steve Toussaint","Set in the intensely secretive world of intelligence and the enigmatic US/Australia joint defence facility in central Australia, the spy-thriller Pine Gap delves into the famously strong alliance between the two countries.",English,Australia,1 nomination total,https://m.media-amazon.com/images/M/MV5BZGE2ZTQ2MWEtZTZmZS00ZTQyLWI0ZTItZjc3YzQ1MGEyOGEzXkEyXkFqcGc@._V1_SX300.jpg,"[{'Source': 'Internet Movie Database', 'Value': '7.2/10'}]",N/A,7.2,"7,270",tt7371868,series,,,,,1
True,,When We First Met,When We First Met,2018,TV-14,09 Feb 2018,97 min,"Comedy, Fantasy, Romance",Ari Sandel,John Whittington,"Adam Devine, Alexandra Daddario, Shelley Hennig","Noah meets Avery at a Halloween party and falls in love but gets friend-zoned. 3 years later, she's engaged to someone else. Noah returns in a time machine to fix things.","English, Mandarin",United States,N/A,https://m.media-amazon.com/images/M/MV5BMzM1OTI4NDM4Nl5BMl5BanBnXkFtZTgwMDAwODg2NDM@._V1_SX300.jpg,"[{'Source': 'Internet Movie Database', 'Value': '6.4/10'}, {'Source': 'Rotten Tomatoes', 'Value': '45%'}, {'Source': 'Metacritic', 'Value': '36/100'}]",36,6.4,"55,613",tt5783956,movie,N/A,N/A,N/A,N/A,
True,,Dear White People,Dear White People,2014,R,04 Dec 2014,108 min,"Comedy, Drama, Romance",Justin Simien,Justin Simien,"Tyler James Williams, Tessa Thompson, Kyle Gallner",The lives of four black students at an Ivy League college.,English,United States,13 wins & 28 nominations total,https://m.media-amazon.com/images/M/MV5BMjMzMjc5MjIzNV5BMl5BanBnXkFtZTgwNTY4OTQ2MjE@._V1_SX300.jpg,"[{'Source': 'Internet Movie Database', 'Value': '6.2/10'}, {'Source': 'Rotten Tomatoes', 'Value': '91%'}, {'Source': 'Metacritic', 'Value': '79/100'}]",79,6.2,"26,880",tt2235108,movie,N/A,"$4,404,154",N/A,N/A,
True,,Mudbound,Mudbound,2017,R,17 Nov 2017,134 min,"Drama, War",Dee Rees,"Virgil Williams, Dee Rees, Hillary Jordan","Jason Mitchell, Carey Mulligan, Jason Clarke","Two men return home from World War II to work on a farm in rural Mississippi, where they struggle to deal with racism and adjusting to life after war.",English,United States,Nominated for 4 Oscars. 36 wins & 117 nominations total,https://m.media-amazon.com/images/M/MV5BMGJmNWIzYjMtMzg0ZC00YmU1LThmZDctYWM4MzBlMWQ1OTg3XkEyXkFqcGc@._V1_SX300.jpg,"[{'Source': 'Internet Movie Database', 'Value': '7.4/10'}, {'Source': 'Rotten Tomatoes', 'Value': '97%'}, {'Source': 'Metacritic', 'Value': '85/100'}]",85,7.4,"55,422",tt2396589,movie,N/A,N/A,N/A,N/A,
True,,Troy: Fall of a City,Troy: Fall of a City,2018–,TV-MA,16 Feb 2018,60 min,"Action, Adventure, Fantasy",N/A,David Farr,"Louis Hunter, Christiaan Schoombie, Bella Dayne","Retells the story of the 10 year siege of Troy, which occurred in the 12 or 13th century BC.",English,"United Kingdom, South Africa, Australia, United States",1 win,https://m.media-amazon.com/images/M/MV5BYzAwYWI5YTMtNDQwMC00YTg5LThmMmUtYmNhY2RmNTYyMTE4XkEyXkFqcGc@._V1_SX300.jpg,"[{'Source': 'Internet Movie Database', 'Value': '4.1/10'}]",N/A,4.1,"15,687",tt5103758,series,,,,,1
True,,Anon,Anon,2018,TV-MA,04 May 2018,100 min,"Crime, Mystery, Sci-Fi",Andrew Niccol,Andrew Niccol,"Clive Owen, Afiya Bennett, Morgan Allen","In a world without anonymity or crime, a detective meets a woman who threatens their security.",English,"United Kingdom, Canada, United States, Germany",1 nomination total,https://m.media-amazon.com/images/M/MV5BMjE0MjIwMDE2MV5BMl5BanBnXkFtZTgwMzM5MDQzNTM@._V1_SX300.jpg,"[{'Source': 'Internet Movie Database', 'Value': '6.1/10'}, {'Source': 'Rotten Tomatoes', 'Value': '38%'}, {'Source': 'Metacritic', 'Value': '54/100'}]",54,6.1,"49,797",tt5397194,movie,N/A,N/A,N/A,N/A,
True,,The Forest,The Forest,2016,PG-13,08 Jan 2016,93 min,"Horror, Mystery, Thriller",Jason Zada,"Ben Ketai, Sarah Cornwell, Nick Antosca","Natalie Dormer, Eoin Macken, Stephanie Vogt",A young woman's desperate search for her twin sister brings her to a ghost-filled stretch of wilderness known as the 'Suicide Forest.',"English, Japanese",United States,1 win & 1 nomination total,https://m.media-amazon.com/images/M/MV5BMjAwMzQzNTc5OV5BMl5BanBnXkFtZTgwNDgyMTU2NzE@._V1_SX300.jpg,"[{'Source': 'Internet Movie Database', 'Value': '4.8/10'}, {'Source': 'Rotten Tomatoes', 'Value': '10%'}, {'Source': 'Metacritic', 'Value': '34/100'}]",34,4.8,"46,521",tt3387542,movie,N/A,"$26,594,261",N/A,N/A,
True,,Cable Girls,Cable Girls,2017–2020,TV-MA,28 Apr 2017,1 min,"Drama, History",N/A,"Ramón Campos, Gema R. Neira, Teresa Fernández-Valdés","Blanca Suárez, Yon González, Ana Fernández","Set in the 1920s, this is the story of four women from different backgrounds newly hired as operators for a phone company.",Spanish,Spain,5 wins & 3 nominations total,https://m.media-amazon.com/images/M/MV5BZTExZmFjOGMtNzRiZC00MmJkLTk3NjgtMWEwZDEyZjYzYjAwXkEyXkFqcGc@._V1_SX300.jpg,"[{'Source': 'Internet Movie Database', 'Value': '7.5/10'}]",N/A,7.5,"17,173",tt5674718,series,,,,,5
False,Movie not found!,"Jim & Andy: The Great Beyond - Featuring a Very Special, Contractually Obligated Mention of Tony Clifton",,,,,,,,,,,,,,,,,,,,,,,,,
True,,A-X-L,A-X-L,2018,PG,24 Aug 2018,98 min,"Action, Adventure, Drama",Oliver Daly,Oliver Daly,"Alex Neustaedter, Becky G, Alex MacNicoll","A.X.L. is a top-secret, robotic dog who develops a special friendship with Miles and will go to any length to protect his new companion.",English,United States,N/A,https://m.media-amazon.com/images/M/MV5BYTRkMzFlZjItYWM0Ni00NWQwLTk3MWEtYjg5ZjQ0MDE2ZDFhXkEyXkFqcGc@._V1_SX300.jpg,"[{'Source': 'Internet Movie Database', 'Value': '5.3/10'}, {'Source': 'Rotten Tomatoes', 'Value': '70%'}, {'Source': 'Metacritic', 'Value': '29/100'}]",29,5.3,"14,179",tt5709188,movie,N/A,"$6,501,381",N/A,N/A,
True,,Hell Fest,Hell Fest,2018,R,28 Sep 2018,89 min,"Horror, Mystery, Thriller",Gregory Plotkin,"Seth M. Sherwood, Blair Butler, Akela Cooper","Cynthea Mercado, Stephen Conroy, Amy Forsyth","A masked serial killer turns a horror-themed amusement park into his own personal playground, terrorizing a group of friends while the rest of the patrons believe that it is all part of the show.",English,United States,1 win total,https://m.media-amazon.com/images/M/MV5BOGFkMWM5MmEtZjY4YS00MmFhLWEyOWQtNTcwYmRlYmZkMzU3XkEyXkFqcGc@._V1_SX300.jpg,"[{'Source': 'Internet Movie Database', 'Value': '5.5/10'}, {'Source': 'Rotten Tomatoes', 'Value': '41%'}, {'Source': 'Metacritic', 'Value': '26/100'}]",26,5.5,"20,518",tt1999890,movie,N/A,"$11,107,431",N/A,N/A,
