,Title,Year,Rated,Released,Runtime,Genre,Director,Writer,Actors,Plot,Language,Country,Awards,Poster,Ratings,Metascore,imdbRating,imdbVotes,imdbID,Type,DVD,BoxOffice,Production,Website,Response,totalSeasons,original_title
0,Taxi Driver,1976,R,09 Feb 1976,114 min,"Crime, Drama",Martin Scorsese,Paul Schrader,"Robert De Niro, Jodie Foster, Cybill Shepherd","A mentally unstable veteran works as a nighttime taxi driver in New York City, where the perceived decadence and sleaze fuels his urge for violent action.","English, Spanish",United States,Nominated for 4 Oscars. 22 wins & 21 nominations total,https://m.media-amazon.com/images/M/MV5BZDNhMGYwM2UtMTdlZS00MGQ1LWI2YzAtODY5YWI1MjYyNzRmXkEyXkFqcGc@._V1_SX300.jpg,"[{'Source': 'Internet Movie Database', 'Value': '8.2/10'}, {'Source': 'Rotten Tomatoes', 'Value': '89%'}, {'Source': 'Metacritic', 'Value': '94/100'}]",94.0,8.2,"989,092",tt0075314,movie,,"$28,262,574",,,True,,Taxi Driver
1,Deliverance,1972,R,18 Aug 1972,109 min,"Adventure, Drama, Thriller",John Boorman,"James Dickey, John Boorman","Jon Voight, Burt Reynolds, Ned Beatty","Intent on seeing the Cahulawassee River before it's dammed and turned into a lake, outdoor fanatic Lewis Medlock takes his friends on a canoeing trip they'll never forget into the dangerous American back-country.",English,United States,Nominated for 3 Oscars. 2 wins & 14 nominations total,https://m.media-amazon.com/images/M/MV5BMWUyN2RlM2QtYzVlNy00Njc3LTgzMDMtNmJmMTk0OGY3ODFmXkEyXkFqcGc@._V1_SX300.jpg,"[{'Source': 'Internet Movie Database', 'Value': '7.6/10'}, {'Source': 'Rotten Tomatoes', 'Value': '90%'}, {'Source': 'Metacritic', 'Value': '80/100'}]",80.0,7.6,"125,930",tt0068473,movie,,,,,True,,Deliverance
2,Monty Python and the Holy Grail,1975,PG,18 Jul 1975,91 min,"Adventure, Comedy, Fantasy","Terry Gilliam, Terry Jones","Graham Chapman, John Cleese, Eric Idle","Graham Chapman, John Cleese, Eric Idle","King Arthur and his Knights of the Round Table embark on a surreal, low-budget search for the Holy Grail, encountering many, very silly obstacles.","English, French, Latin, Swedish",United Kingdom,2 wins & 2 nominations total,https://m.media-amazon.com/images/M/MV5BYWY4YmUzZmUtMzQ0ZS00N2Y2LWJlODQtN2IwMDc1MWQwMmU3XkEyXkFqcGc@._V1_SX300.jpg,"[{'Source': 'Internet Movie Database', 'Value': '8.2/10'}, {'Source': 'Rotten Tomatoes', 'Value': '92%'}, {'Source': 'Metacritic', 'Value': '91/100'}]",91.0,8.2,"593,325",tt0071853,movie,,"$2,562,392",,,True,,Monty Python and the Holy Grail
3,The Dirty Dozen,1967,Approved,22 Oct 1967,150 min,"Action, Adventure, War",Robert Aldrich,"Nunnally Johnson, Lukas Heller, E.M. Nathanson","Lee Marvin, Ernest Borgnine, Charles Bronson","During World War II, a rebellious U.S. Army Major is assigned a dozen convicted murderers to train and lead them into a mass assassination mission of German officers.","English, German, French, Spanish, Latin","United Kingdom, United States",Won 1 Oscar. 5 wins & 9 nominations total,https://m.media-amazon.com/images/M/MV5BNDg0ZjhiN2EtM2I3Mi00MDNlLWJiY2UtNmU0Zjg0YTQyMjg1XkEyXkFqcGc@._V1_SX300.jpg,"[{'Source': 'Internet Movie Database', 'Value': '7.7/10'}, {'Source': 'Rotten Tomatoes', 'Value': '82%'}, {'Source': 'Metacritic', 'Value': '73/100'}]",73.0,7.7,"82,152",tt0061578,movie,,,,,True,,The Dirty Dozen
4,Monty Python's Flying Circus,1969–1974,TV-14,02 Oct 2018,31S min,Comedy,,"Graham Chapman, Eric Idle, Terry Jones","Graham Chapman, John Cleese, Terry Gilliam",The original surreal sketch comedy showcase for the Monty Python troupe.,"English, Arabic, French, German, Italian, Mandarin, Spanish",United Kingdom,Won 3 BAFTA 4 wins & 7 nominations total,https://m.media-amazon.com/images/M/MV5BZDkyZjUyOTUtYWI3Zi00YTJhLTk3MDMtY2Q2MGM1ZjFhNTRkXkEyXkFqcGc@._V1_SX300.jpg,"[{'Source': 'Internet Movie Database', 'Value': '8.8/10'}]",,8.8,"83,366",tt0063929,series,,,,,True,4.0,Monty Python's Flying Circus
5,Monty Python's Life of Brian,1979,R,17 Aug 1979,94 min,Comedy,Terry Jones,"Graham Chapman, John Cleese, Terry Gilliam","Graham Chapman, John Cleese, Michael Palin","Born on the original Christmas in the stable next door to Jesus Christ, Brian of Nazareth spends his life being mistaken for a messiah.","English, Latin",United Kingdom,,https://m.media-amazon.com/images/M/MV5BNDMzY2E4NjEtMTJiZC00Y2UzLWFiM2MtZWVhNTg5OGQxNjk1XkEyXkFqcGc@._V1_SX300.jpg,"[{'Source': 'Internet Movie Database', 'Value': '8.0/10'}, {'Source': 'Rotten Tomatoes', 'Value': '96%'}, {'Source': 'Metacritic', 'Value': '77/100'}]",77.0,8.0,"430,381",tt0079470,movie,,"$20,206,622",,,True,,Monty Python's Life of Brian
6,Dirty Harry,1971,R,23 Dec 1971,102 min,"Action, Crime, Thriller","Don Siegel, Clint Eastwood","Harry Julian Fink, Rita M. Fink, Dean Riesner","Clint Eastwood, Andrew Robinson, Harry Guardino","When a man calling himself ""the Scorpio Killer"" menaces San Francisco, tough-as-nails Police Inspector ""Dirty"" Harry Callahan is assigned to track down the crazed psychopath.",English,United States,2 wins & 4 nominations total,https://m.media-amazon.com/images/M/MV5BYzNmOWVjN2ItMTQzOS00MTI4LTgxZDItMmZjNTVlMjY5Mjc1XkEyXkFqcGc@._V1_SX300.jpg,"[{'Source': 'Internet Movie Database', 'Value': '7.7/10'}, {'Source': 'Rotten Tomatoes', 'Value': '89%'}, {'Source': 'Metacritic', 'Value': '87/100'}]",87.0,7.7,"177,150",tt0066999,movie,,"$35,988,495",,,True,,Dirty Harry
7,Bonnie and Clyde,1967,R,14 Aug 1967,111 min,"Action, Biography, Crime",Arthur Penn,"David Newman, Robert Benton, Robert Towne","Warren Beatty, Faye Dunaway, Michael J. Pollard","Bored waitress Bonnie Parker falls in love with an ex-con named Clyde Barrow and together they start a violent crime spree through the country, stealing cars and robbing banks.",English,United States,Won 2 Oscars. 22 wins & 29 nominations total,https://m.media-amazon.com/images/M/MV5BYWI3ZmM1NmEtMDk4Yi00MzYzLTk0MDctYWJlZjY4MGViNDFiXkEyXkFqcGc@._V1_SX300.jpg,"[{'Source': 'Internet Movie Database', 'Value': '7.7/10'}, {'Source': 'Rotten Tomatoes', 'Value': '91%'}, {'Source': 'Metacritic', 'Value': '86/100'}]",86.0,7.7,"124,683",tt0061418,movie,,,,,True,,Bonnie and Clyde
8,The Blue Lagoon,1980,R,02 Jul 1980,104 min,"Adventure, Drama, Romance",Randal Kleiser,"Henry De Vere Stacpoole, Douglas Day Stewart","Brooke Shields, Christopher Atkins, Leo McKern","During the Victorian period, two preteen cousins are shipwrecked on a tropical island in the South Pacific and enjoy a simple life together until puberty complicates matters.",English,"United States, Fiji, Jamaica",Nominated for 1 Oscar. 4 wins & 8 nominations total,https://m.media-amazon.com/images/M/MV5BYWJiNTViMTUtNzAwNy00OGNkLWI2NzQtYWFiNTBmMjA4ODI0XkEyXkFqcGc@._V1_SX300.jpg,"[{'Source': 'Internet Movie Database', 'Value': '5.8/10'}, {'Source': 'Rotten Tomatoes', 'Value': '12%'}, {'Source': 'Metacritic', 'Value': '31/100'}]",31.0,5.8,"81,499",tt0080453,movie,,"$58,853,106",,,True,,The Blue Lagoon
9,The Guns of Navarone,1961,Not Rated,28 Apr 1961,158 min,"Action, Adventure, Drama",J. Lee Thompson,"Alistair MacLean, Carl Foreman","David Niven, Gregory Peck, Anthony Quinn","A team of Allied saboteurs is assigned an impossible mission: infiltrate an impregnable Nazi-held Greek island and destroy the two enormous long-range field guns that prevent the rescue of 2,000 trapped British soldiers.","English, Greek, German, Latin","United Kingdom, United States",Won 1 Oscar. 4 wins & 12 nominations total,https://m.media-amazon.com/images/M/MV5BMmFkZWIwNzQtNzdlYS00NTg3LWIzMTctM2U2NWQ0MTVlZmU1XkEyXkFqcGc@._V1_SX300.jpg,"[{'Source': 'Internet Movie Database', 'Value': '7.5/10'}, {'Source': 'Rotten Tomatoes', 'Value': '92%'}, {'Source': 'Metacritic', 'Value': '72/100'}]",72.0,7.5,"57,924",tt0054953,movie,,,,,True,,The Guns of Navarone
10,The Professionals,1966,PG-13,04 Nov 1966,117 min,"Action, Adventure, Drama",Richard Brooks,"Frank O'Rourke, Richard Brooks","Burt Lancaster, Lee Marvin, Robert Ryan",An arrogant Texas millionaire hires four adventurers to rescue his kidnapped wife from a notorious Mexican bandit.,"English, Spanish",United States,Nominated for 3 Oscars. 3 wins & 9 nominations total,https://m.media-amazon.com/images/M/MV5BYzJmYzk3NmMtZGQ3My00OGE2LTgzMGYtN2VkOTU5ZTZhMjlmXkEyXkFqcGc@._V1_SX300.jpg,"[{'Source': 'Internet Movie Database', 'Value': '7.3/10'}, {'Source': 'Rotten Tomatoes', 'Value': '89%'}, {'Source': 'Metacritic', 'Value': '75/100'}]",75.0,7.3,"20,075",tt0060862,movie,,"$19,537,346",,,True,,The Professionals
11,Richard Pryor: Live in Concert,1979,Not Rated,26 Jan 1979,78 min,"Documentary, Comedy",Jeff Margolis,"Paul Mooney, Richard Pryor","Richard Pryor, Patti LaBelle, Huey P. Newton","Richard Pryor's classic 1979 concert film has him discussing a wide range of topics, including race, the police and his favorite target -- himself.",English,United States,1 win & 1 nomination,https://m.media-amazon.com/images/M/MV5BYjk4NDYzZTMtZjMxZC00NGZiLThhZDctZjBhZmE0NDhmOTNiXkEyXkFqcGc@._V1_SX300.jpg,"[{'Source': 'Internet Movie Database', 'Value': '8.0/10'}, {'Source': 'Rotten Tomatoes', 'Value': '92%'}]",,8.0,"5,938",tt0079807,movie,,,,,True,,Richard Pryor: Live in Concert
12,White Christmas,1954,Approved,05 Nov 1954,120 min,"Comedy, Musical, Romance",Michael Curtiz,"Norman Krasna, Norman Panama, Melvin Frank","Bing Crosby, Danny Kaye, Rosemary Clooney",A successful song-and-dance team become romantically involved with a sister act and team up to save the failing Vermont inn of their former commanding general.,English,United States,Nominated for 1 Oscar. 1 win & 2 nominations total,https://m.media-amazon.com/images/M/MV5BYzZlOTBmZDgtMWIwMS00YTNlLTllNWYtZTk1MmY0ZWU3MzQzXkEyXkFqcGc@._V1_SX300.jpg,"[{'Source': 'Internet Movie Database', 'Value': '7.6/10'}, {'Source': 'Rotten Tomatoes', 'Value': '76%'}, {'Source': 'Metacritic', 'Value': '56/100'}]",56.0,7.6,"55,352",tt0047673,movie,,"$2,800,094",,,True,,White Christmas
13,Cairo Station,1958,Not Rated,20 Jan 1958,77 min,"Crime, Drama",Youssef Chahine,"Abdel Hai Adib, Mohamed Abu Youssef","Farid Shawqi, Hind Rustum, Youssef Chahine",A newspaper salesman at the train station in Cairo develops an unhealthy obsession with a woman who sells refreshments.,Arabic,Egypt,1 nomination,https://m.media-amazon.com/images/M/MV5BYTRjN2JiMGUtMGM4YS00OWIxLWE5YTItNTkxYWNlN2ExY2UyXkEyXkFqcGc@._V1_SX300.jpg,"[{'Source': 'Internet Movie Database', 'Value': '7.5/10'}, {'Source': 'Rotten Tomatoes', 'Value': '100%'}]",,7.5,"5,565",tt0051390,movie,,,,,True,,Cairo Station
14,Hitler: A Career,1977,Not Rated,08 Jul 1977,150 min,"Documentary, History","Joachim Fest, Christian Herrendoerfer",Joachim Fest,"Gert Westphal, Stephen Murray, Artur Axmann","This meticulously assembled film dissects the Third Reich with an analytical blade, charting Hitler's improbable rise, his mastery of crowd psychology and his consummate skill in exploiting others' weaknesses.",German,West Germany,,https://m.media-amazon.com/images/M/MV5BNjIxMmZkOTQtMWEzNC00OGZmLWJiOTUtMGVkNjkzNzA3Mjg5XkEyXkFqcGc@._V1_SX300.jpg,"[{'Source': 'Internet Movie Database', 'Value': '7.5/10'}]",,7.5,"3,191",tt0191182,movie,,,,,True,,Hitler: A Career
15,FTA,1972,R,22 Nov 1972,103 min,"Documentary, Comedy, Music",Francine Parker,"Michael Alaimo, Len Chandler, Pamela Donegan","Jane Fonda, Donald Sutherland, Pamela Donegan","Available for the first time since it mysteriously disappeared in 1972 after only one week in theaters, this raucous film is a riveting slice of the Vietnam anti-war movement.",English,United States,,https://m.media-amazon.com/images/M/MV5BODNmNmMwMDYtYmE0Mi00MGFkLTliMDgtNjk0YTFjNTc4NzA3XkEyXkFqcGc@._V1_SX300.jpg,"[{'Source': 'Internet Movie Database', 'Value': '6.4/10'}, {'Source': 'Rotten Tomatoes', 'Value': '83%'}, {'Source': 'Metacritic', 'Value': '75/100'}]",75.0,6.4,498,tt0068562,movie,,,,,True,,FTA
16,The Land,1970,,26 Jan 1970,130 min,Drama,Youssef Chahine,"Abderrahman Charkawi, Hassan Fuad","Mahmoud Al Meleji, Nagwa Ibrahim, Ezzat El Alaili",A small peasant village's struggles against the careless inroads of the large local landowner. The Land shows why political oppression does not necessarily lead to a sense of solidarity among the disinherited.,Arabic,Egypt,1 nomination,https://m.media-amazon.com/images/M/MV5BNzIyNzc0YzEtMDQ0MC00NmQ1LTgwNzctNTY0YzA5MWM0N2NiXkEyXkFqcGc@._V1_SX300.jpg,"[{'Source': 'Internet Movie Database', 'Value': '8.0/10'}]",,8.0,"2,572",tt0064038,movie,,,Arab Film Distribution,,True,,The Land
17,Dostana,2008,Not Rated,14 Nov 2008,145 min,"Comedy, Drama, Romance","Tarun Mansukhani, Punit Malhotra","Anvita Dutt, Tarun Mansukhani","Abhishek Bachchan, John Abraham, Priyanka Chopra Jonas","Two straight guys pretend to be gay in order to secure a Miami apartment. When both of them fall for their roommate Neha, hilarity ensues as they strive to convince one and all that they're gay whilst secretly trying to win her he...","Hindi, English","India, United States",5 wins & 22 nominations total,https://m.media-amazon.com/images/M/MV5BMDhhYjUyNGEtMmY2My00ZDE2LWIyNjMtMTNkNzVmZGFmMmE0XkEyXkFqcGc@._V1_SX300.jpg,"[{'Source': 'Internet Movie Database', 'Value': '6.4/10'}, {'Source': 'Rotten Tomatoes', 'Value': '81%'}]",,6.4,"16,563",tt1185420,movie,,"$1,243,910",,,True,,Dostana
18,Alibaba Aur 40 Chor,2004,,10 Dec 2004,,"Action, Adventure, Drama",Sunil Agnihotri,"Farooq Barelvi, Farukh Barelvi","Azghar, Divya Dwivedi, Anwar Fatehan","Sonapur is a small village in modern day India that is being terrorized by a bandit named Zakali and his gang of 40 thieves. The villagers, young and old, even the Police, are all terrified. When a new Forest Officer is appointed,...",Hindi,India,,https://m.media-amazon.com/images/M/MV5BNzlkYjBhZGEtZTBmYi00M2M4LWI0YmYtYjk2NGMwNzQwMTc3XkEyXkFqcGdeQXVyOTk3NTc2MzE@._V1_SX300.jpg,"[{'Source': 'Internet Movie Database', 'Value': '4.5/10'}]",,4.5,41,tt1238718,movie,,,,,True,,Alibaba Aur 40 Chor
19,The Blazing Sun,1954,TV-14,01 Mar 1954,105 min,"Crime, Drama, Romance",Youssef Chahine,"Ali El Zorkani, Hilmi Halim","Faten Hamamah, Omar Sharif, Zaki Rostom","A rich landlord floods and destroys a village on purpose to prevent the people living there from making a profit off their crops. What he doesn't know is that his own daughter is in love with Ahmed, a young man from the village.",Arabic,Egypt,1 nomination,https://m.media-amazon.com/images/M/MV5BNzdmZmVjNDgtNmVkMy00ZWRkLTgzNWItY2NlN2IxMmEwNDEzXkEyXkFqcGdeQXVyMjI4NzAzNjg@._V1_SX300.jpg,"[{'Source': 'Internet Movie Database', 'Value': '7.2/10'}]",,7.2,"1,546",tt0044429,movie,,,,,True,,The Blazing Sun
20,Dark Waters,2019,PG-13,06 Dec 2019,126 min,"Biography, Drama, History",Todd Haynes,"Nathaniel Rich, Mario Correa, Matthew Michael Carnahan","Mark Ruffalo, Anne Hathaway, Tim Robbins",A corporate defense attorney takes on an environmental lawsuit against a chemical company that exposes a lengthy history of pollution.,"English, Korean",United States,10 nominations total,https://m.media-amazon.com/images/M/MV5BNmQzM2M4MTEtZjM3Yy00Njk1LWJmNjQtYzg4YjVmZmZkZDA0XkEyXkFqcGc@._V1_SX300.jpg,"[{'Source': 'Internet Movie Database', 'Value': '7.6/10'}, {'Source': 'Rotten Tomatoes', 'Value': '89%'}, {'Source': 'Metacritic', 'Value': '73/100'}]",73.0,7.6,"117,555",tt9071322,movie,,"$11,136,084",,,True,,Dark Waters
21,We Are All for the Fatherland,1979,TV-MA,18 Oct 2020,80 min,Documentary,Maroun Bagdadi,,,"After the 1979 Israeli invasion of Lebanon, children try to sing the national anthem as citizens search for hope in the war-torn South.",French,"Lebanon, Canada, France",,https://m.media-amazon.com/images/M/MV5BYmE4YmE3NzItOTJkYS00ZjI5LTk1YTktMWI0NmQzZmE2ZmY3XkEyXkFqcGc@._V1_SX300.jpg,"[{'Source': 'Internet Movie Database', 'Value': '5.4/10'}]",,5.4,73,tt0170799,movie,,,,,True,,We Are All for the Fatherland
22,Singapore,1947,Approved,14 Nov 1947,79 min,"Action, Adventure, Crime",John Brahm,"Seton I. Miller, Robert Thoeren","Fred MacMurray, Ava Gardner, Roland Culver","After WW2, an American skipper returns to Singapore to retrieve his hidden stash of pearls and finds his lost fiancée who now has amnesia.","English, Mandarin",United States,,https://m.media-amazon.com/images/M/MV5BODIzOTlmYWMtNWEwOS00Mzg4LTlhNmYtZjQxMjY5OTY3NjYxXkEyXkFqcGc@._V1_SX300.jpg,"[{'Source': 'Internet Movie Database', 'Value': '6.4/10'}]",,6.4,853,tt0039829,movie,,,,,True,,Singapore
23,Monty Python's Fliegender Zirkus,1972,TV-MA,06 Oct 1973,87 min,Comedy,,,"Graham Chapman, John Cleese, Eric Idle",A two-part Monty Python German television comedy special.,"English, German","United Kingdom, West Germany",,https://m.media-amazon.com/images/M/MV5BMTQ2NjI4NzU3N15BMl5BanBnXkFtZTcwMzc3OTMyMQ@@._V1_SX300.jpg,"[{'Source': 'Internet Movie Database', 'Value': '8.0/10'}]",,8.0,"2,307",tt0202477,series,,,,,True,1.0,Monty Python's Fliegender Zirkus
24,Khoon Khoon,1973,,,127 min,"Crime, Mystery, Thriller",Mohammed Hussain,"Umesh, Vrajendra Gaur","Mahendra Sandhu, Danny Denzongpa, Jagdeep",A Bombay cop tries to track down a serial killer who snipes at random victims.,Hindi,India,,https://m.media-amazon.com/images/M/MV5BZjI0MjRkMTMtZWRlMi00ZGZmLTg2MDYtMWZhZjRiMjdjZjFjXkEyXkFqcGdeQXVyMjU3MzYxODk@._V1_SX300.jpg,"[{'Source': 'Internet Movie Database', 'Value': '5.2/10'}]",,5.2,56,tt0230412,movie,,,,,True,,Khoon Khoon
25,Manoranjan,1974,,11 Jan 1974,158 min,"Comedy, Musical, Romance",Shammi Kapoor,Abrar Alvi,"Shammi Kapoor, Sanjeev Kumar, Zeenat Aman","After getting fired, a police officer connects with a prostitute he met on the job in a red-light district and sets out to keep her off the streets.",Hindi,India,1 nomination,https://m.media-amazon.com/images/M/MV5BYTkwNjhlNmMtZjYzMi00Njc0LTkwNmMtNDMxMTFmOGYxYzJmXkEyXkFqcGc@._V1_SX300.jpg,"[{'Source': 'Internet Movie Database', 'Value': '6.5/10'}]",,6.5,288,tt0071811,movie,,,,,True,,Manoranjan
26,Ujala,1959,TV-14,,109 min,"Crime, Drama, Romance",Naresh Saigal,"Qamar Jalalabadi, Naresh Saigal, Manohar Singh Sehrai","Mala Sinha, Shammi Kapoor, Raaj Kumar","An impoverished male turns to crime, kills someone, tries to make a honest living but ends up becoming a suspect for theft.",Hindi,India,,https://m.media-amazon.com/images/M/MV5BZjljOGI4MTAtZjAwNi00MTU5LTk5YTktZDA3ZjU5MDExOWExXkEyXkFqcGdeQXVyMjM5NDM1MTE@._V1_SX300.jpg,"[{'Source': 'Internet Movie Database', 'Value': '6.8/10'}]",,6.8,88,tt0157132,movie,,,,,True,,Ujala
27,Whispers,2015,,21 Mar 2017,90 min,"Drama, Horror, Thriller",Tammi Sutton,Tammi Sutton,"Keeley Hazell, Craig Rees, Barbara Nedeljakova",A young couple grieving the recent death of their daughter move to the countryside where they are haunted by their tragedy and a sinister darkness.,English,United Kingdom,3 nominations,https://m.media-amazon.com/images/M/MV5BMTY4NGMxN2QtYTdiMC00MDAzLWIyZGItMjgzNTBkNjVlY2Q1XkEyXkFqcGc@._V1_SX300.jpg,"[{'Source': 'Internet Movie Database', 'Value': '4.0/10'}]",,4.0,"9,072",tt1986202,movie,,,,,True,,Whispers
28,Chadi Jawani Budhe Nu,1976,,01 Jan 1976,,Romance,A. Salaam,"Umesh, S.P. Bakshi","Kimti Anand, Rajendranath Malhotra, Katy Mirza",,Punjabi,India,,,"[{'Source': 'Internet Movie Database', 'Value': '4.3/10'}]",,4.3,18,tt3290368,movie,,,,,True,,Chadi Jawani Budhe Nu
29,Bandie,1978,,10 Mar 1978,,"Action, Drama, Romance",Alo Sarkar,"Jainendra Jain, Alo Sarkar, Ashok Ghoshal","Uttam Kumar, Sulakshana Pandit, Utpal Dutt","Heirless Maharaj Brajbhan leaves his throne to his cousin Vikram, but when Brajbhan's wife, Badi Rani, finally conceives, Vikram plots to destroy her.",Hindi,India,,https://m.media-amazon.com/images/M/MV5BMzI4YjU0MGYtMGM1Mi00MjdjLWIxMTMtZGQ5ZTYyZGM5MzJiXkEyXkFqcGdeQXVyODE5NzE3OTE@._V1_SX300.jpg,"[{'Source': 'Internet Movie Database', 'Value': '4.6/10'}]",,4.6,41,tt1219315,movie,,,,,True,,Bandie
30,Seinfeld,1989–1998,TV-PG,05 Jul 1989,22 min,Comedy,,"Larry David, Jerry Seinfeld","Jerry Seinfeld, Julia Louis-Dreyfus, Michael Richards",The continuing misadventures of neurotic New York City stand-up comedian Jerry Seinfeld and his equally neurotic New York City friends.,"English, Spanish, Italian",United States,Won 10 Primetime Emmys. 79 wins & 197 nominations total,https://m.media-amazon.com/images/M/MV5BMmRjNjZjN2ItN2FkYi00ZDg0LWExN2EtMTU2ODUwNWU1M2NhXkEyXkFqcGc@._V1_SX300.jpg,"[{'Source': 'Internet Movie Database', 'Value': '8.9/10'}]",,8.9,"372,187",tt0098904,series,,,,,True,9.0,Seinfeld
31,Goodfellas,1990,R,21 Sep 1990,145 min,"Biography, Crime, Drama",Martin Scorsese,"Nicholas Pileggi, Martin Scorsese","Robert De Niro, Ray Liotta, Joe Pesci","The story of Henry Hill and his life in the mafia, covering his relationship with his wife Karen and his mob partners Jimmy Conway and Tommy DeVito.","English, Italian, Hebrew, Yiddish",United States,Won 1 Oscar. 44 wins & 38 nominations total,https://m.media-amazon.com/images/M/MV5BN2E5NzI2ZGMtY2VjNi00YTRjLWI1MDUtZGY5OWU1MWJjZjRjXkEyXkFqcGc@._V1_SX300.jpg,"[{'Source': 'Internet Movie Database', 'Value': '8.7/10'}, {'Source': 'Rotten Tomatoes', 'Value': '93%'}, {'Source': 'Metacritic', 'Value': '92/100'}]",92.0,8.7,"1,350,647",tt0099685,movie,,"$46,909,721",,,True,,Goodfellas
32,Full Metal Jacket,1987,R,10 Jul 1987,116 min,"Drama, War",Stanley Kubrick,"Stanley Kubrick, Michael Herr, Gustav Hasford","Matthew Modine, R. Lee Ermey, Vincent D'Onofrio",A pragmatic U.S. Marine observes the dehumanizing effects the Vietnam War has on his fellow recruits from their brutal boot camp training to the bloody street fighting in Hue.,"English, Vietnamese","United Kingdom, United States",Nominated for 1 Oscar. 8 wins & 15 nominations total,https://m.media-amazon.com/images/M/MV5BYWUzNzZkNzUtNDdiYy00Nzk5LTgxMmItNTk0MjRjNjdjNDA0XkEyXkFqcGc@._V1_SX300.jpg,"[{'Source': 'Internet Movie Database', 'Value': '8.2/10'}, {'Source': 'Rotten Tomatoes', 'Value': '90%'}, {'Source': 'Metacritic', 'Value': '78/100'}]",78.0,8.2,"831,129",tt0093058,movie,,"$46,357,676",,,True,,Full Metal Jacket
33,Once Upon a Time in America,1984,R,01 Jun 1984,229 min,"Crime, Drama",Sergio Leone,"Harry Grey, Leonardo Benvenuti, Piero De Bernardi","Robert De Niro, James Woods, Elizabeth McGovern","A former Prohibition-era Jewish gangster returns to the Lower East Side of Manhattan 35 years later, where he must once again confront the ghosts and regrets of his old life.","English, Italian, French, Yiddish, Hebrew","Italy, United States",Won 2 BAFTA 11 wins & 13 nominations total,https://m.media-amazon.com/images/M/MV5BMDQ0ZTg2OGUtZjMyOC00M2M5LThkMmItZmM2MmUzMmIxMWJhXkEyXkFqcGc@._V1_SX300.jpg,"[{'Source': 'Internet Movie Database', 'Value': '8.3/10'}, {'Source': 'Rotten Tomatoes', 'Value': '85%'}, {'Source': 'Metacritic', 'Value': '75/100'}]",75.0,8.3,"399,368",tt0087843,movie,,"$5,321,508",,,True,,Once Upon a Time in America
34,When Harry Met Sally...,1989,R,21 Jul 1989,95 min,"Comedy, Drama, Romance",Rob Reiner,Nora Ephron,"Billy Crystal, Meg Ryan, Carrie Fisher","Harry and Sally have known each other for years, and are very good friends, but they fear sex would ruin the friendship.",English,United States,Nominated for 1 Oscar. 6 wins & 19 nominations total,https://m.media-amazon.com/images/M/MV5BMjE0ODEwNjM2NF5BMl5BanBnXkFtZTcwMjU2Mzg3NA@@._V1_SX300.jpg,"[{'Source': 'Internet Movie Database', 'Value': '7.7/10'}, {'Source': 'Rotten Tomatoes', 'Value': '88%'}, {'Source': 'Metacritic', 'Value': '76/100'}]",76.0,7.7,"259,667",tt0098635,movie,,"$93,117,425",,,True,,When Harry Met Sally...
35,A Nightmare on Elm Street,1984,R,16 Nov 1984,91 min,Horror,Wes Craven,Wes Craven,"Heather Langenkamp, Johnny Depp, Robert Englund","Teenager Nancy Thompson must uncover the dark truth concealed by her parents after she and her friends become targets of the spirit of a serial killer with a bladed glove in their dreams, in which if they die, it kills them in rea...",English,United States,7 wins & 8 nominations total,https://m.media-amazon.com/images/M/MV5BNTZmN2VlMWMtMTdlMi00NDBhLWIyODMtODEwMzM0ODMwMWYwXkEyXkFqcGc@._V1_SX300.jpg,"[{'Source': 'Internet Movie Database', 'Value': '7.4/10'}, {'Source': 'Rotten Tomatoes', 'Value': '94%'}, {'Source': 'Metacritic', 'Value': '76/100'}]",76.0,7.4,"280,625",tt0087800,movie,,"$25,624,448",,,True,,A Nightmare on Elm Street
36,Steel Magnolias,1989,PG,22 Nov 1989,117 min,"Comedy, Drama, Romance",Herbert Ross,Robert Harling,"Shirley MacLaine, Olympia Dukakis, Sally Field","A young beautician, newly arrived in a small Louisiana town, finds work at the local salon, where a small group of women share a close bond of friendship, and welcome her into the fold.",English,United States,Nominated for 1 Oscar. 2 wins & 7 nominations total,https://m.media-amazon.com/images/M/MV5BMjE4MTYyOWYtYjBjNy00NjBiLThhYWEtNzQ2MmE4MzY4ZGI2XkEyXkFqcGc@._V1_SX300.jpg,"[{'Source': 'Internet Movie Database', 'Value': '7.3/10'}, {'Source': 'Rotten Tomatoes', 'Value': '73%'}, {'Source': 'Metacritic', 'Value': '56/100'}]",56.0,7.3,"66,446",tt0098384,movie,,"$84,614,512",,,True,,Steel Magnolias
37,Police Academy,1984,R,23 Mar 1984,96 min,Comedy,Hugh Wilson,"Neal Israel, Pat Proft, Hugh Wilson","Steve Guttenberg, G.W. Bailey, Kim Cattrall","The mayor declares that anyone can enroll in the police academy irrespective of their physical condition or education level, and many misfits descend on the academy, including a young troublemaker who's forced to apply or go to jail.",English,United States,2 wins & 2 nominations total,https://m.media-amazon.com/images/M/MV5BZmY2Zjk3ZmYtZGQwYS00NGM4LTk1MWMtZjI4MmRkNmM2ZDYwXkEyXkFqcGc@._V1_SX300.jpg,"[{'Source': 'Internet Movie Database', 'Value': '6.7/10'}, {'Source': 'Rotten Tomatoes', 'Value': '58%'}, {'Source': 'Metacritic', 'Value': '41/100'}]",41.0,6.7,"145,776",tt0087928,movie,,"$81,198,894",,,True,,Police Academy
38,Christine,1983,R,09 Dec 1983,110 min,"Horror, Thriller",John Carpenter,"Stephen King, Bill Phillips","Keith Gordon, John Stockwell, Alexandra Paul",A nerdish boy buys a strange car with an evil mind of its own and his nature starts to change to reflect it.,"English, Spanish, French",United States,1 win & 3 nominations total,https://m.media-amazon.com/images/M/MV5BYTQxZjlhNzUtMGJkMS00ODMwLWI0NzMtZGZiYzRmODE5ODI2XkEyXkFqcGc@._V1_SX300.jpg,"[{'Source': 'Internet Movie Database', 'Value': '6.8/10'}, {'Source': 'Rotten Tomatoes', 'Value': '74%'}, {'Source': 'Metacritic', 'Value': '57/100'}]",57.0,6.8,"99,007",tt0085333,movie,,"$21,017,849",,,True,,Christine
39,Knight Rider,1982–1986,TV-PG,26 Sep 1982,59S min,"Action, Crime, Drama",,Glen A. Larson,"David Hasselhoff, Edward Mulhare, Richard Basehart","Follows the adventures of lone crime-fighter, Michael Knight, who battles the forces of evil with the help of his virtually indestructible and artificially intelligent supercar called KITT.",English,United States,Nominated for 1 Primetime Emmy. 5 wins & 8 nominations total,https://m.media-amazon.com/images/M/MV5BZjlmZmMwN2MtOWU5OC00ZTE3LThiNjctNTFmYmQyNzM2NzY3XkEyXkFqcGc@._V1_SX300.jpg,"[{'Source': 'Internet Movie Database', 'Value': '6.9/10'}]",,6.9,"39,511",tt0083437,series,,,,,True,4.0,Knight Rider
40,Thomas & Friends,1984–2021,TV-Y,29 Jan 1989,11 min,"Animation, Short, Adventure",,"Britt Allcroft, Philip D. Fehrle, Ross Hastings","Michael Angelis, Keith Wickham, Michael Brandon",This series follows the adventures of Thomas the Tank Engine and all of his engine friends on the Island of Sodor.,"Spanish, French, Chinese, Japanese, English","United Kingdom, Canada, United States, Denmark",Nominated for 2 BAFTA 1 win & 2 nominations total,https://m.media-amazon.com/images/M/MV5BYWI2OGQzNzYtMDRjZi00ZTM1LWFjMmMtMzVlNzY4NWI2NTg2XkEyXkFqcGc@._V1_SX300.jpg,"[{'Source': 'Internet Movie Database', 'Value': '6.5/10'}]",,6.5,"7,355",tt0086815,series,,,,,True,25.0,Thomas & Friends
41,Saved by the Bell,1989–1992,TV-PG,20 Aug 1989,1 min,"Comedy, Family, Romance",,Sam Bobrick,"Mark-Paul Gosselaar, Mario Lopez, Dustin Diamond","A close-knit group of six friends get through their teens together while attending Bayside High School in Palisades, California.",English,United States,33 wins & 77 nominations total,https://m.media-amazon.com/images/M/MV5BNzEzMzM2ODc1Ml5BMl5BanBnXkFtZTcwMTg2MjAzMQ@@._V1_SX300.jpg,"[{'Source': 'Internet Movie Database', 'Value': '7.1/10'}]",,7.1,"39,164",tt0096694,series,,,,,True,4.0,Saved by the Bell
42,Awakenings,1990,PG-13,11 Jan 1991,121 min,"Biography, Drama",Penny Marshall,"Oliver Sacks, Steven Zaillian","Robert De Niro, Robin Williams, Julie Kavner",Dr. Sayer is a pioneering neurologist who wants to take a risk and give his patients who suffer from encephalitis a drug used for Parkinson's Disease. He tries it out on one man who miraculously wakes from his perpetual catatonic ...,English,United States,Nominated for 3 Oscars. 6 wins & 11 nominations total,https://m.media-amazon.com/images/M/MV5BZDUzOGQ4YTctNTY1OS00M2UzLWFjNzYtMGNlN2E5NDA2MGVkXkEyXkFqcGc@._V1_SX300.jpg,"[{'Source': 'Internet Movie Database', 'Value': '7.8/10'}, {'Source': 'Rotten Tomatoes', 'Value': '81%'}, {'Source': 'Metacritic', 'Value': '74/100'}]",74.0,7.8,"171,002",tt0099077,movie,,"$52,096,475",,,True,,Awakenings
43,Wheel of Fortune,1983–,TV-G,19 Sep 1983,30S min,"Family, Game-Show",,Merv Griffin,"Vanna White, Pat Sajak, Charlie O'Donnell","Contestants guess letters to solve word puzzles and earn prizes like cash, cars and vacations through spinning a wheel. The top scorer advances to a bonus round for potential bigger rewards.",English,United States,Won 1 Primetime Emmy. 10 wins & 92 nominations total,https://m.media-amazon.com/images/M/MV5BZDkxZTkwZjItNTZiNi00MTQ3LThjYTMtZjI2NDQ5YWM3NjUzXkEyXkFqcGc@._V1_SX300.jpg,"[{'Source': 'Internet Movie Database', 'Value': '6.7/10'}]",,6.7,"3,914",tt0072584,series,,,,,True,42.0,Wheel of Fortune
44,National Lampoon's Christmas Vacation,1989,PG-13,01 Dec 1989,97 min,Comedy,Jeremiah S. Chechik,John Hughes,"Chevy Chase, Beverly D'Angelo, Juliette Lewis",The Griswold family's plans for a big family Christmas predictably turn into a big disaster.,English,United States,,https://m.media-amazon.com/images/M/MV5BZDgxYzI2YWItNmUyNS00ZWE4LWEzZDctYTk1M2VkYjhkOWVmXkEyXkFqcGc@._V1_SX300.jpg,"[{'Source': 'Internet Movie Database', 'Value': '7.5/10'}, {'Source': 'Rotten Tomatoes', 'Value': '72%'}, {'Source': 'Metacritic', 'Value': '49/100'}]",49.0,7.5,"236,514",tt0097958,movie,,"$74,515,899",,,True,,National Lampoon's Christmas Vacation
45,Lean on Me,1989,PG-13,03 Mar 1989,108 min,"Biography, Drama",John G. Avildsen,Michael Schiffer,"Morgan Freeman, Beverly Todd, Robert Guillaume",The dedicated but tyrannical Joe Clark is appointed the principal of a decaying inner-city school he is determined to improve by any and all means.,"English, Spanish, Portuguese",United States,3 wins & 6 nominations,https://m.media-amazon.com/images/M/MV5BN2RmMzFkNDgtMjkxOC00NmRlLTlmNTgtYzkwYjdiYzZiZmU4XkEyXkFqcGc@._V1_SX300.jpg,"[{'Source': 'Internet Movie Database', 'Value': '7.4/10'}, {'Source': 'Rotten Tomatoes', 'Value': '71%'}, {'Source': 'Metacritic', 'Value': '58/100'}]",58.0,7.4,"23,396",tt0097722,movie,,"$31,906,454",,,True,,Lean on Me
46,Eddie Murphy: Raw,1987,R,18 Dec 1987,93 min,"Documentary, Comedy",Robert Townsend,"Eddie Murphy, Keenen Ivory Wayans","Eddie Murphy, Tatyana Ali, Billie Allen",Eddie Murphy in a stand-up performance recorded live. For an hour and a half he talks about his favourite subjects: sex and women.,English,United States,,https://m.media-amazon.com/images/M/MV5BNTAxM2E4MGUtMGMyYS00ZGEyLThjMmQtNjQ1MmQ5ZTEyMzgyXkEyXkFqcGc@._V1_SX300.jpg,"[{'Source': 'Internet Movie Database', 'Value': '7.6/10'}, {'Source': 'Rotten Tomatoes', 'Value': '79%'}, {'Source': 'Metacritic', 'Value': '54/100'}]",54.0,7.6,"21,341",tt0092948,movie,,"$50,504,655",,,True,,Eddie Murphy: Raw
47,She's Gotta Have It,1986,R,08 Aug 1986,84 min,"Comedy, Romance",Spike Lee,"Spike Lee, Zora Neale Hurston","Tracy Camilla Johns, Tommy Redmond Hicks, John Canada Terrell",Story of a woman and her three lovers.,English,United States,4 wins & 2 nominations total,https://m.media-amazon.com/images/M/MV5BMWVkYzgxNzgtNjY4NS00ZGFhLTlhMmYtNjM0Yzg5YmIyYmZkXkEyXkFqcGc@._V1_SX300.jpg,"[{'Source': 'Internet Movie Database', 'Value': '6.8/10'}, {'Source': 'Rotten Tomatoes', 'Value': '94%'}, {'Source': 'Metacritic', 'Value': '79/100'}]",79.0,6.8,"17,110",tt0091939,movie,,"$7,137,502",,,True,,She's Gotta Have It
48,Major Dad,1989–1993,TV-PG,17 Sep 1989,30 min,"Comedy, Family",,"Richard C. Okie, Earl Pomerantz, John G. Stephens","Gerald McRaney, Shanna Reed, Nicole Dubuc","A hard-nosed, conservative Marine impulsively proposes to the liberal reporter doing a story on him and agrees to help her raise her three daughters.",English,United States,Nominated for 1 Primetime Emmy. 2 wins & 8 nominations total,https://m.media-amazon.com/images/M/MV5BNjM5OWVkNWQtMjYzNy00NWE0LWEyOTUtZTRhMjkwMDk2OWI5XkEyXkFqcGc@._V1_SX300.jpg,"[{'Source': 'Internet Movie Database', 'Value': '6.5/10'}]",,6.5,"3,224",tt0096643,series,,,,,True,4.0,Major Dad
49,Endless Love,2014,PG-13,14 Feb 2014,104 min,"Drama, Mystery, Romance",Shana Feste,"Shana Feste, Joshua Safran, Scott Spencer","Gabriella Wilde, Alex Pettyfer, Bruce Greenwood",The story of a privileged girl and a charismatic boy whose instant desire sparks a love affair made only more reckless by parents trying to keep them apart.,English,United States,1 win total,https://m.media-amazon.com/images/M/MV5BOTYzNDU1MzEyN15BMl5BanBnXkFtZTgwOTYwMTU0MDE@._V1_SX300.jpg,"[{'Source': 'Internet Movie Database', 'Value': '6.2/10'}, {'Source': 'Rotten Tomatoes', 'Value': '16%'}, {'Source': 'Metacritic', 'Value': '30/100'}]",30.0,6.2,"48,655",tt2318092,movie,,"$23,438,250",,,True,,Endless Love
50,Danger Mouse,1981–1992,TV-Y,04 Jun 1984,,"Animation, Action, Adventure",,"Brian Cosgrove, Mark Hall","David Jason, Terry Scott, Edward Kelsey","Danger Mouse, the greatest secret agent in the world, must follow Colonel K's orders (and try not to break Professor Squawkencluck's inventions) to foil Baron Greenback's and his henchman Stiletto's plans.",English,"United Kingdom, Taiwan",Nominated for 7 BAFTA 8 nominations total,https://m.media-amazon.com/images/M/MV5BZDA3NjMxZWEtZjk1NS00MjdlLTg0YzctNDMyODk4ZDM2YTljXkEyXkFqcGc@._V1_SX300.jpg,"[{'Source': 'Internet Movie Database', 'Value': '7.4/10'}]",,7.4,"4,102",tt0081848,series,,,,,True,10.0,Danger Mouse
51,Vaashi,2022,,17 Jun 2022,155 min,"Drama, Thriller",Vishnu Raghav,"Vishnu Raghav, Janiz Chacko Simon","Tovino Thomas, Keerthy Suresh, Anu Mohan",A courtroom drama in which two talented self made lawyers are determined to win a case where they are on opposing sides.,Malayalam,India,1 win & 1 nomination,https://m.media-amazon.com/images/M/MV5BYTU0YTc3NDctY2JjOC00MWFkLThlMTEtN2E1MDk1YWM4NzRlXkEyXkFqcGc@._V1_SX300.jpg,"[{'Source': 'Internet Movie Database', 'Value': '6.3/10'}]",,6.3,"2,273",tt13913068,movie,,,,,True,,Vaashi
52,Mobile Suit Gundam: Char's Counterattack,1988,Not Rated,12 Mar 1988,124 min,"Animation, Action, Drama",Yoshiyuki Tomino,Yoshiyuki Tomino,"Tôru Furuya, Shûichi Ikeda, Hirotaka Suzuoki",Amuro Ray and Char Aznable settle their rivalry once and for all during the Second Neo Zeon War.,Japanese,Japan,,https://m.media-amazon.com/images/M/MV5BYjkzMzQ1ODAtN2I5ZC00NGFkLWIzOWMtMjdkNjAwNTUyOTRjXkEyXkFqcGc@._V1_SX300.jpg,"[{'Source': 'Internet Movie Database', 'Value': '7.2/10'}]",,7.2,"2,448",tt0095262,movie,,,,,True,,Mobile Suit Gundam: Char's Counterattack
53,Mobile Suit Gundam II: Soldiers of Sorrow,1981,,11 Jul 1981,139 min,"Animation, Action, Drama","Osamu Sekita, Yoshikazu Yasuhiko, Yoshiyuki Tomino","Yoshiyuki Tomino, Ken'ichi Matsuzaki, Hiroyuki Hoshiyama","Tôru Furuya, Shûichi Ikeda, Hirotaka Suzuoki","After attacks by Char and Garma, White Base crew battle Zeon forces through Asia, Europe, Atlantic on way to Federation HQ. Crewmembers like Amuro, Bright, Kai, Sayla, Mirai, Fraw, Hayato overcome fears, losses to survive.",Japanese,Japan,,https://m.media-amazon.com/images/M/MV5BM2Y2MjViYzQtY2M0Yy00ZmEyLThlM2MtZWYwNjU2OTg1ZjVkXkEyXkFqcGc@._V1_SX300.jpg,"[{'Source': 'Internet Movie Database', 'Value': '7.1/10'}]",,7.1,"1,908",tt0159510,movie,,,,,True,,Mobile Suit Gundam II: Soldiers of Sorrow
54,Fireman Sam,1987–2024,TV-Y,06 May 1989,10 min,"Animation, Family",,"Dave Jones, Rob Lee, Dave Gingell","Steven Kynman, Tegwen Tucker, David Carling","The adventures of a community fireman, Sam.","English, Welsh","United Kingdom, United States",Nominated for 1 BAFTA Award1 nomination total,https://m.media-amazon.com/images/M/MV5BYjExMzkwYmUtOTg0ZS00MWMzLWIwYzUtYzgyMzU4ZmYxM2U5XkEyXkFqcGc@._V1_SX300.jpg,"[{'Source': 'Internet Movie Database', 'Value': '6.1/10'}]",,6.1,"2,302",tt0329829,series,,,,,True,16.0,Fireman Sam
55,Sam Kinison: Breaking the Rules,1987,R,21 Apr 1987,50 min,"Documentary, Comedy",Walter C. Miller,Sam Kinison,"Sam Kinison, Florence Marie Marney, Denise Gallup","Fans old and new have cause for celebration with the release of Sam Kinison: Breaking All The Rules, HBO Special. Along with being voted onto Comedy Central's All-Time Top 20 Stand-Up Comedians list and VH-1's Top Comedians list, ...",English,United States,,https://m.media-amazon.com/images/M/MV5BMTgxNjMwNzUzM15BMl5BanBnXkFtZTcwMDg0NDMyMQ@@._V1_SX300.jpg,"[{'Source': 'Internet Movie Database', 'Value': '7.2/10'}]",,7.2,730,tt0307403,movie,,,,,True,,Sam Kinison: Breaking the Rules
56,Waiting for the Hearse,1985,,06 May 1985,94 min,Comedy,Alejandro Doria,"Alejandro Doria, Jacobo Langsner","Luis Brandoni, China Zorrilla, Antonio Gasalla",Each member of this family tries to endorse someone else to care for the old Mother.,Spanish,Argentina,,https://m.media-amazon.com/images/M/MV5BMmY5ZmNkZTYtOGY4OC00ZGI5LWE0ZjctNzQ2ZGJjMDZmYzk1XkEyXkFqcGc@._V1_SX300.jpg,"[{'Source': 'Internet Movie Database', 'Value': '8.0/10'}]",,8.0,"7,548",tt0089108,movie,,,,,True,,Waiting for the Hearse
57,Tim Allen: Men Are Pigs,1990,Not Rated,07 Sep 1990,30 min,"Documentary, Comedy",Ellen Brown,Tim Allen,"Tim Allen, Ken Calvert, John Schmidt","Tim Allen's first Showtime stand-up comedy special filmed in Kalamazoo, Michigan.",English,United States,,https://m.media-amazon.com/images/M/MV5BYmU0ZDZjZjUtMTAxYS00ZTE5LTgwZTctNmQzOGIzMzBhNGE3XkEyXkFqcGc@._V1_SX300.jpg,"[{'Source': 'Internet Movie Database', 'Value': '6.2/10'}]",,6.2,397,tt0259057,movie,,,,,True,,Tim Allen: Men Are Pigs
58,Mobile Suit Gundam III: Encounters in Space,1982,,13 Mar 1982,144 min,"Animation, Action, Drama","Osamu Sekita, Yoshikazu Yasuhiko, Yoshiyuki Tomino","Yoshiyuki Tomino, Ken'ichi Matsuzaki, Hiroyuki Hoshiyama","Tôru Furuya, Shûichi Ikeda, Hirotaka Suzuoki","Amuro Ray's White Base crew, now the 13th Autonomous Corps, rejoin the Earth Federation forces in space for the climactic battle against the Duchy of Zeon's military.",Japanese,Japan,,https://m.media-amazon.com/images/M/MV5BN2U4NDc1OGEtMTU4NC00YTMyLTk2OGMtYTYwM2FjNjgyY2JhXkEyXkFqcGc@._V1_SX300.jpg,"[{'Source': 'Internet Movie Database', 'Value': '7.5/10'}]",,7.5,"1,839",tt0159511,movie,,,,,True,,Mobile Suit Gundam III: Encounters in Space
59,Monty Python Live at the Hollywood Bowl,1982,R,25 Jun 1982,81 min,"Documentary, Comedy, Musical","Terry Hughes, Ian MacNaughton","Graham Chapman, John Cleese, Terry Gilliam","John Cleese, Michael Palin, Eric Idle",The Monty Python troupe perform a combination of classic sketches and new material at the Hollywood Bowl.,English,"United Kingdom, United States",,https://m.media-amazon.com/images/M/MV5BZDJjMGZlYjktNjhhMC00Mjg5LTg1MzEtMjUyYjc3NmY3MjZiXkEyXkFqcGc@._V1_SX300.jpg,"[{'Source': 'Internet Movie Database', 'Value': '7.8/10'}]",,7.8,"16,134",tt0084352,movie,,"$327,958",,,True,,Monty Python Live at the Hollywood Bowl
60,Disco Dancer,1982,PG-13,10 Dec 1982,135 min,"Action, Drama, Musical",Babbar Subhash,"Rahi Masoom Reza, Deepak Balraj Vij","Mithun Chakraborty, Kim, Kalpana Iyer","After years of honest work a talented amateur singer becomes a famous professional, but an old enemy of his family is envious of his success.","Hindi, English",India,,https://m.media-amazon.com/images/M/MV5BOTgxYWFhZjgtZGYwOS00MDMxLTg2YzItMTA0Mjc1MTZlZmRhXkEyXkFqcGc@._V1_SX300.jpg,"[{'Source': 'Internet Movie Database', 'Value': '6.5/10'}]",,6.5,"1,734",tt0208903,movie,,,,,True,,Disco Dancer
61,Agneepath,2012,Not Rated,26 Jan 2012,174 min,"Action, Crime, Drama",Karan Malhotra,"Ila Bedi Dutta, Avinash Ghodke, Karan Malhotra","Hrithik Roshan, Priyanka Chopra Jonas, Sanjay Dutt",A young boy's father is lynched before his eyes; fifteen years later he returns home for revenge.,"Hindi, Marathi, English",India,30 wins & 48 nominations total,https://m.media-amazon.com/images/M/MV5BNTRjN2VlMWEtZWZkMS00Nzc1LThlZjctZTE3ZDg1YjkyZjlkXkEyXkFqcGc@._V1_SX300.jpg,"[{'Source': 'Internet Movie Database', 'Value': '6.9/10'}, {'Source': 'Rotten Tomatoes', 'Value': '93%'}]",,6.9,"27,561",tt1849718,movie,,"$1,986,748",,,True,,Agneepath
62,Parrot Sketch Not Included: Twenty Years of Monty Python,1989,Not Rated,18 Nov 1989,72 min,Comedy,Ian MacNaughton,"Graham Chapman, John Cleese, Terry Gilliam","Steve Martin, Graham Chapman, John Cleese",Sketches from Monty Python's Flying Circus (1969).,English,United Kingdom,,https://m.media-amazon.com/images/M/MV5BMTkzNDA5MTA5MV5BMl5BanBnXkFtZTgwMzMzOTk1MDE@._V1_SX300.jpg,"[{'Source': 'Internet Movie Database', 'Value': '8.0/10'}]",,8.0,"1,605",tt0213984,movie,,,,,True,,Parrot Sketch Not Included: Twenty Years of Monty Python
63,Too Young the Hero,1988,Not Rated,27 Mar 1988,100 min,"Biography, Drama, War",Buzz Kulik,"Calvin Graham, Gary Thomas, David J. Kinghorn","Ricky Schroder, Jon DeVries, Debra Mooney","The true story of Calvin Graham who at the age of twelve, but looking quite a lot older, succeeded in joining the navy during World War II. In spite of his young age, he received a Purple Heart for his bravery in the Naval Battle ...",English,United States,2 nominations total,https://m.media-amazon.com/images/M/MV5BNDY4ZjEyOWItY2IzOC00NTI4LTk0MTEtNDNkYzYzMmYxMjRlXkEyXkFqcGc@._V1_SX300.jpg,"[{'Source': 'Internet Movie Database', 'Value': '6.7/10'}]",,6.7,593,tt0096286,movie,,,,,True,,Too Young the Hero
64,A Stoning in Fulham County,1988,Not Rated,24 Oct 1988,94 min,"Crime, Drama, Thriller",Larry Elikann,"Jackson Gillis, Jud Kinberg","Ken Olin, Jill Eikenberry, Maureen Mueller",Religious beliefs clash with the law when an Amish infant is killed in a rural community.,English,United States,1 nomination,https://m.media-amazon.com/images/M/MV5BMTY3MDE0OTY5OV5BMl5BanBnXkFtZTgwMDEwODY0MjE@._V1_SX300.jpg,"[{'Source': 'Internet Movie Database', 'Value': '5.9/10'}]",,5.9,476,tt0096179,movie,,,,,True,,A Stoning in Fulham County
65,The Ryan White Story,1989,Not Rated,16 Jan 1989,105 min,"Biography, Drama",John Herzfeld,"Phil Penningroth, John Herzfeld","Judith Light, Lukas Haas, Michael Bowen","The story of Ryan White, a 13-year-old haemophiliac who contracted AIDS from factor VIII, which was used to control this disorder.",English,United States,,https://m.media-amazon.com/images/M/MV5BMTQ0NjI2NTgtZWYxNy00M2JjLWEyODgtY2Q2NzJmMmUyOTE4XkEyXkFqcGdeQXVyMjczOTU2NTI@._V1_SX300.jpg,"[{'Source': 'Internet Movie Database', 'Value': '7.1/10'}]",,7.1,"1,000",tt0098237,movie,,,,,True,,The Ryan White Story
66,Dil,1990,Not Rated,22 Jun 1990,172 min,"Comedy, Drama, Romance",Indra Kumar,"Rajeev Kaul, Naushir Khatau, Kamlesh Pandey","Aamir Khan, Madhuri Dixit, Saeed Jaffrey","A man pretends to be a rich industrialist to improve his son's chances of marrying in to wealth, but his plan backfires on him.",Hindi,India,1 win & 6 nominations,https://m.media-amazon.com/images/M/MV5BNWM5YTM1MDItMmViYy00NDliLWEwYWQtYTVjOGY3ODllZjEzXkEyXkFqcGc@._V1_SX300.jpg,"[{'Source': 'Internet Movie Database', 'Value': '6.6/10'}]",,6.6,"5,805",tt0099429,movie,,,,,True,,Dil
67,Adam: His Song Continues,1986,Not Rated,29 Sep 1986,100 min,"Crime, Drama",Robert Markowitz,Oliver Hailey,"Daniel J. Travanti, JoBeth Williams, Richard Masur","Follows the true story of John and Reve Walsh who, after their child was murdered, fought to raise national awareness of the problem of missing children.",English,United States,,https://m.media-amazon.com/images/M/MV5BMjIwMDc1NTM3OV5BMl5BanBnXkFtZTgwNzAwODY0MjE@._V1_SX300.jpg,"[{'Source': 'Internet Movie Database', 'Value': '7.0/10'}]",,7.0,247,tt0090589,movie,,,CBS,,True,,Adam: His Song Continues
68,The George McKenna Story,1986,Not Rated,11 Nov 1986,100 min,"Biography, Drama",Eric Laneuville,Charles Eric Johnson,"Denzel Washington, Lynn Whitfield, Akosua Busia",He risked it all to make the grade.,English,United States,1 win,https://m.media-amazon.com/images/M/MV5BMTY3OTgyMDM0OV5BMl5BanBnXkFtZTcwNjc1MjkxMQ@@._V1_SX300.jpg,"[{'Source': 'Internet Movie Database', 'Value': '6.0/10'}]",,6.0,"1,109",tt0091106,movie,,,,,True,,The George McKenna Story
69,In Defense of a Married Man,1990,Not Rated,14 Oct 1990,95 min,"Crime, Drama",Joel Oliansky,"Sasha Ferrer, Norman Morrill","Judith Light, Michael Ontkean, Jerry Orbach","A lawyer's husband is having an affair. When the woman he is having the affair with is found dead. He is the prime suspect. Though he adamantly proclaims his innocence. His wife takes charge of his defense, but can she place his b...",English,United States,,https://m.media-amazon.com/images/M/MV5BMTUwNjA5Njk0Nl5BMl5BanBnXkFtZTgwMTIwODY0MjE@._V1_SX300.jpg,"[{'Source': 'Internet Movie Database', 'Value': '5.5/10'}]",,5.5,238,tt0099396,movie,,,,,True,,In Defense of a Married Man
70,Bill Hicks: Sane Man,1989,Not Rated,01 Dec 1989,81 min,"Documentary, Comedy","Kevin Booth, David Johndrow",Bill Hicks,Bill Hicks,Classic stand-up performance recorded in Austin Texas in 1989.,English,USA,,https://m.media-amazon.com/images/M/MV5BZGMzYTc2YzYtNmE0ZC00Yzg0LTg1ZWItMjdhYzhiM2MyN2E4XkEyXkFqcGdeQXVyNTM3MDMyMDQ@._V1_SX300.jpg,"[{'Source': 'Internet Movie Database', 'Value': '8.4/10'}]",,8.4,"2,209",tt0287337,movie,06 Dec 2005,,,,True,,Bill Hicks: Sane Man
71,Mujrim,1989,,28 Jun 1989,163 min,"Action, Crime",Umesh Mehra,"Mukul Dutt, P.D. Mehra, Vinay Shukla","Mithun Chakraborty, Madhuri Dixit, Suresh Oberoi","Jailed as a teenager, Shankar has been unable to stay on the right side of the law ever since, despite his wife's pleas and his mother's rejection.",Hindi,India,,https://m.media-amazon.com/images/M/MV5BOWQwZWE5MjctMTlkYy00NWUwLTg0ZTktZmUxYzcxZGE4NWNkXkEyXkFqcGdeQXVyODE5NzE3OTE@._V1_SX300.jpg,"[{'Source': 'Internet Movie Database', 'Value': '5.4/10'}]",,5.4,263,tt0097926,movie,,,,,True,,Mujrim
72,Aakhri Adaalat,1988,,,148 min,"Action, Thriller",Rajiv Mehra,"Mohan Kaul, Ravi Kapoor, Javed Siddiqui","Vinod Khanna, Dimple Kapadia, Jackie Shroff",An intrepid police inspector forced into a desk job must take matters into his own hands when ruthless criminals are released on a technicality.,Hindi,India,,https://m.media-amazon.com/images/M/MV5BMWViZTZlYmEtOTMzMC00OGFjLTkzZWUtZjdmMjc2ZGJjNThiXkEyXkFqcGdeQXVyODE5NzE3OTE@._V1_SX300.jpg,"[{'Source': 'Internet Movie Database', 'Value': '5.1/10'}]",,5.1,118,tt0177505,movie,,,,,True,,Aakhri Adaalat
73,Alexandria: Again and Forever,1989,Not Rated,20 Jun 1990,100 min,Drama,Youssef Chahine,"Youssef Chahine, Yousry Nasrallah","Youssra, Youssef Chahine, Hussein Fahmy","During a hunger strike by the Egyptian film industry, Yehia, a famous Egyptian director, finds himself obsessed with Amir, the leading man in one of his movies, and Nadia, a woman he desires to work with.",Arabic,"France, Egypt",1 win & 1 nomination,https://m.media-amazon.com/images/M/MV5BMWYxNzdlOGYtOTliMC00Mzc1LWE4MjMtYjkxZjlhOWY3ZWQ1XkEyXkFqcGdeQXVyMjI4NzAzNjg@._V1_SX300.jpg,"[{'Source': 'Internet Movie Database', 'Value': '6.5/10'}, {'Source': 'Rotten Tomatoes', 'Value': '100%'}]",,6.5,811,tt0099858,movie,,,,,True,,Alexandria: Again and Forever
74,Duniya,1984,Not Rated,18 Sep 1984,169 min,"Action, Drama",Ramesh Talwar,Javed Akhtar,"Ashok Kumar, Dilip Kumar, Rishi Kapoor","Framed for a crime he didn't commit, Mohan Kumar loses his wife, son, and freedom, then he emerges from prison vowing revenge.",Hindi,India,,https://m.media-amazon.com/images/M/MV5BZTNiNTZjNzMtYWQzZS00MDY5LTg5MTctNWJmNmQ5ODgxNmViXkEyXkFqcGc@._V1_SX300.jpg,"[{'Source': 'Internet Movie Database', 'Value': '6.3/10'}]",,6.3,311,tt0301231,movie,,,,,True,,Duniya
75,Strange Voices,1987,Not Rated,19 Oct 1987,100 min,Drama,Arthur Allan Seidelman,"Donna Powers, Wayne Powers, Roberta Dacks","Nancy McKeon, Valerie Harper, Stephen Macht","A family begins to fall apart when they find out their eldest daughter, Nicole, is a victim of schizophrenia.",English,United States,,https://m.media-amazon.com/images/M/MV5BMTU5MTU4MzIxNV5BMl5BanBnXkFtZTgwODAwODY0MjE@._V1_SX300.jpg,"[{'Source': 'Internet Movie Database', 'Value': '6.2/10'}]",,6.2,424,tt0094052,movie,,,,,True,,Strange Voices
76,Jaal,1986,,14 Feb 1986,,"Action, Drama, Thriller",Umesh Mehra,"Anand Kaushal, Javed Siddiqui","Rekha, Mithun Chakraborty, Mandakini","Shankar Verma lives a poor lifestyle with his mom, Shanti, in India after His father, Sathpal, leaves the family for a courtesan by the name of Meenabai. Years later, Shankar has now grown up and finds himself the object of affect...",Hindi,India,,https://m.media-amazon.com/images/M/MV5BMzhkYjhjZjYtZDU5YS00ZGM2LWI2ZDgtNzM1NGZhNjExZGE2XkEyXkFqcGc@._V1_SX300.jpg,"[{'Source': 'Internet Movie Database', 'Value': '5.1/10'}]",,5.1,183,tt0239495,movie,,,,,True,,Jaal
77,Quiet Victory: The Charlie Wedemeyer Story,1988,Not Rated,26 Dec 1988,100 min,Drama,Roy Campanella II,Barry Morrow,"Pam Dawber, Michael Nouri, Bess Meyer",A real-life story about a high school teacher and football coach who is diagnosed with Lou Gehrig's disease but refuses to give in.,English,United States,,https://m.media-amazon.com/images/M/MV5BY2ExOGI3ZjAtM2FlNS00MWIxLTg4ZjYtYTg4NjVhNDU0ZjEyXkEyXkFqcGdeQXVyMzU0NzkwMDg@._V1_SX300.jpg,"[{'Source': 'Internet Movie Database', 'Value': '7.0/10'}]",,7.0,158,tt0095945,movie,,,,,True,,Quiet Victory: The Charlie Wedemeyer Story
78,High Risk,1995,R,12 Jul 1995,101 min,"Action, Comedy, Crime","Jing Wong, Wai-Lun Lam","Domonic Muir, Jing Wong","Jet Li, Chingmy Yau, Jacky Cheung","Bodyguard Kit Li's martial arts skills are put to the test when a villainous gang attempts to steal Russian crown jewels from a Hong Kong hotel where his cowardly client, actor Frankie Lane, is attending an exhibition.","Cantonese, Mandarin, English",Hong Kong,2 nominations,https://m.media-amazon.com/images/M/MV5BZjI0MGQxODYtMTM4MC00MjkwLWIwM2QtNzg1MzBjMTgyYTdmXkEyXkFqcGc@._V1_SX300.jpg,"[{'Source': 'Internet Movie Database', 'Value': '6.1/10'}]",,6.1,"4,703",tt0114437,movie,,,,,True,,High Risk
79,Muqaddar Ka Faisla,1987,Not Rated,26 Jun 1987,171 min,"Action, Comedy, Drama",Prakash Mehra,"Laxmikant Sharma, Prakash Mehra, Kader Khan","Raaj Kumar, Rakhee Gulzar, Raj Babbar","An honest Hindu pandit (priest) is framed for embezzlement and rape, and not only dismissed from employment, but also arrested and imprisoned, leaving behind his family in destitution. On his return from prison, he is unable to lo...",Hindi,India,,https://m.media-amazon.com/images/M/MV5BYzQ3ZmM5YTEtYzI5NC00ZTZhLWE3ZTEtOThjMDc4MWZjZjY0XkEyXkFqcGdeQXVyODE5NzE3OTE@._V1_SX300.jpg,"[{'Source': 'Internet Movie Database', 'Value': '4.7/10'}]",,4.7,83,tt0239682,movie,,,,,True,,Muqaddar Ka Faisla
80,Pyar Ke Do Pal,1986,,15 Aug 1986,130 min,"Action, Drama",Rajiv Mehra,"Javed Siddiqui, Jyoti Swaroop, Zaheer D. Lari","Mithun Chakraborty, Bindu Desai, Krishan Dhawan","Twins separated by a court order meet at camp and decide to reunite their parents, unaware of the dark secret that drove them apart years before.",Hindi,India,,https://m.media-amazon.com/images/M/MV5BYTMyMGM5YjgtMjMzMS00OGI3LWE0OGQtNjIyMTA5NTJkZjQyXkEyXkFqcGdeQXVyODE5NzE3OTE@._V1_SX300.jpg,"[{'Source': 'Internet Movie Database', 'Value': '6.4/10'}]",,6.4,104,tt0358053,movie,,,,,True,,Pyar Ke Do Pal
81,Sohni Mahiwal,1984,,05 Oct 2017,142 min,"Action, Drama, Romance","Latif Faiziyev, Umesh Mehra, Kanwal Biala","Umesh Mehra, Javed Siddiqui, Shanti Prakash Bakshi","Sunny Deol, Poonam Dhillon, Pran Sikand","After being violently separated from the woman he loves, a young man must disguise himself in order to keep meeting her.","Punjabi, Hindi","India, Soviet Union",3 wins,https://m.media-amazon.com/images/M/MV5BMjlkY2NmNTUtMDZjYy00MjRmLWI5MTQtYjhiNDM1M2I1OTU1XkEyXkFqcGc@._V1_SX300.jpg,"[{'Source': 'Internet Movie Database', 'Value': '6.1/10'}]",,6.1,401,tt0152509,movie,,,,,True,,Sohni Mahiwal
82,Ek Jaan Hain Hum,1983,Not Rated,16 Sep 1983,151 min,"Family, Romance",Rajiv Mehra,,"Rakesh Bedi, Avtar Gill, Gulshan Grover","While trying to win over his beloved's parents, a young man is accused of arson, and his father soon realizes insanity may be his only defense.",Hindi,India,,https://m.media-amazon.com/images/M/MV5BNGVkYThhMzQtMDQ4Ni00NzliLThlMDUtOGY1NWIyYmI1NDk2XkEyXkFqcGdeQXVyMDkwNTkwNg@@._V1_SX300.jpg,"[{'Source': 'Internet Movie Database', 'Value': '6.5/10'}]",,6.5,92,tt0379272,movie,,,,,True,,Ek Jaan Hain Hum
83,An Egyptian Story,1982,TV-MA,03 Aug 1983,115 min,Drama,Youssef Chahine,Youssef Chahine,"Oussama Nadir, Mohsen Mohieddin, Nour El-Sherif","In the middle of his own heart surgery, an Egyptian filmmaker remembers his life. In fact his old self, as a child, is accused of the attempted murder of his new self. Through the metaphoric trial, we are drawn into his life in re...","Arabic, English",Egypt,1 nomination total,https://m.media-amazon.com/images/M/MV5BYzc4ZjYwZTQtZjU5Yy00MDUyLTkzMGQtM2QyNzU5YjI0ZDg1XkEyXkFqcGc@._V1_SX300.jpg,"[{'Source': 'Internet Movie Database', 'Value': '7.3/10'}, {'Source': 'Rotten Tomatoes', 'Value': '100%'}]",,7.3,"1,370",tt0084042,movie,,,,,True,,An Egyptian Story
84,Unspeakable Acts,1990,Not Rated,15 Jan 1990,100 min,"Biography, Drama",Linda Otto,"Jan Hollingsworth, Alan Landsburg, Hesper Anderson","Jill Clayburgh, Brad Davis, Sam Behrens",The story of child psychologists Dr. Laurie and Joseph Braga and their involvement in one of the worst child sex abuse scandals in the U.S.,English,United States,,https://m.media-amazon.com/images/M/MV5BMTQ3MzYzMDA4MF5BMl5BanBnXkFtZTgwMjIwODY0MjE@._V1_SX300.jpg,"[{'Source': 'Internet Movie Database', 'Value': '6.2/10'}]",,6.2,571,tt0100848,movie,,,,,True,,Unspeakable Acts
85,Survivor,2015,PG-13,29 May 2015,96 min,"Action, Crime, Thriller",James McTeigue,Philip Shelby,"Milla Jovovich, Pierce Brosnan, Dylan McDermott","A Foreign Service Officer in London tries to prevent a terrorist attack set to hit New York City, but is forced to go on the run when she is framed for crimes she did not commit.","English, Pashtu, Mandarin","United States, United Kingdom",,https://m.media-amazon.com/images/M/MV5BMjE5NDM5MTQ0MF5BMl5BanBnXkFtZTgwMDEzNTUxNTE@._V1_SX300.jpg,"[{'Source': 'Internet Movie Database', 'Value': '5.6/10'}, {'Source': 'Rotten Tomatoes', 'Value': '8%'}, {'Source': 'Metacritic', 'Value': '28/100'}]",28.0,5.6,"36,573",tt3247714,movie,,,,,True,,Survivor
86,Mission: Impossible - Ghost Protocol,2011,PG-13,21 Dec 2011,132 min,"Action, Adventure, Thriller",Brad Bird,"Bruce Geller, Josh Appelbaum, André Nemec","Tom Cruise, Jeremy Renner, Simon Pegg","The IMF is shut down when it's implicated in the bombing of the Kremlin, causing Ethan Hunt and his new team to go rogue to clear their organization's name.","English, Russian, French, Arabic, Swedish","United States, United Arab Emirates, Russia, Canada, Czech Republic, India",5 wins & 30 nominations total,https://m.media-amazon.com/images/M/MV5BMTY4MTUxMjQ5OV5BMl5BanBnXkFtZTcwNTUyMzg5Ng@@._V1_SX300.jpg,"[{'Source': 'Internet Movie Database', 'Value': '7.4/10'}, {'Source': 'Rotten Tomatoes', 'Value': '94%'}, {'Source': 'Metacritic', 'Value': '73/100'}]",73.0,7.4,"555,260",tt1229238,movie,,"$209,397,903",,,True,,Mission: Impossible - Ghost Protocol
87,Stargate SG-1,1997–2007,TV-14,27 Jul 1997,44 min,"Action, Adventure, Drama",,"Jonathan Glassner, Brad Wright","Richard Dean Anderson, Michael Shanks, Amanda Tapping","A secret military team, SG-1, is formed to explore other planets through the recently discovered Stargates.",English,"United States, Canada",Nominated for 9 Primetime Emmys. 18 wins & 98 nominations total,https://m.media-amazon.com/images/M/MV5BMTc3MjEwMTc5N15BMl5BanBnXkFtZTcwNzQ2NjQ4NA@@._V1_SX300.jpg,"[{'Source': 'Internet Movie Database', 'Value': '8.4/10'}]",,8.4,"105,927",tt0118480,series,,,,,True,10.0,Stargate SG-1
88,Se7en,1995,R,22 Sep 1995,127 min,"Crime, Drama, Mystery",David Fincher,Andrew Kevin Walker,"Morgan Freeman, Brad Pitt, Kevin Spacey","Two detectives, a rookie and a veteran, hunt a serial killer who uses the seven deadly sins as his motives.",English,United States,Nominated for 1 Oscar. 29 wins & 44 nominations total,https://m.media-amazon.com/images/M/MV5BY2IzNzMxZjctZjUxZi00YzAxLTk3ZjMtODFjODdhMDU5NDM1XkEyXkFqcGc@._V1_SX300.jpg,"[{'Source': 'Internet Movie Database', 'Value': '8.6/10'}, {'Source': 'Rotten Tomatoes', 'Value': '84%'}, {'Source': 'Metacritic', 'Value': '65/100'}]",65.0,8.6,"1,949,470",tt0114369,movie,,"$101,040,643",,,True,,Se7en
89,Pokémon,1997–2023,TV-14,08 Sep 1998,1 min,"Animation, Action, Adventure",,"Satoshi Tajiri, Jun'ichi Masuda, Ken Sugimori","Veronica Taylor, Rachael Lillis, Eric Stuart","On his 10th birthday, Ash starts his Pokémon journey with an unexpected Pikachu. He faces tough Gym battles but finds support in Brock, Misty, and new Pokémon companions Bulbasaur, Squirtle, and Charmander.","Japanese, Portuguese, English","Japan, United States",2 nominations total,https://m.media-amazon.com/images/M/MV5BMzE0ZDU1MzQtNTNlYS00YjNlLWE2ODktZmFmNDYzMTBlZTBmXkEyXkFqcGc@._V1_SX300.jpg,"[{'Source': 'Internet Movie Database', 'Value': '7.6/10'}]",,7.6,"52,458",tt0168366,series,,,,,True,25.0,Pokémon
90,Boogie Nights,1997,R,31 Oct 1997,155 min,Drama,Paul Thomas Anderson,Paul Thomas Anderson,"Mark Wahlberg, Julianne Moore, Burt Reynolds",An idealistic porn producer aspires to elevate his craft to an art when he discovers a hot young talent.,English,United States,Nominated for 3 Oscars. 36 wins & 64 nominations total,https://m.media-amazon.com/images/M/MV5BOTFmZmE4OTMtNDYxNi00MmZmLThlYjktMmExMzMwY2YzOTFiXkEyXkFqcGc@._V1_SX300.jpg,"[{'Source': 'Internet Movie Database', 'Value': '7.9/10'}, {'Source': 'Rotten Tomatoes', 'Value': '94%'}, {'Source': 'Metacritic', 'Value': '86/100'}]",86.0,7.9,"294,236",tt0118749,movie,,"$26,416,349",,,True,,Boogie Nights
91,Forrest Gump,1994,PG-13,06 Jul 1994,142 min,"Drama, Romance",Robert Zemeckis,"Winston Groom, Eric Roth","Tom Hanks, Robin Wright, Gary Sinise","The history of the United States from the 1950s to the '70s unfolds from the perspective of an Alabama man with an IQ of 75, who yearns to be reunited with his childhood sweetheart.",English,United States,Won 6 Oscars. 51 wins & 74 nominations total,https://m.media-amazon.com/images/M/MV5BNDYwNzVjMTItZmU5YS00YjQ5LTljYjgtMjY2NDVmYWMyNWFmXkEyXkFqcGc@._V1_SX300.jpg,"[{'Source': 'Internet Movie Database', 'Value': '8.8/10'}, {'Source': 'Rotten Tomatoes', 'Value': '75%'}, {'Source': 'Metacritic', 'Value': '82/100'}]",82.0,8.8,"2,422,593",tt0109830,movie,,"$330,455,270",,,True,,Forrest Gump
92,Snatch,2000,R,19 Jan 2001,102 min,"Comedy, Crime",Guy Ritchie,Guy Ritchie,"Jason Statham, Brad Pitt, Stephen Graham","Unscrupulous boxing promoters, violent bookmakers, a Russian gangster, incompetent amateur robbers and supposedly Jewish jewelers fight to track down a priceless stolen diamond.","English, Russian","United Kingdom, United States",4 wins & 7 nominations total,https://m.media-amazon.com/images/M/MV5BYzk5NjJkMTQtN2IyNC00YWM5LTlhZmMtNGI3MWNhMTU1YTc4XkEyXkFqcGc@._V1_SX300.jpg,"[{'Source': 'Internet Movie Database', 'Value': '8.2/10'}, {'Source': 'Rotten Tomatoes', 'Value': '74%'}, {'Source': 'Metacritic', 'Value': '55/100'}]",55.0,8.2,"955,019",tt0208092,movie,,"$30,328,156",,,True,,Snatch
93,The Talented Mr. Ripley,1999,R,25 Dec 1999,139 min,"Crime, Drama, Thriller",Anthony Minghella,"Patricia Highsmith, Anthony Minghella","Matt Damon, Gwyneth Paltrow, Jude Law","In late 1950s New York, a young underachiever named Tom Ripley is sent to Italy to retrieve Dickie Greenleaf, a rich and spoiled millionaire playboy. But when the errand fails, Ripley takes extreme measures.","English, Italian",United States,Nominated for 5 Oscars. 10 wins & 81 nominations total,https://m.media-amazon.com/images/M/MV5BYzI2ZmU3MWMtZmRlMi00ZmVlLTkwMDMtZmI1YTg4YzcwMDE0XkEyXkFqcGc@._V1_SX300.jpg,"[{'Source': 'Internet Movie Database', 'Value': '7.4/10'}, {'Source': 'Rotten Tomatoes', 'Value': '85%'}, {'Source': 'Metacritic', 'Value': '76/100'}]",76.0,7.4,"264,777",tt0134119,movie,,"$81,298,265",,,True,,The Talented Mr. Ripley
94,One Piece,1999–,TV-14,20 Oct 1999,24 min,"Animation, Action, Adventure",,Eiichirô Oda,"Mayumi Tanaka, Akemi Okamura, Tony Beck","Rubber-bodied dreamer Monkey D. Luffy gathers an eclectic pirate crew and braves the perilous Grand Line, battling tyrants and monsters to claim the legendary ""One Piece"" and become King of the Pirates.",Japanese,Japan,7 wins & 15 nominations total,https://m.media-amazon.com/images/M/MV5BMTNjNGU4NTUtYmVjMy00YjRiLTkxMWUtNzZkMDNiYjZhNmViXkEyXkFqcGc@._V1_SX300.jpg,"[{'Source': 'Internet Movie Database', 'Value': '9.0/10'}]",,9.0,"324,269",tt0388629,series,,,,,True,1.0,One Piece
95,The Challenge,1998–,TV-14,20 Apr 1998,60 min,"Action, Adventure, Game-Show",,"Jonathan Murray, Mary-Ellis Bunim","T.J. Lavin, Johnny 'Bananas' Devenanzio, Chris 'C.T.' Tamburello",Alumni from reality TV and other forms of entertainment and first time cast members live together and compete against one another in physical and mental challenges for cash prizes.,English,United States,11 nominations total,https://m.media-amazon.com/images/M/MV5BMjQwMTYzNDgtNDI5NS00MGU3LTk1YmUtZmU0MzAyMmY3OTE2XkEyXkFqcGc@._V1_SX300.jpg,"[{'Source': 'Internet Movie Database', 'Value': '8.1/10'}]",,8.1,"4,834",tt0176095,series,,,,,True,41.0,The Challenge
96,Titanic,1997,PG-13,19 Dec 1997,194 min,"Drama, Romance",James Cameron,James Cameron,"Leonardo DiCaprio, Kate Winslet, Billy Zane","A seventeen-year-old aristocrat falls in love with a kind but poor artist aboard the luxurious, ill-fated R.M.S. Titanic.","English, Swedish, Italian, French",United States,Won 11 Oscars. 126 wins & 84 nominations total,https://m.media-amazon.com/images/M/MV5BYzYyN2FiZmUtYWYzMy00MzViLWJkZTMtOGY1ZjgzNWMwN2YxXkEyXkFqcGc@._V1_SX300.jpg,"[{'Source': 'Internet Movie Database', 'Value': '7.9/10'}, {'Source': 'Rotten Tomatoes', 'Value': '88%'}, {'Source': 'Metacritic', 'Value': '75/100'}]",75.0,7.9,"1,354,930",tt0120338,movie,,"$674,354,882",,,True,,Titanic
97,Cowboy Bebop,1998–1999,TV-14,02 Sep 2001,24 min,"Animation, Action, Adventure",,Shin'ichirô Watanabe,"Kôichi Yamadera, Unshô Ishizuka, Megumi Hayashibara",The futuristic misadventures and tragedies of an easygoing bounty hunter and his partners.,Japanese,Japan,,https://m.media-amazon.com/images/M/MV5BMTU3ZTdiOGQtYmYwYy00OGM5LThmNjMtZGJmNTVlZjk1ZmEyXkEyXkFqcGc@._V1_SX300.jpg,"[{'Source': 'Internet Movie Database', 'Value': '8.9/10'}]",,8.9,"156,995",tt0213338,series,,,,,True,1.0,Cowboy Bebop
98,Starship Troopers,1997,R,07 Nov 1997,129 min,"Action, Adventure, Sci-Fi",Paul Verhoeven,"Edward Neumeier, Robert A. Heinlein","Casper Van Dien, Denise Richards, Dina Meyer","Humans, in a fascist militaristic future, wage war with giant alien bugs.",English,United States,Nominated for 1 Oscar. 3 wins & 16 nominations total,https://m.media-amazon.com/images/M/MV5BZTNiOGM1ZWUtZTZjZC00OWJmLWE2YzUtZjQ4ODZjZmVlMDU3XkEyXkFqcGc@._V1_SX300.jpg,"[{'Source': 'Internet Movie Database', 'Value': '7.3/10'}, {'Source': 'Rotten Tomatoes', 'Value': '72%'}, {'Source': 'Metacritic', 'Value': '52/100'}]",52.0,7.3,"338,275",tt0120201,movie,,"$54,814,377",,,True,,Starship Troopers
99,Mission: Impossible II,2000,PG-13,24 May 2000,123 min,"Action, Adventure, Thriller",John Woo,"Bruce Geller, Ronald D. Moore, Brannon Braga","Tom Cruise, Dougray Scott, Thandiwe Newton","IMF agent Ethan Hunt is sent to Sydney to find and destroy a genetically modified disease called ""Chimera"".",English,"Germany, United States",12 wins & 20 nominations total,https://m.media-amazon.com/images/M/MV5BYWFjM2NhMTAtNDU1My00ODUxLTkwMzYtODQzNzM0ODM0ZWQ0XkEyXkFqcGc@._V1_SX300.jpg,"[{'Source': 'Internet Movie Database', 'Value': '6.1/10'}, {'Source': 'Metacritic', 'Value': '59/100'}]",59.0,6.1,"404,699",tt0120755,movie,,"$215,409,889",,,True,,Mission: Impossible II
100,Dumb and Dumber,1994,PG-13,16 Dec 1994,107 min,Comedy,"Peter Farrelly, Bobby Farrelly","Peter Farrelly, Bennett Yellin, Bobby Farrelly","Jim Carrey, Jeff Daniels, Lauren Holly","After a woman leaves a briefcase at the airport terminal, a dumb limo driver and his dumber friend set out on a hilarious cross-country road trip to Aspen to return it.","English, Swedish, German",United States,5 wins & 3 nominations total,https://m.media-amazon.com/images/M/MV5BNGQxZDA1MmMtYWQ1Ni00NTJmLTljMjgtZWVmODllODVhMzgyXkEyXkFqcGc@._V1_SX300.jpg,"[{'Source': 'Internet Movie Database', 'Value': '7.3/10'}, {'Source': 'Rotten Tomatoes', 'Value': '68%'}, {'Source': 'Metacritic', 'Value': '41/100'}]",41.0,7.3,"432,617",tt0109686,movie,,"$127,190,327",,,True,,Dumb and Dumber
101,Neon Genesis Evangelion,1995–1996,TV-MA,20 Aug 1997,24 min,"Animation, Action, Drama",,Hideaki Anno,"Megumi Ogata, Megumi Hayashibara, Kotono Mitsuishi",A teenage boy finds himself recruited as a member of an elite team of pilots by his father.,"Japanese, English",Japan,1 nomination total,https://m.media-amazon.com/images/M/MV5BZjZjZGI3ZDQtODNmZC00NjE0LTlmYTUtOTljMWI2YjNmMTQ0XkEyXkFqcGc@._V1_SX300.jpg,"[{'Source': 'Internet Movie Database', 'Value': '8.5/10'}]",,8.5,"100,307",tt0112159,series,,,,,True,1.0,Neon Genesis Evangelion
102,Gattaca,1997,PG-13,24 Oct 1997,106 min,"Drama, Sci-Fi, Thriller",Andrew Niccol,Andrew Niccol,"Ethan Hawke, Uma Thurman, Jude Law","Vincent, an ""In-Valid,"" assumes the identity of a member of the genetic elite to pursue his goal of traveling into space with the Gattaca Aerospace Corporation. However, a week before his mission, a murder marks Vincent as a suspect.","English, Esperanto",United States,Nominated for 1 Oscar. 6 wins & 16 nominations total,https://m.media-amazon.com/images/M/MV5BZjQxNTc3YzQtZDA5ZC00MmM5LWE3NGYtMGE0Yjk3MDYwODVlXkEyXkFqcGc@._V1_SX300.jpg,"[{'Source': 'Internet Movie Database', 'Value': '7.7/10'}, {'Source': 'Rotten Tomatoes', 'Value': '83%'}, {'Source': 'Metacritic', 'Value': '64/100'}]",64.0,7.7,"338,018",tt0119177,movie,,"$12,532,777",,,True,,Gattaca
103,Léon: The Professional,1994,R,18 Nov 1994,110 min,"Action, Crime, Drama",Luc Besson,Luc Besson,"Jean Reno, Gary Oldman, Natalie Portman",An Italian hit man protects a New York orphan.,"English, Italian, French","France, United States",5 wins & 16 nominations total,https://m.media-amazon.com/images/M/MV5BNGRkYTNhOWQtYmI0Ni00MjZhLWJmMzAtMTA2Mjg4NGNiNDU0XkEyXkFqcGc@._V1_SX300.jpg,"[{'Source': 'Internet Movie Database', 'Value': '8.5/10'}, {'Source': 'Rotten Tomatoes', 'Value': '75%'}, {'Source': 'Metacritic', 'Value': '64/100'}]",64.0,8.5,"1,315,429",tt0110413,movie,,"$19,501,238",,,True,,Léon: The Professional
104,Gilmore Girls,2000–2007,TV-PG,05 Oct 2000,57S min,"Comedy, Drama",,Amy Sherman-Palladino,"Lauren Graham, Alexis Bledel, Keiko Agena","A dramedy centering around the relationship between a thirtysomething single mother and her teen daughter living in Stars Hollow, Connecticut.",English,United States,Won 1 Primetime Emmy. 23 wins & 85 nominations total,https://m.media-amazon.com/images/M/MV5BMzM2OGZjMTItNzc2OS00YzA4LWE0ZTUtYzE5NjU0MTIyZjcyXkEyXkFqcGc@._V1_SX300.jpg,"[{'Source': 'Internet Movie Database', 'Value': '8.2/10'}]",,8.2,"163,424",tt0238784,series,,,,,True,7.0,Gilmore Girls
105,Natural Born Killers,1994,R,26 Aug 1994,119 min,"Crime, Romance",Oliver Stone,"Quentin Tarantino, David Veloz, Richard Rutowski","Woody Harrelson, Juliette Lewis, O-Lan Jones",Two victims of traumatized childhoods become lovers and psychopathic serial murderers irresponsibly glorified by the mass media.,"English, Navajo, Japanese",United States,5 wins & 10 nominations total,https://m.media-amazon.com/images/M/MV5BNTlmYjkxNzYtYWMwMC00NTNhLWExZjEtNmUwMzlmYWJhOGFjXkEyXkFqcGc@._V1_SX300.jpg,"[{'Source': 'Internet Movie Database', 'Value': '7.2/10'}, {'Source': 'Rotten Tomatoes', 'Value': '51%'}, {'Source': 'Metacritic', 'Value': '74/100'}]",74.0,7.2,"261,988",tt0110632,movie,,"$50,282,766",,,True,,Natural Born Killers
106,The Quick and the Dead,1995,R,10 Feb 1995,108 min,"Action, Drama, Romance",Sam Raimi,Simon Moore,"Sharon Stone, Gene Hackman, Russell Crowe","A female gunfighter returns to a frontier town where a dueling tournament is being held, which she enters in an effort to avenge her father's death.","English, Spanish","United States, Japan",1 nomination total,https://m.media-amazon.com/images/M/MV5BZGRlZTJmNTEtMzE3Yi00YTAwLWIyMjgtODU4NTExNjFmOTQwXkEyXkFqcGc@._V1_SX300.jpg,"[{'Source': 'Internet Movie Database', 'Value': '6.5/10'}, {'Source': 'Rotten Tomatoes', 'Value': '61%'}, {'Source': 'Metacritic', 'Value': '49/100'}]",49.0,6.5,"109,419",tt0114214,movie,,"$18,636,537",,,True,,The Quick and the Dead
107,You've Got Mail,1998,PG,18 Dec 1998,119 min,"Comedy, Drama, Romance",Nora Ephron,"Miklós László, Nora Ephron, Delia Ephron","Tom Hanks, Meg Ryan, Greg Kinnear","Book superstore magnate Joe Fox and independent book shop owner Kathleen Kelly fall in love in the anonymity of the Internet, both blissfully unaware that he's trying to put her out of business.",English,United States,6 wins & 8 nominations total,https://m.media-amazon.com/images/M/MV5BN2FhMWRiODYtMTQwMy00OTE2LTlhZjMtNWRmYmIyZjYwYTk1XkEyXkFqcGc@._V1_SX300.jpg,"[{'Source': 'Internet Movie Database', 'Value': '6.7/10'}, {'Source': 'Rotten Tomatoes', 'Value': '70%'}, {'Source': 'Metacritic', 'Value': '58/100'}]",58.0,6.7,"238,946",tt0128853,movie,,"$115,821,495",,,True,,You've Got Mail
108,Power Rangers,2017,PG-13,24 Mar 2017,124 min,"Action, Adventure, Fantasy",Dean Israelite,"John Gatins, Matt Sazama, Burk Sharpless","Dacre Montgomery, Naomi Scott, RJ Cyler","When Earth is on the verge of an alien invasion, five teenagers, who are infused with superhuman abilities, must harness their newfound powers to battle this threat - as the Power Rangers.","English, Mandarin","United States, Hong Kong, Japan, Canada, New Zealand",6 nominations total,https://m.media-amazon.com/images/M/MV5BMTA5MzU1NDI4NzBeQTJeQWpwZ15BbWU4MDUxMDQ0NDEy._V1_SX300.jpg,"[{'Source': 'Internet Movie Database', 'Value': '5.9/10'}, {'Source': 'Rotten Tomatoes', 'Value': '51%'}, {'Source': 'Metacritic', 'Value': '44/100'}]",44.0,5.9,"117,325",tt3717490,movie,,"$85,364,450",,,True,,Power Rangers
109,Big Daddy,1999,PG-13,25 Jun 1999,93 min,"Comedy, Drama",Dennis Dugan,"Steve Franks, Tim Herlihy, Adam Sandler","Adam Sandler, Joey Lauren Adams, Jon Stewart","A lazy law school graduate adopts a kid to impress his girlfriend, but everything doesn't go as planned.","English, Italian",United States,8 wins & 14 nominations total,https://m.media-amazon.com/images/M/MV5BZGQwMzAyMjEtYjNiNi00NWQwLThiNjQtY2Q2ZWQ5ZGIzMDI4XkEyXkFqcGc@._V1_SX300.jpg,"[{'Source': 'Internet Movie Database', 'Value': '6.4/10'}, {'Source': 'Rotten Tomatoes', 'Value': '39%'}, {'Source': 'Metacritic', 'Value': '42/100'}]",42.0,6.4,"245,369",tt0142342,movie,,"$163,479,795",,,True,,Big Daddy
110,Vampires,1998,R,30 Oct 1998,108 min,"Action, Horror, Thriller",John Carpenter,"John Steakley, Don Jakoby","James Woods, Daniel Baldwin, Sheryl Lee","Recovering from an ambush that killed his entire team, a vengeful vampire slayer must retrieve an ancient Catholic relic that, should it be acquired by vampires, will allow them to walk in sunlight.","English, Latin","Japan, United States",7 wins & 6 nominations total,https://m.media-amazon.com/images/M/MV5BOTI2OTUyZjItMjY0My00NzY1LWI2MGYtZDJjY2RhM2NlY2E2XkEyXkFqcGc@._V1_SX300.jpg,"[{'Source': 'Internet Movie Database', 'Value': '6.1/10'}, {'Source': 'Rotten Tomatoes', 'Value': '44%'}, {'Source': 'Metacritic', 'Value': '42/100'}]",42.0,6.1,"66,942",tt0120877,movie,,"$20,308,772",,,True,,Vampires
111,Yu-Gi-Oh!,2000–2006,TV-Y,29 Sep 2001,24 min,"Animation, Action, Adventure",,Kazuki Takahashi,"Dan Green, Wayne Grayson, Amy Birnbaum","Yugi Moto solves an Ancient Egyptian Puzzle and brings forth a dark and powerful alter ego. Whenever he and his friends are threatened by evil in Duel Monster Card Game, this alter ego breaks out to save them.",English,Japan,1 nomination,https://m.media-amazon.com/images/M/MV5BYzNkNjA1YTctMzU3ZS00ZWY3LWJjNjYtMTgyMmI0YWVkNjU4XkEyXkFqcGc@._V1_SX300.jpg,"[{'Source': 'Internet Movie Database', 'Value': '7.3/10'}]",,7.3,"24,152",tt0249327,series,,,,,True,5.0,Yu-Gi-Oh!
112,Donnie Brasco,1997,R,28 Feb 1997,127 min,"Biography, Crime, Drama",Mike Newell,"Joseph D. Pistone, Richard Woodley, Paul Attanasio","Al Pacino, Johnny Depp, Michael Madsen",An FBI undercover agent infiltrates the mob and finds himself identifying more with the Mafia life--at the expense of his regular one.,"English, Italian, Japanese",United States,Nominated for 1 Oscar. 2 wins & 16 nominations total,https://m.media-amazon.com/images/M/MV5BZWZkNDA2YTctZWJhZS00OTAzLThlODMtY2QyMzg1MTEwYjU2XkEyXkFqcGc@._V1_SX300.jpg,"[{'Source': 'Internet Movie Database', 'Value': '7.7/10'}, {'Source': 'Rotten Tomatoes', 'Value': '88%'}, {'Source': 'Metacritic', 'Value': '77/100'}]",77.0,7.7,"348,793",tt0119008,movie,,"$41,909,762",,,True,,Donnie Brasco
113,The Magic School Bus,1994–1997,TV-Y,10 Sep 1994,1 min,"Animation, Adventure, Comedy",,"Joanna Cole, Bruce Degen, Kristin Laskas Martin","Lily Tomlin, Daniel DeSanto, Lisa Jai",An eccentric teacher takes her class on wondrous educational field trips with the help of a magic school bus.,English,"Canada, United States",3 wins & 11 nominations total,https://m.media-amazon.com/images/M/MV5BOWMxZTBkMWEtNWQzOS00NDZmLWJjNWQtYzljMjZmYjUzMDAyXkEyXkFqcGc@._V1_SX300.jpg,"[{'Source': 'Internet Movie Database', 'Value': '7.8/10'}]",,7.8,"11,749",tt0108847,series,,,,,True,4.0,The Magic School Bus
114,Goosebumps,2015,PG,16 Oct 2015,103 min,"Adventure, Comedy, Fantasy",Rob Letterman,"Darren Lemke, Scott Alexander, Larry Karaszewski","Jack Black, Dylan Minnette, Odeya Rush","A teenager teams up with the daughter of young-adult horror author R.L. Stine after the writer's imaginary demons are set free on the town of Madison, Delaware.","English, Ukrainian","United States, Australia",4 nominations total,https://m.media-amazon.com/images/M/MV5BMjA1OTUzNTQ5Ml5BMl5BanBnXkFtZTgwODQ4NDkxNjE@._V1_SX300.jpg,"[{'Source': 'Internet Movie Database', 'Value': '6.3/10'}, {'Source': 'Rotten Tomatoes', 'Value': '78%'}, {'Source': 'Metacritic', 'Value': '60/100'}]",60.0,6.3,"99,738",tt1051904,movie,,"$80,080,379",,,True,,Goosebumps
115,Inuyasha,2000–2004,TV-14,31 Aug 2002,24 min,"Animation, Action, Adventure",,Rumiko Takahashi,"Kappei Yamaguchi, Richard Ian Cox, Sarah Hauser",A teenage girl periodically travels back in time to feudal Japan to help a young half-demon recover the shards of a jewel of great power.,Japanese,Japan,2 wins & 1 nomination total,https://m.media-amazon.com/images/M/MV5BZjQxYThmNGEtNzU2ZS00NjZmLWEzNTItMWM2NmU0ZTc5NjY3XkEyXkFqcGc@._V1_SX300.jpg,"[{'Source': 'Internet Movie Database', 'Value': '7.9/10'}]",,7.9,"19,166",tt0290223,series,,,,,True,7.0,Inuyasha
116,A River Runs Through It,1992,PG,30 Oct 1992,123 min,Drama,Robert Redford,"Norman Maclean, Richard Friedenberg","Craig Sheffer, Brad Pitt, Tom Skerritt","Two sons of a stern minister - one reserved, one rebellious - grow up in rural 1920s Montana while devoted to fly fishing.",English,United States,Won 1 Oscar. 4 wins & 11 nominations total,https://m.media-amazon.com/images/M/MV5BNjRlYWIwNWEtZjMxYy00N2JjLWFiNzMtM2NlZDU2ZjhjMWY2XkEyXkFqcGc@._V1_SX300.jpg,"[{'Source': 'Internet Movie Database', 'Value': '7.2/10'}, {'Source': 'Rotten Tomatoes', 'Value': '80%'}, {'Source': 'Metacritic', 'Value': '68/100'}]",68.0,7.2,"68,633",tt0105265,movie,,"$43,440,294",,,True,,A River Runs Through It
117,"Girl, Interrupted",1999,R,14 Jan 2000,127 min,"Biography, Drama",James Mangold,"James Mangold, Lisa Loomer, Anna Hamilton Phelan","Winona Ryder, Angelina Jolie, Clea DuVall","Directionless teenager Susanna is rushed to Claymoore, a mental institution, after a supposed suicide attempt. There she befriends a group of troubled women who deeply influence her life.",English,"United States, Germany",Won 1 Oscar. 9 wins & 11 nominations total,https://m.media-amazon.com/images/M/MV5BZWVhYzdiMTQtMzJkMC00YWEwLTkyNDEtNzkwMGQ3NTBhMzExXkEyXkFqcGc@._V1_SX300.jpg,"[{'Source': 'Internet Movie Database', 'Value': '7.3/10'}, {'Source': 'Rotten Tomatoes', 'Value': '53%'}, {'Source': 'Metacritic', 'Value': '51/100'}]",51.0,7.3,"226,524",tt0172493,movie,,"$28,912,646",,,True,,"Girl, Interrupted"
118,Last Action Hero,1993,PG-13,18 Jun 1993,130 min,"Action, Adventure, Comedy",John McTiernan,"Zak Penn, Adam Leff, Shane Black","Arnold Schwarzenegger, F. Murray Abraham, Art Carney","With the help of a magic ticket, a young movie fan is transported into the fictional world of his favorite action movie character.",English,United States,1 win & 16 nominations total,https://m.media-amazon.com/images/M/MV5BZGU2NWQyY2ItY2JiZS00ZDJhLWI0NDQtNjMyNWU3MDA1NTgzXkEyXkFqcGc@._V1_SX300.jpg,"[{'Source': 'Internet Movie Database', 'Value': '6.5/10'}, {'Source': 'Rotten Tomatoes', 'Value': '41%'}, {'Source': 'Metacritic', 'Value': '44/100'}]",44.0,6.5,"170,591",tt0107362,movie,,"$50,016,394",,,True,,Last Action Hero
119,All That,1994–2020,TV-Y7,16 Apr 1994,30 min,"Comedy, Family, Music",,"Brian Robbins, Michael Tollin","Amanda Bynes, Nick Cannon, Kenan Thompson",A zany sketch comedy featuring many wacky characters hosted for kids and by kids.,English,United States,10 wins & 15 nominations,https://m.media-amazon.com/images/M/MV5BMjU4Yjc4YmItNGM1MC00NjEzLTk5MTItMjc3NjljNWZmMjViXkEyXkFqcGc@._V1_SX300.jpg,"[{'Source': 'Internet Movie Database', 'Value': '7.5/10'}]",,7.5,"8,573",tt0111875,series,,,,,True,11.0,All That
120,My Girl,1991,PG,27 Nov 1991,102 min,"Comedy, Drama, Family",Howard Zieff,Laurice Elehwany,"Anna Chlumsky, Macaulay Culkin, Dan Aykroyd","Vada is obsessed with death. Her mother is dead, and her father runs a funeral parlor. When Vada's father hires Shelly, a makeup expert, and begins to fall in love, Vada is outraged and does everything in her power to split them up.",English,United States,2 wins & 5 nominations total,https://m.media-amazon.com/images/M/MV5BNmI5M2EzZDUtZTBkZS00YWFmLWFhZTMtNjc3YTllZDBhODQ4XkEyXkFqcGc@._V1_SX300.jpg,"[{'Source': 'Internet Movie Database', 'Value': '6.9/10'}, {'Source': 'Rotten Tomatoes', 'Value': '57%'}, {'Source': 'Metacritic', 'Value': '56/100'}]",56.0,6.9,"94,285",tt0102492,movie,,"$59,489,799",,,True,,My Girl
121,Wyatt Earp,1994,PG-13,24 Jun 1994,191 min,"Adventure, Biography, Drama",Lawrence Kasdan,"Dan Gordon, Lawrence Kasdan","Kevin Costner, Dennis Quaid, Gene Hackman","From Wichita to Dodge City, to the O.K. Corral in Tombstone, a man becomes a myth in this thrilling journey of romance, adventure, and desperate heroic action.","English, Spanish","United States, Canada",Nominated for 1 Oscar. 3 wins & 7 nominations total,https://m.media-amazon.com/images/M/MV5BNjQ5YzJmMjktMmYwNi00ZTU4LWFhMDgtZWRhZDAxZTA2MzIxXkEyXkFqcGc@._V1_SX300.jpg,"[{'Source': 'Internet Movie Database', 'Value': '6.7/10'}, {'Source': 'Rotten Tomatoes', 'Value': '31%'}, {'Source': 'Metacritic', 'Value': '47/100'}]",47.0,6.7,"58,175",tt0111756,movie,,"$25,052,000",,,True,,Wyatt Earp
122,Eraser,1996,R,21 Jun 1996,115 min,"Action, Crime, Thriller",Chuck Russell,"Tony Puryear, Walon Green, Michael S. Chernuchin","Arnold Schwarzenegger, Vanessa Williams, James Caan",A Witness Protection specialist becomes suspicious of his co-workers when dealing with a case involving high-tech weapons.,"English, Russian",United States,Nominated for 1 Oscar. 3 wins & 2 nominations total,https://m.media-amazon.com/images/M/MV5BMmNkMjg3NWMtY2RhMC00MDRlLWI4MzktNjEzNGFjYTMwYjQ3XkEyXkFqcGc@._V1_SX300.jpg,"[{'Source': 'Internet Movie Database', 'Value': '6.2/10'}, {'Source': 'Rotten Tomatoes', 'Value': '43%'}, {'Source': 'Metacritic', 'Value': '56/100'}]",56.0,6.2,"121,353",tt0116213,movie,,"$101,295,562",,,True,,Eraser
123,Neon Genesis Evangelion: The End of Evangelion,1997,TV-MA,17 Mar 2024,87 min,"Animation, Action, Drama","Hideaki Anno, Kazuya Tsurumaki",Hideaki Anno,"Megumi Ogata, Megumi Hayashibara, Yûko Miyamura",Concurrent theatrical ending of the TV series Neon Genesis Evangelion (1995).,Japanese,Japan,2 wins total,https://m.media-amazon.com/images/M/MV5BMGI2Y2RiYTctYWIwZi00NjA2LWFmYzYtZDhkNTk1ZGNmNDVmXkEyXkFqcGc@._V1_SX300.jpg,"[{'Source': 'Internet Movie Database', 'Value': '8.1/10'}, {'Source': 'Rotten Tomatoes', 'Value': '92%'}]",,8.1,"72,214",tt0169858,movie,,"$1,302,300",,,True,,Neon Genesis Evangelion: The End of Evangelion
124,Vegas Vacation,1997,PG,14 Feb 1997,93 min,Comedy,Stephen Kessler,"Elisa Bell, Bob Ducsay","Chevy Chase, Beverly D'Angelo, Randy Quaid","In the fourth outing for the vacation franchise, the Griswolds have to survive Vegas fever when they go to Las Vegas for a fun family vacation.",English,United States,1 nomination total,https://m.media-amazon.com/images/M/MV5BMTQwZmVkMGUtMWEzNi00N2MzLThkMDItZDI2YjJiYzMxZDEzXkEyXkFqcGc@._V1_SX300.jpg,"[{'Source': 'Internet Movie Database', 'Value': '5.9/10'}, {'Source': 'Rotten Tomatoes', 'Value': '15%'}, {'Source': 'Metacritic', 'Value': '20/100'}]",20.0,5.9,"55,092",tt0120434,movie,,"$36,400,360",,,True,,Vegas Vacation
125,In the Line of Fire,1993,R,09 Jul 1993,128 min,"Action, Crime, Drama",Wolfgang Petersen,Jeff Maguire,"Clint Eastwood, John Malkovich, Rene Russo","Secret Service agent Frank Horrigan couldn't save Kennedy, but he's determined not to let a clever assassin take out this president.",English,United States,Nominated for 3 Oscars. 2 wins & 17 nominations total,https://m.media-amazon.com/images/M/MV5BYmNiNjNjYmQtZTQzNC00M2I1LThiMDgtNWNmM2VjY2Y3NzQxXkEyXkFqcGc@._V1_SX300.jpg,"[{'Source': 'Internet Movie Database', 'Value': '7.2/10'}, {'Source': 'Rotten Tomatoes', 'Value': '96%'}, {'Source': 'Metacritic', 'Value': '74/100'}]",74.0,7.2,"120,053",tt0107206,movie,,"$102,314,823",,,True,,In the Line of Fire
126,Little Women,2019,PG,25 Dec 2019,135 min,"Drama, Romance",Greta Gerwig,"Greta Gerwig, Louisa May Alcott","Saoirse Ronan, Emma Watson, Florence Pugh","In 19th century Massachusetts, the March sisters--Meg, Jo, Beth, and Amy--on the threshold of womanhood, go through many ups and downs in life and endeavor to make important decisions about their futures.","English, French",United States,Won 1 Oscar. 73 wins & 230 nominations total,https://m.media-amazon.com/images/M/MV5BMWMzYjNiZWMtMDg4NS00MDgyLTk5MWItOTFmNjg4NzRhZmExXkEyXkFqcGc@._V1_SX300.jpg,"[{'Source': 'Internet Movie Database', 'Value': '7.8/10'}, {'Source': 'Rotten Tomatoes', 'Value': '95%'}, {'Source': 'Metacritic', 'Value': '91/100'}]",91.0,7.8,"270,557",tt3281548,movie,,"$108,101,214",,,True,,Little Women
127,U.S. Marshals,1998,PG-13,06 Mar 1998,131 min,"Action, Crime, Thriller",Stuart Baird,"Roy Huggins, John Pogue","Tommy Lee Jones, Wesley Snipes, Robert Downey Jr.","U.S. Marshal Samuel Gerard and his team of Marshals are assigned to track down Sheridan, who has been accused of a double-murder.",English,United States,2 nominations total,https://m.media-amazon.com/images/M/MV5BZTdlYTU2OGYtZjljOS00ZjFhLTk5NjAtZDQwZmNkYzk4YWQ5XkEyXkFqcGc@._V1_SX300.jpg,"[{'Source': 'Internet Movie Database', 'Value': '6.6/10'}, {'Source': 'Rotten Tomatoes', 'Value': '30%'}, {'Source': 'Metacritic', 'Value': '47/100'}]",47.0,6.6,"118,476",tt0120873,movie,,"$57,167,405",,,True,,U.S. Marshals
128,Barney & Friends,1992–2010,TV-Y,06 Apr 1992,30 min,Family,,"Dennis DeShazer, Sheryl Leach, Kathy Parker","Bob West, Julie Johnson, Patty Wirtz","From pretending to be a pilot on a make-believe airplane to pretending to be a pirate in search of buried treasure, Barney's friends discover that creativity lets them soar in the wings of imagination!",English,United States,2 wins & 14 nominations,https://m.media-amazon.com/images/M/MV5BMGMwMjVhNDctMjE5My00YjViLWFkMGItYzU3N2M3OTdkMDViXkEyXkFqcGc@._V1_SX300.jpg,"[{'Source': 'Internet Movie Database', 'Value': '3.9/10'}]",,3.9,"8,349",tt0144701,series,,,,,True,14.0,Barney & Friends
129,Anaconda,1997,PG-13,11 Apr 1997,89 min,"Action, Adventure, Horror",Luis Llosa,"Hans Bauer, Jim Cash, Jack Epps Jr.","Jon Voight, Jennifer Lopez, Eric Stoltz","A ""National Geographic"" film crew is taken hostage by an insane hunter, who forces them along on his quest to capture the world's largest - and deadliest - snake.",English,"United States, Brazil",6 wins & 11 nominations total,https://m.media-amazon.com/images/M/MV5BMmU2ZGYyZDAtZGM3My00NjQ4LTlmZmQtNzY4OGRlNDFjNTE4XkEyXkFqcGc@._V1_SX300.jpg,"[{'Source': 'Internet Movie Database', 'Value': '4.9/10'}, {'Source': 'Rotten Tomatoes', 'Value': '41%'}, {'Source': 'Metacritic', 'Value': '37/100'}]",37.0,4.9,"118,333",tt0118615,movie,,"$65,885,767",,,True,,Anaconda
130,Kenan & Kel,1996–2023,TV-G,17 Aug 1996,30 min,"Comedy, Family",,Kim Bass,"Kenan Thompson, Kel Mitchell, Ken Foree",Kenan and Kel: two best friends who live in Chicago are always dragged down by Kenan's get rich quick schemes while orange soda-loving buddy Kel is dragged along but tends to mess things up.,English,United States,3 wins & 8 nominations total,https://m.media-amazon.com/images/M/MV5BMjhlNjZiNmEtMGNmNi00NTkxLTllMzgtYzcyODY0Y2I2Yzg1XkEyXkFqcGc@._V1_SX300.jpg,"[{'Source': 'Internet Movie Database', 'Value': '7.8/10'}]",,7.8,"17,479",tt0115231,series,,,,,True,4.0,Kenan & Kel
131,The Replacements,2000,PG-13,11 Aug 2000,118 min,"Comedy, Sport",Howard Deutch,Vince McKewin,"Keanu Reeves, Gene Hackman, Brooke Langton","During a pro football strike, the owners hire substitute players.","English, American Sign ",United States,,https://m.media-amazon.com/images/M/MV5BMmE2ZWY5ZTUtMDAzOC00OWE3LWFlYmQtYmY2OGNiMTQyNjY1XkEyXkFqcGc@._V1_SX300.jpg,"[{'Source': 'Internet Movie Database', 'Value': '6.6/10'}, {'Source': 'Rotten Tomatoes', 'Value': '40%'}, {'Source': 'Metacritic', 'Value': '30/100'}]",30.0,6.6,"72,776",tt0191397,movie,,"$44,737,059",,,True,,The Replacements
132,Seven Years in Tibet,1997,PG-13,10 Oct 1997,136 min,"Adventure, Biography, Drama",Jean-Jacques Annaud,"Heinrich Harrer, Becky Johnston","Brad Pitt, David Thewlis, BD Wong","Heinrich Harrer, an Austrian climber and Nazi supporter, breaks out of a British POW camp in India and treks to the holy city of Lhasa where he's employed as an instructor to the young 14th Dalai Lama and soon becomes his close co...","English, German, Mandarin, Tibetan, Hindi",United States,3 wins & 8 nominations total,https://m.media-amazon.com/images/M/MV5BMTE3NGU1ZDAtN2Y2MC00Y2VkLThjMDUtMTQxMWVmYTY2ZmU4XkEyXkFqcGc@._V1_SX300.jpg,"[{'Source': 'Internet Movie Database', 'Value': '7.1/10'}, {'Source': 'Rotten Tomatoes', 'Value': '58%'}, {'Source': 'Metacritic', 'Value': '55/100'}]",55.0,7.1,"163,446",tt0120102,movie,,"$37,957,682",,,True,,Seven Years in Tibet
133,The Net,1995,PG-13,28 Jul 1995,114 min,"Action, Crime, Drama",Irwin Winkler,"John Brancato, Michael Ferris","Sandra Bullock, Jeremy Northam, Dennis Miller","When Angela Bennett, a computer programmer, stumbles upon government secrets, she finds herself on the run from an unknown enemy hell-bent on destroying her completely.","English, Spanish",United States,2 wins total,https://m.media-amazon.com/images/M/MV5BMDNhMjgxODUtMWRjOS00N2JlLWEyYWEtOWJhNWQ1MTdmYTllXkEyXkFqcGc@._V1_SX300.jpg,"[{'Source': 'Internet Movie Database', 'Value': '6.0/10'}, {'Source': 'Rotten Tomatoes', 'Value': '44%'}, {'Source': 'Metacritic', 'Value': '51/100'}]",51.0,6.0,"77,927",tt0113957,movie,,"$50,727,965",,,True,,The Net
134,Cliffhanger,1993,R,28 May 1993,113 min,"Action, Adventure, Thriller",Renny Harlin,"John Long, Michael France, Sylvester Stallone","Sylvester Stallone, John Lithgow, Michael Rooker","Former mountain rescuer, Gabe Walker, must rescue a group of plane crash survivors in the Rocky Mountains. However they are actually a group of violent criminals who need help to locate their missing loot from a US Treasury plane.",English,"France, Italy, Japan, United States",Nominated for 3 Oscars. 1 win & 12 nominations total,https://m.media-amazon.com/images/M/MV5BNGJkZmZlYTYtODQ1ZC00N2JiLWIxMWYtZTE4ZDMxZjQyZTAzXkEyXkFqcGc@._V1_SX300.jpg,"[{'Source': 'Internet Movie Database', 'Value': '6.5/10'}, {'Source': 'Rotten Tomatoes', 'Value': '68%'}, {'Source': 'Metacritic', 'Value': '59/100'}]",59.0,6.5,"145,457",tt0106582,movie,,"$84,049,211",,,True,,Cliffhanger
135,Menace II Society,1993,R,26 May 1993,97 min,"Crime, Drama, Thriller","Albert Hughes, Allen Hughes","Allen Hughes, Albert Hughes, Tyger Williams","Tyrin Turner, Larenz Tate, June Kyoto Lu",A young street hustler attempts to escape the rigors and temptations of the ghetto in a quest for a better life.,English,United States,2 wins & 6 nominations total,https://m.media-amazon.com/images/M/MV5BMzQ1MTNhZWEtM2FmZS00ZjkzLWJhZWEtNzA5ZDllZmYzNjQ1XkEyXkFqcGc@._V1_SX300.jpg,"[{'Source': 'Internet Movie Database', 'Value': '7.5/10'}, {'Source': 'Rotten Tomatoes', 'Value': '84%'}, {'Source': 'Metacritic', 'Value': '76/100'}]",76.0,7.5,"67,921",tt0107554,movie,,"$27,912,072",,,True,,Menace II Society
136,Johnny Mnemonic,1995,R,26 May 1995,96 min,"Action, Drama, Sci-Fi",Robert Longo,William Gibson,"Keanu Reeves, Dolph Lundgren, Dina Meyer","A data courier, literally carrying a data package inside his head, must deliver it before he dies from the burden or is killed by the Yakuza.","English, Japanese","Canada, United States",2 wins & 3 nominations total,https://m.media-amazon.com/images/M/MV5BZGFjNWVhMzktZjJkZi00NWI3LWJiY2MtMTM1MGMxYzI0NmFjXkEyXkFqcGc@._V1_SX300.jpg,"[{'Source': 'Internet Movie Database', 'Value': '5.6/10'}, {'Source': 'Rotten Tomatoes', 'Value': '20%'}, {'Source': 'Metacritic', 'Value': '36/100'}]",36.0,5.6,"79,282",tt0113481,movie,,"$19,075,720",,,True,,Johnny Mnemonic
137,3 Ninjas Kick Back,1994,PG,06 May 1994,93 min,"Action, Comedy, Family",Charles T. Kanganis,"Shin Sang-ok, Mark Saltzman","Victor Wong, Max Elliott Slade, Sean Fox",Young martial artists face their grandfather's foes when they accompany him to Japan to deliver a priceless dagger.,English,"United States, Japan",3 nominations total,https://m.media-amazon.com/images/M/MV5BZDA1MWI2NjgtYWU5OS00MzJjLTkyOGMtZjMxYjRkNDA5ZWQyXkEyXkFqcGc@._V1_SX300.jpg,"[{'Source': 'Internet Movie Database', 'Value': '4.6/10'}, {'Source': 'Rotten Tomatoes', 'Value': '15%'}, {'Source': 'Metacritic', 'Value': '39/100'}]",39.0,4.6,"10,321",tt0109015,movie,,"$11,798,854",,,True,,3 Ninjas Kick Back
138,Edge of Seventeen,1998,TV-MA,20 Apr 2000,99 min,"Comedy, Drama, Romance",David Moreton,Todd Stephens,"Chris Stafford, Tina Holmes, Andersen Gabrych",A teenager copes with his sexuality on the last day of school in 1984. It shows him coping with being gay and being with friends.,English,United States,5 wins & 2 nominations total,https://m.media-amazon.com/images/M/MV5BMTIwN2NmZTAtMWE2My00NjUyLTg0YjYtYjc5NGI4ZGQxMDdmXkEyXkFqcGc@._V1_SX300.jpg,"[{'Source': 'Internet Movie Database', 'Value': '6.8/10'}, {'Source': 'Rotten Tomatoes', 'Value': '80%'}, {'Source': 'Metacritic', 'Value': '67/100'}]",67.0,6.8,"7,302",tt0138414,movie,,"$871,759",,,True,,Edge of Seventeen
139,The Devil's Own,1997,R,26 Mar 1997,111 min,"Action, Crime, Drama",Alan J. Pakula,"Kevin Jarre, David Aaron Cohen, Vincent Patrick","Harrison Ford, Brad Pitt, Margaret Colin","A police officer uncovers the real identity of his house-guest, an I.R.A. terrorist in hiding.","English, Spanish",United States,1 nomination,https://m.media-amazon.com/images/M/MV5BNDU1ODI0ZGUtZDA3My00NGViLWFhM2QtNmI1NzU0ZTA1ODc5XkEyXkFqcGc@._V1_SX300.jpg,"[{'Source': 'Internet Movie Database', 'Value': '6.2/10'}, {'Source': 'Rotten Tomatoes', 'Value': '37%'}, {'Source': 'Metacritic', 'Value': '53/100'}]",53.0,6.2,"73,243",tt0118972,movie,,"$42,868,348",,,True,,The Devil's Own
140,Cardcaptor Sakura,1998–2000,TV-Y7-FV,07 Apr 1998,30 min,"Animation, Action, Adventure",,,"Sakura Tange, Brian Drummond, Sam Vincent","Sakura stumbled upon the book of Clow Cards in a library. Accidentally setting the magical cards loose, it's now up to Sakura to catch them all with her best friend Tomoyo, and Kerberos, the guardian of the cards.",Japanese,Japan,,https://m.media-amazon.com/images/M/MV5BZTllNzI2NTQtZWJlYi00YTJlLWFlZDYtODZmMGJkN2NmMWY1XkEyXkFqcGc@._V1_SX300.jpg,"[{'Source': 'Internet Movie Database', 'Value': '8.0/10'}]",,8.0,"6,105",tt0221735,series,,,,,True,3.0,Cardcaptor Sakura
141,Spawn,1997,PG-13,01 Aug 1997,96 min,"Action, Crime, Drama",Mark A.Z. Dippé,"Todd McFarlane, Alan B. McElroy, Mark A.Z. Dippé","Michael Jai White, John Leguizamo, Martin Sheen","An elite mercenary is killed, but comes back from Hell as a reluctant soldier of the Devil.",English,United States,2 wins & 6 nominations total,https://m.media-amazon.com/images/M/MV5BODhmNzA4ZjEtMTE2YS00ZTY2LThlMjEtZTdiZTM2NmY4MDJmXkEyXkFqcGc@._V1_SX300.jpg,"[{'Source': 'Internet Movie Database', 'Value': '5.2/10'}, {'Source': 'Rotten Tomatoes', 'Value': '17%'}, {'Source': 'Metacritic', 'Value': '34/100'}]",34.0,5.2,"74,931",tt0120177,movie,,"$54,870,175",,,True,,Spawn
142,Adventures of Sonic the Hedgehog,1993,TV-Y,01 Jan 1993,52S min,"Animation, Action, Adventure",,"Kent Butterworth, Phil Harnage, Bruce Shelly","Jaleel White, Ibrahim Laleli, Long John Baldry","A blue hedgehog that can run at incredible speeds, his best friend, a two-tailed flying fox, defend planet Mobius from the evil Dr. Robotnik and his bumbling mechanical goons.",English,"United States, Taiwan, Japan, South Korea, Spain, Canada, China, Italy",,https://m.media-amazon.com/images/M/MV5BY2NjYzRkMjYtZTgwZS00ZjExLTk3YjEtNWIwZjM0MjQ3NTIyXkEyXkFqcGc@._V1_SX300.jpg,"[{'Source': 'Internet Movie Database', 'Value': '6.3/10'}]",,6.3,"4,460",tt0222518,series,,,,,True,1.0,Adventures of Sonic the Hedgehog
143,Croupier,1998,Not Rated,28 Jul 2000,94 min,"Crime, Drama, Thriller",Mike Hodges,Paul Mayersberg,"Clive Owen, Nick Reding, Nicholas Ball","An aspiring writer is hired as a croupier at a casino, where he realizes that his life as a croupier would make a great novel.",English,"United Kingdom, Ireland, France, Germany",1 win & 2 nominations total,https://m.media-amazon.com/images/M/MV5BNjMwZmExNjUtMmMyMC00YmVmLTg5MWEtNDg3OWE3MzQ0YTAyXkEyXkFqcGc@._V1_SX300.jpg,"[{'Source': 'Internet Movie Database', 'Value': '7.0/10'}, {'Source': 'Rotten Tomatoes', 'Value': '95%'}, {'Source': 'Metacritic', 'Value': '75/100'}]",75.0,7.0,"24,198",tt0159382,movie,,"$6,201,143",,,True,,Croupier
144,Girlfriends,2000–2008,TV-PG,11 Sep 2000,30 min,"Comedy, Drama, Romance",,Mara Brock Akil,"Tracee Ellis Ross, Golden Brooks, Persia White","A look at the lives, loves, and losses of four different women: Toni, Maya, Lynn, and Joan.",English,United States,Nominated for 1 Primetime Emmy. 8 wins & 38 nominations total,https://m.media-amazon.com/images/M/MV5BZjE3NmY2ZGUtNzQ4Mi00YWIyLTg2MDMtMzMwNDQ2ZTU3OGZiXkEyXkFqcGc@._V1_SX300.jpg,"[{'Source': 'Internet Movie Database', 'Value': '7.4/10'}]",,7.4,"5,212",tt0247102,series,,,,,True,8.0,Girlfriends
145,The Next Karate Kid,1994,PG,09 Sep 1994,107 min,"Action, Drama, Family",Christopher Cain,"Robert Mark Kamen, Mark Lee","Pat Morita, Hilary Swank, Michael Ironside",Mr. Miyagi is back and he takes a new pupil under his wing: a troubled adolescent girl.,"English, Japanese",United States,1 win total,https://m.media-amazon.com/images/M/MV5BY2FhMzYzZjMtOGFhZS00OWQxLWI2Y2ItMWYyZjJiNjE4YWRlXkEyXkFqcGc@._V1_SX300.jpg,"[{'Source': 'Internet Movie Database', 'Value': '4.6/10'}, {'Source': 'Rotten Tomatoes', 'Value': '20%'}, {'Source': 'Metacritic', 'Value': '36/100'}]",36.0,4.6,"36,942",tt0110657,movie,,"$8,914,777",,,True,,The Next Karate Kid
146,Geronimo: An American Legend,1993,PG-13,10 Dec 1993,115 min,"Drama, History, Western",Walter Hill,"John Milius, Larry Gross","Jason Patric, Gene Hackman, Robert Duvall",The story of the Apache chief and his armed resistance to the U.S. Government's subjugation of his people.,"English, Apache languages",United States,Nominated for 1 Oscar. 1 win & 2 nominations total,https://m.media-amazon.com/images/M/MV5BOWFjMTk3MjItZWRlNS00ZmFiLWJhMWQtNmZhMzQ4MjkxMGI1XkEyXkFqcGc@._V1_SX300.jpg,"[{'Source': 'Internet Movie Database', 'Value': '6.5/10'}, {'Source': 'Rotten Tomatoes', 'Value': '50%'}, {'Source': 'Metacritic', 'Value': '58/100'}]",58.0,6.5,"14,083",tt0107004,movie,,"$18,635,620",,,True,,Geronimo: An American Legend
147,Double Team,1997,R,04 Apr 1997,93 min,"Action, Comedy, Sci-Fi",Tsui Hark,"Don Jakoby, Paul Mones","Jean-Claude Van Damme, Dennis Rodman, Mickey Rourke",An international spy teams up with an arms dealer to escape from a penal colony and rescue his family from a terrorist.,"English, Italian","Hong Kong, United States",4 wins total,https://m.media-amazon.com/images/M/MV5BZDhiNmU0OWMtN2I3YS00MWU3LWI4YTktMjQxMzJhYjQzMDRkXkEyXkFqcGc@._V1_SX300.jpg,"[{'Source': 'Internet Movie Database', 'Value': '4.8/10'}, {'Source': 'Rotten Tomatoes', 'Value': '11%'}, {'Source': 'Metacritic', 'Value': '44/100'}]",44.0,4.8,"37,424",tt0119013,movie,,"$11,438,337",,,True,,Double Team
148,Heavy,1995,R,05 Jun 1996,105 min,"Drama, Romance",James Mangold,James Mangold,"Pruitt Taylor Vince, Liv Tyler, Shelley Winters","The life of an overweight, unhappy cook is changed after a kind, beautiful college drop-out comes to work as a waitress at his and his mother's road-side restaurant.",English,United States,3 wins & 3 nominations,https://m.media-amazon.com/images/M/MV5BOWFjMDczOGUtNzIyOC00OWYzLWFlYmEtZDFjYTkwZTAwMTI0XkEyXkFqcGc@._V1_SX300.jpg,"[{'Source': 'Internet Movie Database', 'Value': '6.7/10'}, {'Source': 'Rotten Tomatoes', 'Value': '87%'}, {'Source': 'Metacritic', 'Value': '75/100'}]",75.0,6.7,"6,060",tt0113280,movie,,"$941,414",,,True,,Heavy
149,The Players Club,1998,R,08 Apr 1998,104 min,"Comedy, Drama",Ice Cube,Ice Cube,"LisaRaye McCoy, Dick Anthony Williams, Judyann Elder",A woman must contend with rival strippers and her boss in an attempt to make a legitimate living.,English,United States,1 win total,https://m.media-amazon.com/images/M/MV5BMTY0NDgwNzg4Ml5BMl5BanBnXkFtZTcwNzg3NTU0NA@@._V1_SX300.jpg,"[{'Source': 'Internet Movie Database', 'Value': '5.8/10'}, {'Source': 'Rotten Tomatoes', 'Value': '35%'}]",,5.8,"7,945",tt0119905,movie,,"$23,047,939",,,True,,The Players Club
150,The Parkers,1999–2023,TV-PG,30 Aug 1999,20 min,Comedy,,"Ralph Farquhar, Sara Finney-Johnson, Vida Spears","Mo'Nique, Dorien Wilson, Countess Vaughn",Nikki and Kim Parker attend Santa Monica college to earn their college degrees.,English,United States,6 wins & 11 nominations,https://m.media-amazon.com/images/M/MV5BODExNWY1MDYtNWQxNS00YzRmLTg3YjctMjZhZDkwY2YwMzNjXkEyXkFqcGc@._V1_SX300.jpg,"[{'Source': 'Internet Movie Database', 'Value': '6.8/10'}]",,6.8,"2,800",tt0200353,series,,,,,True,4.0,The Parkers
151,"Sister, Sister",1994–1999,TV-G,01 Apr 1994,30 min,"Comedy, Drama, Family",,"Kim Bass, Gary Gilbert, Fred Shafferman","Tia Mowry, Tamera Mowry-Housley, Jackée Harry",Tia Landry and Tamera Campbell are twins separated at birth who learn of each other's existence and come together as teenagers.,English,United States,Won 1 Primetime Emmy. 9 wins & 22 nominations total,https://m.media-amazon.com/images/M/MV5BNTZkZTBjN2ItNWE3YS00ODVmLWIyYWQtNWIwNTNiMGVjZjEzXkEyXkFqcGc@._V1_SX300.jpg,"[{'Source': 'Internet Movie Database', 'Value': '6.3/10'}]",,6.3,"14,068",tt0108927,series,,,,,True,6.0,"Sister, Sister"
152,Moesha,1996–2001,TV-PG,23 Jan 1996,30 min,"Comedy, Drama, Family",,"Sara Finney-Johnson, Vida Spears","Brandy Norwood, William Allen Young, Marcus T. Paulk",A teenager struggles to come to terms with everything life throws at her.,English,United States,3 wins & 29 nominations total,https://m.media-amazon.com/images/M/MV5BZmI5MGZmNjctYTdjNS00M2RlLWIyMmEtN2EyYjk5NzUyZTdhXkEyXkFqcGc@._V1_SX300.jpg,"[{'Source': 'Internet Movie Database', 'Value': '5.9/10'}]",,5.9,"4,279",tt0115275,series,,,,,True,6.0,Moesha
153,Heartbreak High,2022–2025,TV-MA,14 Sep 2022,1 min,"Comedy, Drama, Romance",,"Hannah Carroll Chapman, Ben Gannon, Michael Jenkins","Ayesha Madon, James Majoos, Chloe Hayden","A fresh look at Hartley High over 20 years on. With her new friends - outsiders Quinni and Darren - Amerie must repair her reputation, while navigating love, sex, and heartbreak.",English,Australia,13 wins & 26 nominations total,https://m.media-amazon.com/images/M/MV5BNGNmMDBlNjEtZDYyMC00MWE2LTliOTEtMThiN2UzOWE2YjBhXkEyXkFqcGc@._V1_SX300.jpg,"[{'Source': 'Internet Movie Database', 'Value': '7.7/10'}]",,7.7,"15,370",tt15054962,series,,,,,True,2.0,Heartbreak High
154,Oggy and the Cockroaches,1997–2018,TV-Y7,28 Nov 1998,8 min,"Animation, Adventure, Comedy",,"Jean-Yves Raimbaud, Marc Du Pontavice","Hugues Le Bars, Michel Elias",Oggy would be the happiest of cats if three cockroaches hadn't decided to settle inside his comfortable home.,"French, English","France, Canada, United States, South Korea, Vietnam",,https://m.media-amazon.com/images/M/MV5BNzY3ZDVhMDMtOWQ1NS00NDc2LWI2OGQtY2YxOTdjMDMxZjJiXkEyXkFqcGc@._V1_SX300.jpg,"[{'Source': 'Internet Movie Database', 'Value': '7.5/10'}]",,7.5,"5,822",tt0213363,series,,,,,True,7.0,Oggy and the Cockroaches
155,Kuch Kuch Hota Hai,1998,Not Rated,16 Oct 1998,185 min,"Comedy, Drama, Musical",Karan Johar,Karan Johar,"Shah Rukh Khan, Kajol, Rani Mukerji","During their college years, Anjali was in love with her best-friend Rahul, but he had eyes only for Tina. Years later, Rahul and the now-deceased Tina's eight-year-old daughter attempts to reunite her father and Anjali.",Hindi,India,32 wins & 6 nominations,https://m.media-amazon.com/images/M/MV5BMmQ0ZjliZTgtMjQ3NC00N2NiLTkxNjktY2VkOTQ2N2QyODNkXkEyXkFqcGc@._V1_SX300.jpg,"[{'Source': 'Internet Movie Database', 'Value': '7.5/10'}, {'Source': 'Rotten Tomatoes', 'Value': '80%'}]",,7.5,"58,570",tt0172684,movie,,"$2,100,000",,,True,,Kuch Kuch Hota Hai
156,Children of God,2010,Not Rated,20 May 2011,104 min,Drama,Kareem Mortimer,Kareem Mortimer,"Johnny Ferro, Stephen Tyrone Williams, Margaret Laurena Kemp",The story of two young Bahamian men who fall in love with each other and portrays the homophobia of the Bahamian society.,English,Bahamas,1 nomination,https://m.media-amazon.com/images/M/MV5BNWYyZDU0YjUtOTk3Ny00YWEzLWEyZWItNzlmOWJhODdmYzA1XkEyXkFqcGdeQXVyNjc3MjQzNTI@._V1_SX300.jpg,"[{'Source': 'Internet Movie Database', 'Value': '6.6/10'}]",,6.6,"1,410",tt1490602,movie,,,,,True,,Children of God
157,Knight Rider 2000,1991,TV-PG,19 May 1991,95 min,"Action, Sci-Fi",Alan J. Levi,"Glen A. Larson, Rob Hedden","David Hasselhoff, Edward Mulhare, Susan Norman","In the future, guns are banned and criminals are frozen for the duration of their sentences. A recent spate of killings brings Michael Knight back to fight for justice to team up once again with K.I.T.T. - but he was dismantled.",English,United States,,https://m.media-amazon.com/images/M/MV5BNWQ3OTQ0YjctN2YyMy00MTQ4LWJhZjctNWQ4MTViNDFiMjE1XkEyXkFqcGc@._V1_SX300.jpg,"[{'Source': 'Internet Movie Database', 'Value': '4.6/10'}]",,4.6,"3,624",tt0102227,movie,,,,,True,,Knight Rider 2000
158,Okupas,2000,TV-MA,18 Oct 2000,60 min,"Crime, Drama",,,"Rodrigo de la Serna, Diego Alonso Gómez, Ariel Staltari","4 young men with different backgrounds merge in the same house and have to face new experiences living in a stolen house, being prosecuted by the police and other gangs.",Spanish,Argentina,3 wins & 1 nomination total,https://m.media-amazon.com/images/M/MV5BODExMTliMjAtNzc2ZS00YTM3LWE2NDAtNDI5NjI2NWYwYjY0XkEyXkFqcGc@._V1_SX300.jpg,"[{'Source': 'Internet Movie Database', 'Value': '8.9/10'}]",,8.9,"3,502",tt0289649,series,,,,,True,1.0,Okupas
159,Hum Aapke Hain Koun..!,1994,TV-14,05 Aug 1994,206 min,"Comedy, Drama, Musical",Sooraj R. Barjatya,Sooraj R. Barjatya,"Madhuri Dixit, Salman Khan, Mohnish Behl","Prem and Nisha meet and fall in love at the wedding of their elder siblings, but their plans to be together are put in jeopardy when Nisha's sister dies, leaving behind a baby.",Hindi,India,10 wins & 9 nominations,https://m.media-amazon.com/images/M/MV5BOWFmZDQ5N2EtZDIzZC00NDRlLTkwNjktN2Q5NDQ2YjE5MDQyXkEyXkFqcGc@._V1_SX300.jpg,"[{'Source': 'Internet Movie Database', 'Value': '7.5/10'}]",,7.5,"23,002",tt0110076,movie,,,,,True,,Hum Aapke Hain Koun..!
160,Dil Se..,1998,Not Rated,21 Aug 1998,163 min,"Drama, Romance",Mani Ratnam,"Mani Ratnam, Sujatha, Tigmanshu Dhulia","Shah Rukh Khan, Manisha Koirala, Preity G Zinta",A radio broadcaster's intense attraction to a mysterious woman opens the door to a tidal wave of powerful emotions and desires.,Hindi,India,12 wins & 4 nominations total,https://m.media-amazon.com/images/M/MV5BOGU3NGY5ZWUtMWQxOS00ZTMzLWJjNTEtMjkyZDVlY2E4OGZmXkEyXkFqcGc@._V1_SX300.jpg,"[{'Source': 'Internet Movie Database', 'Value': '7.5/10'}, {'Source': 'Rotten Tomatoes', 'Value': '60%'}]",,7.5,"32,231",tt0164538,movie,,,,,True,,Dil Se..
161,Jerry Seinfeld: 'I'm Telling You for the Last Time',1998,TV-14,09 Aug 1998,75 min,Comedy,Marty Callner,Jerry Seinfeld,"Jerry Seinfeld, Michael Barryte, Grace Bustos","Live from New York City, Jerry Seinfeld, aided and abetted by a host of friends and fellow comedians, performs his 1998 Emmy-nominated performance on Broadway.",English,United States,Nominated for 2 Primetime Emmys. 4 nominations total,https://m.media-amazon.com/images/M/MV5BNDM4OTY0NTAyMF5BMl5BanBnXkFtZTcwNTcxMDQyMQ@@._V1_SX300.jpg,"[{'Source': 'Internet Movie Database', 'Value': '7.8/10'}]",,7.8,"6,303",tt0500140,movie,,,,,True,,Jerry Seinfeld: 'I'm Telling You for the Last Time'
162,H,1998–2002,TV-MA,24 Oct 1998,26 min,Comedy,,"Kader Aoun, Eric Judor, Xavier Matthieu","Jamel Debbouze, Eric Judor, Ramzy Bedia","A group of people in a dysfunctional hospital have new challenges every day, while trying to work out love, friendship, and work.",French,France,,https://m.media-amazon.com/images/M/MV5BMTY4ODA2MzcyOF5BMl5BanBnXkFtZTcwMzk3MzMyMQ@@._V1_SX300.jpg,"[{'Source': 'Internet Movie Database', 'Value': '7.4/10'}]",,7.4,"2,034",tt0173554,series,,,,,True,4.0,H
163,Sankofa,1993,,28 May 1993,125 min,Drama,Haile Gerima,Haile Gerima,"Kofi Ghanaba, Oyafunmike Ogunlano, Alexandra Duah","A self-absorbed Black American fashion model on a photo shoot in Africa is spiritually transported back to a plantation in the West Indies where she experiences first-hand the physical and psychic horrors of chattel slavery, and e...","Akan, English","United States, Ghana, Burkina Faso, United Kingdom, Germany, Ethiopia",1 nomination,https://m.media-amazon.com/images/M/MV5BYWVlYjZlYmQtMmEyNC00NjM3LWI3ZGUtY2E0N2M2OTYyYzA2XkEyXkFqcGc@._V1_SX300.jpg,"[{'Source': 'Internet Movie Database', 'Value': '7.0/10'}, {'Source': 'Rotten Tomatoes', 'Value': '93%'}, {'Source': 'Metacritic', 'Value': '93/100'}]",93.0,7.0,857,tt0108041,movie,,"$2,198,984",,,True,,Sankofa
164,Herod's Law,1999,R,18 Feb 2000,123 min,"Comedy, Crime, Drama",Luis Estrada,"Luis Estrada, Vicente Leñero, Fernando Javier León Rodríguez","Damián Alcázar, Pedro Armendáriz Jr., Delia Casanova",A naive man appointed as an acting mayor of a small town turns into a corrupt politician capable of anything to stay in power.,"Spanish, English, Nahuatl",Mexico,21 wins & 8 nominations,https://m.media-amazon.com/images/M/MV5BMWM0NmM0MGQtZTk4NC00N2VmLWJiNmUtMDJjYzMwZmMzMDQxXkEyXkFqcGc@._V1_SX300.jpg,"[{'Source': 'Internet Movie Database', 'Value': '7.8/10'}, {'Source': 'Rotten Tomatoes', 'Value': '68%'}, {'Source': 'Metacritic', 'Value': '64/100'}]",64.0,7.8,"7,295",tt0221344,movie,,"$52,000",,,True,,Herod's Law
165,Wild Tango,1993,R,21 Mar 1997,124 min,"Biography, Drama, Music",Marcelo Piñeyro,"Aída Bortnik, Marcelo Piñeyro","Fernán Mirás, Cecilia Dopazo, Imanol Arias","A biopic based on the life of one of the pioneer argentine rock stars 'Tanguito'. The movie tells the story of his rise and fall from grace, encompassed in violent times of a military regime.",Spanish,"Argentina, Spain",3 wins & 8 nominations,https://m.media-amazon.com/images/M/MV5BZjFiZjllMjktZWIwNS00NWY3LTgxYTYtZjhkMWJkYTI5Nzg0XkEyXkFqcGc@._V1_SX300.jpg,"[{'Source': 'Internet Movie Database', 'Value': '6.7/10'}]",,6.7,"1,785",tt0108291,movie,,,,,True,,Wild Tango
166,The Last Days,2013,Unrated,27 Mar 2013,100 min,"Horror, Sci-Fi, Thriller","David Pastor, Àlex Pastor","David Pastor, Àlex Pastor","Quim Gutiérrez, Jose Coronado, Marta Etura","In this terrifying apocalyptic horror, a mysterious epidemic like no other has swept across the globe, leaving chaos in its wake.","Spanish, Catalan","Spain, France",8 wins & 6 nominations total,https://m.media-amazon.com/images/M/MV5BMzY4MTM4MjU4Ml5BMl5BanBnXkFtZTcwNTE4MjgyOQ@@._V1_SX300.jpg,"[{'Source': 'Internet Movie Database', 'Value': '6.1/10'}, {'Source': 'Rotten Tomatoes', 'Value': '90%'}]",,6.1,"9,221",tt1935914,movie,,,,,True,,The Last Days
167,Sam Kinison: Live in Vegas,1991,TV-MA,01 Jan 1991,72 min,Comedy,Walter C. Miller,Sam Kinison,Sam Kinison,"Sam Kinison gives a completely raw and uncensored performance at the very height of his career. Filled with scorching comedy, hot women and sizzling rock 'n roll, this show encapsulates the...",English,USA,,https://m.media-amazon.com/images/M/MV5BZTU2YWQwNGYtOTA0My00OGQ5LWJkNDItYTA4YWI4MmQyM2JiXkEyXkFqcGdeQXVyNTM3MDMyMDQ@._V1_SX300.jpg,"[{'Source': 'Internet Movie Database', 'Value': '4.6/10'}]",,4.6,34,tt10446712,movie,,,,,True,,Sam Kinison: Live in Vegas
168,Bill Hicks: Revelations,1993,Not Rated,14 Sep 1993,57 min,"Documentary, Comedy",Chris Bould,Bill Hicks,Bill Hicks,"Bill Hicks in the height of his genius. Recorded at the Dominion Theatre in London, Hicks opens our eyes and minds to the hypocrisy and ludicrousness of the world around us.",English,United Kingdom,,https://m.media-amazon.com/images/M/MV5BNDQ3NTBlYTItNDI0Ni00NzQzLWIwMzctNDY4NDFjMzc5ZjJjXkEyXkFqcGc@._V1_SX300.jpg,"[{'Source': 'Internet Movie Database', 'Value': '8.4/10'}]",,8.4,"3,263",tt0152183,movie,,,,,True,,Bill Hicks: Revelations
169,Bombay,1995,Not Rated,10 Mar 1995,130 min,"Drama, Romance",Mani Ratnam,"Mani Ratnam, Umesh Sharma","Arvind Swamy, Manisha Koirala, Nassar","A Hindu man and a Muslim woman fall in love in a small village and move to Mumbai, where they have two children. However, growing religious tensions and erupting riots threaten to tear the family apart.",Tamil,India,13 wins & 1 nomination total,https://m.media-amazon.com/images/M/MV5BNzkxOGRiMTItMjAyMC00NjRhLWJjODktNWY5YzQwNDYyZmViXkEyXkFqcGc@._V1_SX300.jpg,"[{'Source': 'Internet Movie Database', 'Value': '8.1/10'}]",,8.1,"14,020",tt0112553,movie,,,,,True,,Bombay
170,Escalona,1992–,,,,"Drama, Adventure, Musical",,,"Carlos Vives, Florina Lemaitre, Rodrigo Obregón",The life and work of the vallenato singer-songwriter Rafael Escalona.,Spanish,Colombia,,https://m.media-amazon.com/images/M/MV5BOGNlOGJlOWEtNjhhMy00MTEzLTgyZGYtMWQwODk2NTQyOGU4XkEyXkFqcGc@._V1_SX300.jpg,"[{'Source': 'Internet Movie Database', 'Value': '7.9/10'}]",,7.9,118,tt0238780,series,,,,,True,1.0,Escalona
171,Jaan-E-Mann: Let's Fall in Love... Again,2006,Not Rated,20 Oct 2006,165 min,"Comedy, Drama, Musical",Shirish Kunder,Shirish Kunder,"Salman Khan, Akshay Kumar, Preity G Zinta","Follows a love triangle between Agastya, Suhaan and Piya.","Hindi, English",India,2 nominations,https://m.media-amazon.com/images/M/MV5BZjVhMzNhZTEtMDRhMS00OTUyLTk1NDktYzUwN2U3ZWU0OGNhXkEyXkFqcGc@._V1_SX300.jpg,"[{'Source': 'Internet Movie Database', 'Value': '6.1/10'}, {'Source': 'Rotten Tomatoes', 'Value': '50%'}, {'Source': 'Metacritic', 'Value': '40/100'}]",40.0,6.1,"9,309",tt0456481,movie,,"$650,000",,,True,,Jaan-E-Mann: Let's Fall in Love... Again
172,Soldier,1998,R,23 Oct 1998,99 min,"Action, Drama, Sci-Fi",Paul W.S. Anderson,David Webb Peoples,"Kurt Russell, Jason Scott Lee, Jason Isaacs","A soldier trained from birth is deemed obsolete and dumped on a waste planet where he is reluctantly taken in by a community of defenseless, stranded wayfarers.",English,"United States, United Kingdom",1 nomination total,https://m.media-amazon.com/images/M/MV5BZjY2ZDg4ZTktNDU2Zi00NzA0LThlZDktZjUwOTQwMDgyZjhjXkEyXkFqcGc@._V1_SX300.jpg,"[{'Source': 'Internet Movie Database', 'Value': '6.1/10'}, {'Source': 'Rotten Tomatoes', 'Value': '17%'}]",,6.1,"61,551",tt0120157,movie,,"$14,594,226",,,True,,Soldier
173,The Sam Kinison Family Entertainment Hour,1991,Not Rated,13 Jul 1991,50 min,"Documentary, Comedy, Music",Walter C. Miller,Sam Kinison,"Sam Kinison, Arthur Eckdahl, Randy Hansen","Catch Sam Kinison in his last recorded special. Filmed live at the Wiltern Theatre, Sam's not only provides the screaming comedy you've come to love him for, but he bookends this special with rock performances!",English,United States,,https://m.media-amazon.com/images/M/MV5BMTg5ODE3NDA2NV5BMl5BanBnXkFtZTcwMjUxNTEyMQ@@._V1_SX300.jpg,"[{'Source': 'Internet Movie Database', 'Value': '6.4/10'}]",,6.4,318,tt0249934,movie,,,,,True,,The Sam Kinison Family Entertainment Hour
174,Sinbad: Son of a Preacher Man,1996,,13 Apr 1996,56 min,"Documentary, Comedy",Chuck Vinson,Sinbad,Sinbad,Sinbad's special from Denver talking about family and his life experiences. Also takes Q&amp;A from the audience.,English,United States,1 nomination,https://m.media-amazon.com/images/M/MV5BMTYyODUwNjcxOF5BMl5BanBnXkFtZTcwNzU5Nzc0MQ@@._V1_SX300.jpg,"[{'Source': 'Internet Movie Database', 'Value': '7.1/10'}]",,7.1,154,tt0938333,movie,24 Jul 2007,,,,True,,Sinbad: Son of a Preacher Man
175,Damini,1993,Not Rated,30 Apr 1993,175 min,"Crime, Drama",Rajkumar Santoshi,"Sutanu Gupta, Dilip Shukla","Meenakshi Sheshadri, Rishi Kapoor, Sunny Deol","After witnessing a rape in her own household, Damini fights for justice for the deceased victim. However, she faces a bunch of challenges until she meets a disgraced lawyer who decides to fight the case and bring the culprits to j...",Hindi,India,5 wins & 3 nominations,https://m.media-amazon.com/images/M/MV5BODRiZGViZTAtYTEwMy00NTA4LTljMTctMDNhNjk2ODdhMDY3XkEyXkFqcGc@._V1_SX300.jpg,"[{'Source': 'Internet Movie Database', 'Value': '7.8/10'}]",,7.8,"4,127",tt0106655,movie,,,,,True,,Damini
176,Hum Saath-Saath Hain,1999,Not Rated,05 Nov 1999,177 min,"Drama, Musical",Sooraj R. Barjatya,Sooraj R. Barjatya,"Mohnish Behl, Salman Khan, Saif Ali Khan","Ramkishen and Mamta have three sons Vivek , Prem and Vinod and a daughter Sangeeta. This family is part of a joint family whose close knit bond is challenged by a misunderstanding.",Hindi,India,1 win & 6 nominations total,https://m.media-amazon.com/images/M/MV5BMTc2NDQ5OTIzNl5BMl5BanBnXkFtZTgwMTI5ODUzNzE@._V1_SX300.jpg,"[{'Source': 'Internet Movie Database', 'Value': '6.3/10'}]",,6.3,"10,224",tt0216817,movie,,"$2,005,094",,,True,,Hum Saath-Saath Hain
177,Destiny,2006,,17 Nov 2006,103 min,Drama,Zeki Demirkubuz,Zeki Demirkubuz,"Ufuk Bayraktar, Vildan Atasever, Engin Akyürek","Bekir loves Ugur, who loves Zagor, who is about to get out of jail. An already tense love triangle is thrown into turmoil on a hot summer night, when Zagor kills someone, and Ugur disappears.",Turkish,"Turkey, Greece",10 wins & 9 nominations,https://m.media-amazon.com/images/M/MV5BNjUzMDE4ODEzM15BMl5BanBnXkFtZTgwMDU0MTA2MDE@._V1_SX300.jpg,"[{'Source': 'Internet Movie Database', 'Value': '7.8/10'}]",,7.8,"17,695",tt0875595,movie,,,,,True,,Destiny
178,Chronicle of a Disappearance,1996,,08 Apr 1998,88 min,Drama,Elia Suleiman,Elia Suleiman,"Elia Suleiman, Nazira Suleiman, Fuad Suleiman",A Palestinian expatriate filmmaker (Elia Suleiman) documents the loss of national identity in Israel's Arab population.,"Arabic, Hebrew, French, English","Occupied Palestinian Territory, Israel, France",6 wins & 2 nominations,https://m.media-amazon.com/images/M/MV5BYWFlY2RiYjctYzlmZC00ZjFmLWE5NGQtMzJiOTk1ODA3ZWNkXkEyXkFqcGdeQXVyMjMyMzI4MzY@._V1_SX300.jpg,"[{'Source': 'Internet Movie Database', 'Value': '6.9/10'}, {'Source': 'Rotten Tomatoes', 'Value': '86%'}]",,6.9,866,tt0115895,movie,,,,,True,,Chronicle of a Disappearance
179,Muthu,1995,,23 Oct 1995,156 min,"Action, Comedy, Drama",K.S. Ravikumar,K.S. Ravikumar,"Rajinikanth, Meena, Sarath Babu","The movie is about a loyal servant, Muthu (Rajni), working for Zamindar Malayasimman (Sarath Babu) and the cunning plans by the uncle of Malasimman to capture the whole wealth which uncovers some mystery about Muthu.",Tamil,India,3 wins,https://m.media-amazon.com/images/M/MV5BYjM1NWVjOWMtMDhlMC00ZTkzLWI1N2UtNGJhNTJhYTA5ZjdiXkEyXkFqcGc@._V1_SX300.jpg,"[{'Source': 'Internet Movie Database', 'Value': '7.5/10'}]",,7.5,"3,728",tt0140399,movie,,,,,True,,Muthu
180,Jeans,1998,Not Rated,24 Apr 1998,175 min,"Comedy, Drama, Romance",S. Shankar,S. Shankar,"Prashanth, Aishwarya Rai Bachchan, Nassar",The father of twin brothers wants to get them married to only twin sisters. But one of the brothers falls in love with a woman does not have a twin sister.,Tamil,India,4 wins total,https://m.media-amazon.com/images/M/MV5BYjc3ODhlZGMtZmFhOS00NGEwLWI4ZWEtZDhlZjg5MWYxZDBjXkEyXkFqcGc@._V1_SX300.jpg,"[{'Source': 'Internet Movie Database', 'Value': '6.5/10'}]",,6.5,"4,124",tt0151121,movie,,,,,True,,Jeans
181,Duplicate,1998,Not Rated,08 May 1998,164 min,"Action, Comedy, Crime",Mahesh Bhatt,"Robin Bhatt, Akash Khurana, Javed Siddiqui","Shah Rukh Khan, Juhi Chawla, Sonali Bendre","In order to evade the law, a ruthless don tries to kill his lookalike; a chef and tries to take his place.",Hindi,India,1 win & 5 nominations,https://m.media-amazon.com/images/M/MV5BZDVkMTQ3MGItNmQxMi00NjM5LTliOTEtNjgxZTU4ZThmYmIwXkEyXkFqcGc@._V1_SX300.jpg,"[{'Source': 'Internet Movie Database', 'Value': '5.5/10'}]",,5.5,"8,771",tt0164550,movie,,,,,True,,Duplicate
182,Avvai Shanmugi,1996,,10 Nov 1996,161 min,"Comedy, Drama",K.S. Ravikumar,"Crazy Mohan, K.S. Ravikumar","Kamal Haasan, Meena, Gemini Ganesan",A man disguises himself as a nanny to be with his daughter after his divorce.,Tamil,India,,https://m.media-amazon.com/images/M/MV5BZGU3OTA1MWUtNjI4Yi00OWU2LWFhMWMtMDc1ZjhkMzU5OWFiXkEyXkFqcGc@._V1_SX300.jpg,"[{'Source': 'Internet Movie Database', 'Value': '7.9/10'}]",,7.9,"3,008",tt0139872,movie,,,,,True,,Avvai Shanmugi
183,Anjaam,1994,Not Rated,22 Apr 1994,170 min,"Crime, Drama, Thriller",Rahul Rawail,"Sutanu Gupta, Rumi Jaffery, Gautam Rajadhyaksha","Madhuri Dixit, Shah Rukh Khan, Tinnu Anand",Vijay falls in love Shivani and proposes her only to be rejected every time. However his love turns into an obsession and turns her life into a hell.,Hindi,India,1 win & 1 nomination,https://m.media-amazon.com/images/M/MV5BNjI2MjYxM2ItNWJiYi00NGFiLWIyMDQtYmY4YWNhYTFlYjg4XkEyXkFqcGc@._V1_SX300.jpg,"[{'Source': 'Internet Movie Database', 'Value': '6.6/10'}]",,6.6,"7,387",tt0109134,movie,,,,,True,,Anjaam
184,A Triumph of the Heart: The Ricky Bell Story,1991,Not Rated,02 Apr 1991,100 min,"Biography, Drama, Sport",Richard Michaels,Jeff Andrus,"Mario Van Peebles, Susan Ruttan, Lane R. Davis","In the early 1980s, football star Ricky Bell befriends Ryan Blankenship, a disabled boy.",English,United States,1 nomination,https://m.media-amazon.com/images/M/MV5BMTc2NTQ2MDk1Nl5BMl5BanBnXkFtZTcwNDI1NTkxMQ@@._V1_SX300.jpg,"[{'Source': 'Internet Movie Database', 'Value': '7.2/10'}]",,7.2,267,tt0103123,movie,,,,,True,,A Triumph of the Heart: The Ricky Bell Story
185,Phir Bhi Dil Hai Hindustani,2000,Not Rated,21 Jan 2000,160 min,"Comedy, Drama, Musical",Aziz Mirza,"Sanjay Chhel, Raaj Kumar Dahima, Manoj Lalwani","Shah Rukh Khan, Juhi Chawla, Johny Lever","In order to seek justice for a man who exacts vengeance on a politician, who was responsible for his daughter's death, two rival reporters teams up to help him to prove his innocence.",Hindi,India,1 win & 5 nominations,https://m.media-amazon.com/images/M/MV5BNTQ1YzAxZjgtNjAyNy00MmZhLThjMjItNTFkNzhlNjBiMDFjXkEyXkFqcGc@._V1_SX300.jpg,"[{'Source': 'Internet Movie Database', 'Value': '6.1/10'}]",,6.1,"8,841",tt0222270,movie,,"$588,606",,,True,,Phir Bhi Dil Hai Hindustani
186,Children of Shatila,1998,,01 Sep 1998,50 min,"Documentary, History",Mai Masri,,,"Farah and Issa, two streetwise children living in Beirut's Palestinian Shatila refugee camp, use their imaginations and creativity to come to terms with the realities of growing up in a refugee camp that has survived massacre, sie...",English,Lebanon,,https://m.media-amazon.com/images/M/MV5BM2I4OWY0MzItMGQzZi00ZTA5LWI4ZmItNTFlZjRkM2E3MmJmXkEyXkFqcGdeQXVyMTY4MjUxMzgz._V1_SX300.jpg,"[{'Source': 'Internet Movie Database', 'Value': '7.7/10'}]",,7.7,169,tt0243174,movie,,,,,True,,Children of Shatila
187,Bill Hicks: Relentless,1992,Not Rated,,61 min,"Documentary, Comedy",Chris Bould,Bill Hicks,Bill Hicks,"Bill Hicks tells us how he feels about non-smokers, blow-jobs, religion, war and peace, drugs and music.",English,UK,,https://m.media-amazon.com/images/M/MV5BMjAwNDYyMjg1MV5BMl5BanBnXkFtZTcwNjEwMjEzMQ@@._V1_SX300.jpg,"[{'Source': 'Internet Movie Database', 'Value': '8.6/10'}]",,8.6,"2,393",tt0148668,movie,,,,,True,,Bill Hicks: Relentless
188,Tim Allen Rewires America,1991,Not Rated,07 Dec 1991,30 min,"Documentary, Comedy",Ellen Brown,Tim Allen,Tim Allen,"In his second Showtime stand-up comedy special taped at The Power Center for the Performing Arts in Ann Arbor, Michigan, Tim Allen proudly grunts his way through a discussion of ""men stuff.""",English,United States,1 nomination,https://m.media-amazon.com/images/M/MV5BYzJhOTc0OWQtYWUzMC00ZjBiLTg1MTctZTc4ZDdhNjllYTJmXkEyXkFqcGc@._V1_SX300.jpg,[],,,219,tt0294967,movie,,,,,True,,Tim Allen Rewires America
189,West Beirut,1998,PG-13,30 Oct 1998,105 min,"Comedy, Drama, Romance",Ziad Doueiri,Ziad Doueiri,"Rami Doueiri, Naamar Sahli, Mohamad Chamas","In April, 1975, civil war breaks out; Beirut is partitioned along a Moslem-Christian line. Tarek is in high school, making Super 8 movies with his friend, Omar. At first the war is a lark: school has closed, the violence is fascin...","Arabic, French","France, Norway, Lebanon, Belgium",8 wins & 2 nominations,https://m.media-amazon.com/images/M/MV5BNzE0NzdkMmUtNTJlOC00ZGEyLTg1MDctZjdhNDQ4MTc5YzkyXkEyXkFqcGdeQXVyMTMxMTY0OTQ@._V1_SX300.jpg,"[{'Source': 'Internet Movie Database', 'Value': '7.6/10'}, {'Source': 'Rotten Tomatoes', 'Value': '94%'}]",,7.6,"4,739",tt0157183,movie,,,,,True,,West Beirut
190,Govindha Govindha,1994,,21 Jan 1994,145 min,"Action, Crime, Drama",Ram Gopal Varma,"Jandhyala, Ganapathi Rao Kommanapalli, Ram Gopal Varma","Nagarjuna Akkineni, Sridevi, Kota Srinivasa Rao","A Tantric believes that by donating a virgin woman's head to gods crown, would bring down the universe to his feet. How the hero and heroine gets entangled in the underworld nexus, while rescuing the robbery, forms the crux of the...",Telugu,India,,https://m.media-amazon.com/images/M/MV5BMTQ1NTkyM2YtMGEwMC00NzVhLWFjMzUtOTk0MjViMTY0YTFhXkEyXkFqcGc@._V1_SX300.jpg,"[{'Source': 'Internet Movie Database', 'Value': '6.7/10'}]",,6.7,415,tt0187096,movie,,,,,True,,Govindha Govindha
191,Out of Life,1991,,15 May 1991,97 min,"Crime, Drama, War",Maroun Bagdadi,"Roger Auque, Maroun Bagdadi, Didier Decoin","Hippolyte Girardot, Rafik Ali Ahmad, Hussein Sbeity",A French photograher is kidnapped and held hostage in a war-torn Beirut. Slowly but surely his integrity and self-respect is broken.,"French, Arabic, English","France, Belgium, Italy",1 win & 2 nominations,https://m.media-amazon.com/images/M/MV5BMTg3NjcxNDA3Ml5BMl5BanBnXkFtZTcwNTgxNzYxMQ@@._V1_SX300.jpg,"[{'Source': 'Internet Movie Database', 'Value': '6.8/10'}]",,6.8,515,tt0102058,movie,,,,,True,,Out of Life
192,Gumrah,1993,Not Rated,03 Aug 1993,149 min,"Action, Crime, Drama",Mahesh Bhatt,"Robin Bhatt, Sujit Sen","Sanjay Dutt, Sridevi, Anupam Kher","Roshni Chadha, a singer in Bombay, is imprisoned in Hong Kong facing death sentence. Her troubled past involving unknown father's abandonment drives her journey to unravel truth and escape this predicament.",Hindi,India,1 nomination,https://m.media-amazon.com/images/M/MV5BZjc0OGMzZDEtZDhlMi00ODgyLTgwZDAtNTgyZDEzN2VlYTZlXkEyXkFqcGc@._V1_SX300.jpg,"[{'Source': 'Internet Movie Database', 'Value': '6.1/10'}]",,6.1,"1,036",tt0107060,movie,,,,,True,,Gumrah
193,Sinbad: Afros and Bellbottoms,1993,TV-PG,17 Apr 1993,60 min,"Documentary, Comedy",Debbie Allen,Sinbad,"Sinbad, Donna Atkins, A.J. Jamal","In his second HBO comedy special, stand-up comedian Sinbad takes a nostalgic trip to the 1970s and jokes about the black culture from that decade, and pays homage to the Blaxploitation films and black family life during that era.",English,United States,,https://m.media-amazon.com/images/M/MV5BYjNiMzg0YTAtNzVlNC00NGE5LTlkZmMtNWI3NWE4ZmFlZmU0XkEyXkFqcGdeQXVyMTgwOTE5NDk@._V1_SX300.jpg,"[{'Source': 'Internet Movie Database', 'Value': '8.0/10'}]",,8.0,221,tt0938331,movie,03 Nov 1993,,,,True,,Sinbad: Afros and Bellbottoms
194,Fiza,2000,Not Rated,08 Sep 2000,170 min,"Crime, Drama, Romance",Khalid Mohamed,"Khalid Mohamed, Javed Siddiqui","Karisma Kapoor, Hrithik Roshan, Jaya Bachchan",In 1993 Fiza's brother Aman disappears during the riots in Mumbai. In 1999 Fiza is tired of waiting and goes looking for him.,"Hindi, Urdu",India,12 wins & 25 nominations,https://m.media-amazon.com/images/M/MV5BNDAyMWJkYWMtYjM0MS00YTM2LWFjNDMtODk1Yzg1MDk4MjYzXkEyXkFqcGc@._V1_SX300.jpg,"[{'Source': 'Internet Movie Database', 'Value': '6.0/10'}]",,6.0,"4,541",tt0248012,movie,,"$596,591",,,True,,Fiza
195,Monty Python: Before the Flying Circus,2008,Not Rated,,55 min,Documentary,Will Yapp,,"Robert Bathurst, Eric Idle, John Cleese","The pre-Monty Python years of the six members of the group. Covers their school and university days, their first individual forays into comedy, how the parts slowly came together and Monty Python's eventual formation.",English,United Kingdom,,https://m.media-amazon.com/images/M/MV5BMDM5MjA3YzEtOTE0ZS00NzVlLWE5NWEtZjdlMGUzNTg0NDVjXkEyXkFqcGc@._V1_SX300.jpg,"[{'Source': 'Internet Movie Database', 'Value': '7.3/10'}]",,7.3,218,tt9230920,movie,,,,,True,,Monty Python: Before the Flying Circus
196,The Other,1972,PG,26 May 1972,108 min,"Drama, Horror, Mystery",Robert Mulligan,Tom Tryon,"Uta Hagen, Diana Muldaur, Chris Udvarnoky","A series of gruesome accidents plague a small American farming community in the summer of 1935, encircling two identical twin brothers and their family.","Russian, English",United States,1 win total,https://m.media-amazon.com/images/M/MV5BOTY3YjQwMjItZDZlMi00Y2M2LTllNDctM2Q0NDQ3N2ZjZWY0XkEyXkFqcGc@._V1_SX300.jpg,"[{'Source': 'Internet Movie Database', 'Value': '6.8/10'}, {'Source': 'Rotten Tomatoes', 'Value': '82%'}, {'Source': 'Metacritic', 'Value': '65/100'}]",65.0,6.8,"7,543",tt0069050,movie,,"$475,611",,,True,,The Other
197,Yodha,2024,Not Rated,15 Mar 2024,130 min,"Action, Drama, Thriller","Sagar Ambre, Pushkar Ojha",Sagar Ambre,"Sidharth Malhotra, Raashi Khanna, Disha Patani","After terrorists hijack a passenger plane, an off-duty soldier aboard devises a strategy to defeat the hijackers and ensure the passengers' survival when the engine fails.",Hindi,"India, United States",2 nominations,https://m.media-amazon.com/images/M/MV5BZjAyYjZmMjQtNGZlNi00ZGQ0LTkxNTUtNWQ2YzA3MWJjYjc2XkEyXkFqcGc@._V1_SX300.jpg,"[{'Source': 'Internet Movie Database', 'Value': '5.7/10'}, {'Source': 'Rotten Tomatoes', 'Value': '58%'}]",,5.7,"8,533",tt16139258,movie,,,,,True,,Yodha
198,The Emigrant,2012,,,47 min,"Drama, Musical",Michael Edmonds,"Michael Edmonds, Lenka Fucikova","Ariela Bat-Sheva, Natasha Braxton, Brieanna Brock",A girl from Russia comes to America and becomes a dancer. She gets slowly corrupted.,English,United States,,https://m.media-amazon.com/images/M/MV5BNTQwY2VmNTgtNjVkMS00ZjRkLThmNDMtZDVjYTA3MDc0NTM3XkEyXkFqcGdeQXVyMTA4MzY1OTI3._V1_SX300.jpg,"[{'Source': 'Internet Movie Database', 'Value': '8.3/10'}]",,8.3,14,tt2208772,movie,,,,,True,,The Emigrant
199,Hello Brother,1999,,10 Sep 1999,139 min,"Action, Comedy, Fantasy",Sohail Khan,Sohail Khan,"Salman Khan, Rani Mukerji, Arbaaz Khan",A police officer receives a heart transplant from a murdered man whose ghost then follows him around insisting that he solve and avenge his murder.,Hindi,India,,https://m.media-amazon.com/images/M/MV5BNzZiZjZhY2QtMzFjMi00YjI2LTg2MDgtYmE2Mzk4Y2U5NDY2XkEyXkFqcGc@._V1_SX300.jpg,"[{'Source': 'Internet Movie Database', 'Value': '4.7/10'}]",,4.7,"4,803",tt0233856,movie,,"$245,034",,,True,,Hello Brother
200,Dushmani,2002,,01 Jan 2002,,Action,Imran Khalid,Miraq Mirza,"Sonia Agarwal, Ishrat Ali, Raj Babbar",,Hindi,India,,https://m.media-amazon.com/images/M/MV5BMjllZGY0ZWUtYjBhMy00Mjk4LWFhZWQtYjU2ZjhjNDE4MDVhXkEyXkFqcGdeQXVyMjkwMzIxNTY@._V1_SX300.jpg,"[{'Source': 'Internet Movie Database', 'Value': '4.2/10'}]",,4.2,29,tt2009466,movie,,,,,True,,Dushmani
201,One Last Shot,1998,TV-MA,30 Oct 2017,30 min,"Short, Comedy, Drama",Mike Clattenburg,"Mike Clattenburg, John Paul Tremblay, Robb Wells","Robb Wells, John Paul Tremblay, John Dunsworth","Two best friends, Rob and GW, spend a night out drinking before Rob moves away to start a new business.",English,Canada,,https://m.media-amazon.com/images/M/MV5BY2Y2YTc2OTEtOWU5YS00NzEzLThjMTEtNzNkZGI2ZWQ2ZWQyXkEyXkFqcGc@._V1_SX300.jpg,"[{'Source': 'Internet Movie Database', 'Value': '6.5/10'}]",,6.5,707,tt0380601,movie,,,,,True,,One Last Shot
202,Nightmare in Columbia County,1991,Not Rated,10 Dec 1991,100 min,"Crime, Drama, Thriller",Roger Young,John Bensink,"William Devane, Jeri Ryan, Michele Abrams",The recounting of a terrible crime that wracked a family and galvanized police in South Carolina in the 1980's.,English,United States,,https://m.media-amazon.com/images/M/MV5BYjdiYmZlN2ItZTZlNC00YmEwLWExYWYtNDE3YjJlNDA2MDE0XkEyXkFqcGc@._V1_SX300.jpg,"[{'Source': 'Internet Movie Database', 'Value': '5.7/10'}]",,5.7,411,tt0102537,movie,,,,,True,,Nightmare in Columbia County
203,Shikari,2016,,07 Jul 2016,145 min,"Action, Crime, Drama","Joydip Mukherjee, Zakir Hossain, Zakir Hossain Simanto","Pele Bhattacharya, Joydeep Chakraborty","Shakib Khan, Srabanti Chatterjee, Rahul Dev","A disguised professional assassin with mysterious past, tasked with assassinating a top government official.",Bengali,"Bangladesh, India",,https://m.media-amazon.com/images/M/MV5BODI1NjNlMzEtNjkyOC00NzRkLThlMWMtYWZkNDI5MjZkNmU4L2ltYWdlXkEyXkFqcGdeQXVyMjY1MjkzMjE@._V1_SX300.jpg,"[{'Source': 'Internet Movie Database', 'Value': '6.9/10'}]",,6.9,"2,361",tt5830022,movie,,,,,True,,Shikari
204,Breaking Bad,2008–2013,TV-MA,20 Jan 2008,49 min,"Crime, Drama, Thriller",,Vince Gilligan,"Bryan Cranston, Aaron Paul, Anna Gunn",A chemistry teacher diagnosed with inoperable lung cancer turns to manufacturing and selling methamphetamine with a former student to secure his family's future.,"English, Spanish",United States,Won 16 Primetime Emmys. 169 wins & 269 nominations total,https://m.media-amazon.com/images/M/MV5BMzU5ZGYzNmQtMTdhYy00OGRiLTg0NmQtYjVjNzliZTg1ZGE4XkEyXkFqcGc@._V1_SX300.jpg,"[{'Source': 'Internet Movie Database', 'Value': '9.5/10'}, {'Source': 'Rotten Tomatoes', 'Value': '96%'}]",,9.5,"2,386,007",tt0903747,series,,,,,True,5.0,Breaking Bad
205,Top Gear,2002–2022,TV-PG,20 Oct 2002,1 min,"Adventure, Comedy, Sport",,,"Jeremy Clarkson, Richard Hammond, James May","The hosts talk about everything car-related. From new cars to how they're fueled, this show has it all.","English, Italian, German, Spanish, French",United Kingdom,Nominated for 7 BAFTA 12 wins & 22 nominations total,https://m.media-amazon.com/images/M/MV5BNTJlYmZjNDAtYjA2YS00YjAyLWI4NmYtYjFhNmM5MDEyMWJmXkEyXkFqcGc@._V1_SX300.jpg,"[{'Source': 'Internet Movie Database', 'Value': '8.7/10'}]",,8.7,"133,475",tt1628033,series,,,,,True,33.0,Top Gear
206,The Walking Dead,2010–2022,TV-MA,31 Oct 2010,44 min,"Drama, Horror, Thriller",,Frank Darabont,"Andrew Lincoln, Norman Reedus, Melissa McBride",Sheriff Deputy Rick Grimes wakes up from a coma to learn the world is in ruins and must lead a group of survivors to stay alive.,English,United States,Won 2 Primetime Emmys. 85 wins & 237 nominations total,https://m.media-amazon.com/images/M/MV5BYWQwMGRhNGEtZTNhMy00MzVjLWJhMjItYjcwMDljMTkyNTg2XkEyXkFqcGc@._V1_SX300.jpg,"[{'Source': 'Internet Movie Database', 'Value': '8.1/10'}]",,8.1,"1,158,427",tt1520211,series,,,,,True,11.0,The Walking Dead
207,Supernatural,2005–2020,TV-14,13 Sep 2005,44 min,"Drama, Fantasy, Horror",,Eric Kripke,"Jared Padalecki, Jensen Ackles, Jim Beaver","Two brothers follow their father's footsteps as hunters, fighting evil supernatural beings of many kinds, including monsters, demons, and gods that roam the earth.",English,United States,Nominated for 3 Primetime Emmys. 37 wins & 126 nominations total,https://m.media-amazon.com/images/M/MV5BMDFmMGZmMGItNGRjNC00NjVjLWI5ODEtNzhjMTE5MmJhN2FkXkEyXkFqcGc@._V1_SX300.jpg,"[{'Source': 'Internet Movie Database', 'Value': '8.4/10'}]",,8.4,"520,145",tt0460681,series,,,,,True,15.0,Supernatural
208,The Mist,2007,R,21 Nov 2007,126 min,"Horror, Sci-Fi, Thriller",Frank Darabont,"Frank Darabont, Stephen King","Thomas Jane, Marcia Gay Harden, Laurie Holden","After a massive thunderstorm, an eerie, unwavering fog descends upon a Maine community. Locals seek refuge in a grocery store from the monstrous creatures now roaming the countryside killing everyone they encounter.",English,United States,6 wins & 13 nominations total,https://m.media-amazon.com/images/M/MV5BMTU2NjQyNDY1Ml5BMl5BanBnXkFtZTcwMTk1MDU1MQ@@._V1_SX300.jpg,"[{'Source': 'Internet Movie Database', 'Value': '7.1/10'}, {'Source': 'Rotten Tomatoes', 'Value': '73%'}, {'Source': 'Metacritic', 'Value': '58/100'}]",58.0,7.1,"363,476",tt0884328,movie,,"$25,594,957",,,True,,The Mist
209,Mean Girls,2004,PG-13,30 Apr 2004,97 min,Comedy,Mark Waters,"Rosalind Wiseman, Tina Fey","Lindsay Lohan, Jonathan Bennett, Rachel McAdams","Cady Heron is a hit with The Plastics, the A-list girl clique at her new school, until she makes the mistake of falling for Aaron Samuels, the ex-boyfriend of alpha Plastic Regina George.","English, German, Vietnamese, Swahili","United States, Canada",7 wins & 25 nominations total,https://m.media-amazon.com/images/M/MV5BMjE1MDQ4MjI1OV5BMl5BanBnXkFtZTcwNzcwODAzMw@@._V1_SX300.jpg,"[{'Source': 'Internet Movie Database', 'Value': '7.1/10'}, {'Source': 'Rotten Tomatoes', 'Value': '84%'}, {'Source': 'Metacritic', 'Value': '66/100'}]",66.0,7.1,"470,889",tt0377092,movie,,"$86,058,055",,,True,,Mean Girls
210,The Great British Baking Show,2010–,TV-PG,27 Dec 2014,1 min,"Game-Show, Reality-TV",,,"Paul Hollywood, Prue Leith, Noel Fielding",Bakers attempt three challenges each week trying to impress the judges enough to go through to the next round and eventually are crowned Britain's best amateur baker.,English,United Kingdom,Won 2 BAFTA 10 wins & 26 nominations total,https://m.media-amazon.com/images/M/MV5BNTc3MzZkZTQtMWM3MC00MThmLTlmNjctOWEwY2NjMzM2NTllXkEyXkFqcGc@._V1_SX300.jpg,"[{'Source': 'Internet Movie Database', 'Value': '8.6/10'}]",,8.6,"14,389",tt1877368,series,,,,,True,15.0,The Great British Baking Show
211,30 Rock,2006–2013,TV-14,10 Sep 2006,22 min,Comedy,,Tina Fey,"Tina Fey, Alec Baldwin, Tracy Morgan","Liz Lemon, head writer of the sketch-comedy show ""TGS with Tracy Jordan"", must deal with an arrogant new boss and a crazy new star while trying to run a successful television show without losing her mind.","English, Irish Gaelic",United States,Won 16 Primetime Emmys. 101 wins & 368 nominations total,https://m.media-amazon.com/images/M/MV5BMTQ4NDQ4OTUzOV5BMl5BanBnXkFtZTcwMjMzMTUyNw@@._V1_SX300.jpg,"[{'Source': 'Internet Movie Database', 'Value': '8.3/10'}]",,8.3,"136,214",tt0496424,series,,,,,True,7.0,30 Rock
212,Borgen,2010–2022,TV-14,29 Oct 2011,58 min,Drama,,Adam Price,"Sidse Babett Knudsen, Birgitte Hjort Sørensen, Søren Malling","A political drama about a prime minister's rise to power, and how power changes a prime minister.",Danish,Denmark,Won 1 BAFTA Award9 wins & 13 nominations total,https://m.media-amazon.com/images/M/MV5BYWMyY2Y3NTktMjU2NC00NGExLWFjMDEtMDA2MjRkMmQzN2Q0XkEyXkFqcGc@._V1_SX300.jpg,"[{'Source': 'Internet Movie Database', 'Value': '8.5/10'}]",,8.5,"31,660",tt1526318,series,,,,,True,4.0,Borgen
213,Community,2009–2015,TV-14,17 Sep 2009,22 min,Comedy,,Dan Harmon,"Joel McHale, Danny Pudi, Donald Glover",A suspended lawyer is forced to enroll in a community college with an eccentric staff and student body.,English,United States,Won 1 Primetime Emmy. 24 wins & 90 nominations total,https://m.media-amazon.com/images/M/MV5BOGIwYzNmYTktZWExZC00MzAyLTk4NTItODgwZmIyNWZhNDEyXkEyXkFqcGc@._V1_SX300.jpg,"[{'Source': 'Internet Movie Database', 'Value': '8.5/10'}]",,8.5,"305,819",tt1439629,series,,,,,True,6.0,Community
214,Catch Me If You Can,2002,PG-13,25 Dec 2002,141 min,"Biography, Crime, Drama",Steven Spielberg,"Frank Abagnale Jr., Stan Redding, Jeff Nathanson","Leonardo DiCaprio, Tom Hanks, Christopher Walken","Barely 17 yet, Frank is a skilled forger who has passed as a doctor, lawyer and pilot. FBI agent Carl becomes obsessed with tracking down the con man, who only revels in the pursuit.","English, French","United States, Canada",Nominated for 2 Oscars. 16 wins & 46 nominations total,https://m.media-amazon.com/images/M/MV5BMTY5MzYzNjc5NV5BMl5BanBnXkFtZTYwNTUyNTc2._V1_SX300.jpg,"[{'Source': 'Internet Movie Database', 'Value': '8.1/10'}, {'Source': 'Rotten Tomatoes', 'Value': '96%'}, {'Source': 'Metacritic', 'Value': '75/100'}]",75.0,8.1,"1,185,162",tt0264464,movie,,"$164,615,351",,,True,,Catch Me If You Can
215,Grey's Anatomy,2005–,TV-14,27 Mar 2005,41 min,"Drama, Romance",,Shonda Rhimes,"Ellen Pompeo, Chandra Wilson, James Pickens Jr.",A drama centered on the personal and professional lives of five surgical interns and their supervisors.,English,United States,Won 4 Primetime Emmys. 89 wins & 253 nominations total,https://m.media-amazon.com/images/M/MV5BYTVjNWVhYTctMGJkMS00NWFjLWE2N2QtNmQ1Y2FhZDFkNzUwXkEyXkFqcGc@._V1_SX300.jpg,"[{'Source': 'Internet Movie Database', 'Value': '7.6/10'}]",,7.6,"364,565",tt0413573,series,,,,,True,22.0,Grey's Anatomy
216,Arrested Development,2003–2019,TV-14,02 Nov 2003,22 min,Comedy,,Mitchell Hurwitz,"Jason Bateman, Michael Cera, Portia de Rossi","Level-headed son Michael Bluth takes over family affairs after his father is imprisoned. But the rest of his spoiled, dysfunctional family are making his job unbearable.",English,United States,Won 6 Primetime Emmys. 61 wins & 123 nominations total,https://m.media-amazon.com/images/M/MV5BOTk3N2M0MjktMDhkNi00ZGVhLTk4YTUtYjI5MDJmMWUzNTgwXkEyXkFqcGc@._V1_SX300.jpg,"[{'Source': 'Internet Movie Database', 'Value': '8.6/10'}]",,8.6,"337,488",tt0367279,series,,,,,True,5.0,Arrested Development
217,Heartland,2007–,TV-PG,14 Oct 2007,45 min,"Drama, Family",,Murray Shostak,"Amber Marshall, Michelle Morgan, Shaun Johnston","A multi-generational saga set in Alberta, Canada and centered on a family getting through life together in both happy and trying times.",English,Canada,29 wins & 77 nominations total,https://m.media-amazon.com/images/M/MV5BNjdmZjlmNGMtYjE1MC00NGNlLWI1OTYtYTcyOTY2ZGNlZjRkXkEyXkFqcGc@._V1_SX300.jpg,"[{'Source': 'Internet Movie Database', 'Value': '8.4/10'}]",,8.4,"21,599",tt1094229,series,,,,,True,18.0,Heartland
218,The Staircase,2022,TV-MA,05 May 2022,,"Biography, Crime, Drama",,Antonio Campos,"Colin Firth, Toni Collette, Michael Stuhlbarg","Tells the story of Michael Peterson, a crime novelist accused of killing his wife Kathleen after she is found dead at the bottom of a staircase in their home, and the 16-year judicial battle that followed.","English, French, German",United States,Nominated for 2 Primetime Emmys. 1 win & 40 nominations total,https://m.media-amazon.com/images/M/MV5BMDA5MjYzNmQtMzYwMS00YTk0LTk1ZWItMDRjZjJlZDZjYWJmXkEyXkFqcGc@._V1_SX300.jpg,"[{'Source': 'Internet Movie Database', 'Value': '7.1/10'}]",,7.1,"35,869",tt11324406,series,,,,,True,1.0,The Staircase
219,Old School,2003,R,21 Feb 2003,88 min,Comedy,Todd Phillips,"Court Crandall, Todd Phillips, Scot Armstrong","Luke Wilson, Vince Vaughn, Will Ferrell",Three friends attempt to recapture their glory days by opening up a fraternity near their alma mater.,English,United States,5 nominations total,https://m.media-amazon.com/images/M/MV5BZGZiNGEwNjQtNTMzOS00NDI3LWI2ZWQtMGQwMjEzNjExZjNlXkEyXkFqcGc@._V1_SX300.jpg,"[{'Source': 'Internet Movie Database', 'Value': '7.0/10'}, {'Source': 'Rotten Tomatoes', 'Value': '60%'}, {'Source': 'Metacritic', 'Value': '54/100'}]",54.0,7.0,"252,901",tt0302886,movie,,"$75,585,093",,,True,,Old School
220,NCIS,2003–,TV-14,23 Sep 2003,17S min,"Action, Crime, Drama",,"Donald P. Bellisario, Don McGill","Sean Murray, David McCallum, Mark Harmon","Follows the Major Case Response Team (MCRT) from the Naval Criminal Investigative Service (NCIS), as they get to the bottom of criminal cases connected to Navy and Marine Corps personnel.",English,United States,Nominated for 3 Primetime Emmys. 27 wins & 45 nominations total,https://m.media-amazon.com/images/M/MV5BZGExNmI3NDMtMjYxYS00Y2ZmLTlkNmItMGNkNTQ1MzA1ZGM1XkEyXkFqcGc@._V1_SX300.jpg,"[{'Source': 'Internet Movie Database', 'Value': '7.8/10'}]",,7.8,"173,089",tt0364845,series,,,,,True,22.0,NCIS
221,Avatar: The Last Airbender,2005–2008,TV-Y7-FV,21 Feb 2005,23 min,"Animation, Action, Adventure",,"Michael Dante DiMartino, Bryan Konietzko","Dee Bradley Baker, Zach Tyler Eisen, Mae Whitman","In a war-torn world of elemental powers, a young boy reawakens to undertake a dangerous mystic quest to fulfill his destiny as the Avatar, and bring peace to the world.",English,"United States, South Korea",Won 1 Primetime Emmy. 9 wins & 7 nominations total,https://m.media-amazon.com/images/M/MV5BMDMwMThjYWYtY2Q2OS00OGM2LTlkODQtNDJlZTZmMjAyYmFhXkEyXkFqcGc@._V1_SX300.jpg,"[{'Source': 'Internet Movie Database', 'Value': '9.3/10'}]",,9.3,"415,505",tt0417299,series,,,,,True,3.0,Avatar: The Last Airbender
222,Anchorman: The Legend of Ron Burgundy,2004,PG-13,09 Jul 2004,94 min,Comedy,Adam McKay,"Will Ferrell, Adam McKay","Will Ferrell, Christina Applegate, Steve Carell","In the 1970s, an anchorman's stint as San Diego's top-rated newsreader is challenged when an ambitious newswoman becomes his co-anchor.","English, French, Spanish",United States,1 win & 13 nominations total,https://m.media-amazon.com/images/M/MV5BMTQ2MzYwMzk5Ml5BMl5BanBnXkFtZTcwOTI4NzUyMw@@._V1_SX300.jpg,"[{'Source': 'Internet Movie Database', 'Value': '7.1/10'}, {'Source': 'Rotten Tomatoes', 'Value': '66%'}, {'Source': 'Metacritic', 'Value': '63/100'}]",63.0,7.1,"394,337",tt0357413,movie,,"$85,288,303",,,True,,Anchorman: The Legend of Ron Burgundy
223,Friday Night Lights,2006–2011,TV-14,03 Oct 2006,44 min,"Drama, Sport",,Peter Berg,"Kyle Chandler, Connie Britton, Zach Gilford","A drama that follows the lives of the Dillon Panthers, one of the nation's best high school football teams, and their head coach Eric Taylor.",English,United States,Won 3 Primetime Emmys. 22 wins & 122 nominations total,https://m.media-amazon.com/images/M/MV5BNzMxNzQwODItNDFiYy00YjFhLWJjMzUtYjc0Nzk5ZTI4ODA1XkEyXkFqcGc@._V1_SX300.jpg,"[{'Source': 'Internet Movie Database', 'Value': '8.7/10'}]",,8.7,"76,730",tt0758745,series,,,,,True,5.0,Friday Night Lights
224,The IT Crowd,2006–2013,TV-14,03 Feb 2006,1 min,Comedy,,,"Chris O'Dowd, Richard Ayoade, Katherine Parkinson","The comedic misadventures of Roy, Moss and their grifting supervisor Jen, a rag-tag team of IT support workers at a large corporation headed by a hotheaded yuppie.",English,United Kingdom,Won 3 BAFTA 9 wins & 18 nominations total,https://m.media-amazon.com/images/M/MV5BNzkwNjJhZWYtZTRiNi00YWYzLTg3MzMtN2Y3OTllZmFmYTg0XkEyXkFqcGc@._V1_SX300.jpg,"[{'Source': 'Internet Movie Database', 'Value': '8.5/10'}]",,8.5,"172,259",tt0487831,series,,,,,True,5.0,The IT Crowd
225,Inception,2010,PG-13,16 Jul 2010,148 min,"Action, Adventure, Sci-Fi",Christopher Nolan,Christopher Nolan,"Leonardo DiCaprio, Joseph Gordon-Levitt, Elliot Page","A thief who steals corporate secrets through the use of dream-sharing technology is given the inverse task of planting an idea into the mind of a C.E.O., but his tragic past may doom the project and his team to disaster.","English, Japanese, French","United States, United Kingdom",Won 4 Oscars. 159 wins & 220 nominations total,https://m.media-amazon.com/images/M/MV5BMjAxMzY3NjcxNF5BMl5BanBnXkFtZTcwNTI5OTM0Mw@@._V1_SX300.jpg,"[{'Source': 'Internet Movie Database', 'Value': '8.8/10'}, {'Source': 'Rotten Tomatoes', 'Value': '87%'}, {'Source': 'Metacritic', 'Value': '74/100'}]",74.0,8.8,"2,731,250",tt1375666,movie,,"$292,587,330",,,True,,Inception
226,The Spectacular Spider-Man,2008–2009,TV-Y7,01 Mar 2008,1 min,"Animation, Action, Adventure",,"Victor Cook, Steve Ditko, Stan Lee","Josh Keaton, Lacey Chabert, Joshua LeBar","An animated television show that focuses on a sixteen-year-old Peter Parker, and the origins of Spider-Man.",English,"United States, South Korea",2 nominations total,https://m.media-amazon.com/images/M/MV5BMjFkMGZmZDUtOTg0My00NGY4LTkxZDYtOGFhODMxNzQ5OWUwXkEyXkFqcGc@._V1_SX300.jpg,"[{'Source': 'Internet Movie Database', 'Value': '8.4/10'}]",,8.4,"21,557",tt0976192,series,,,,,True,2.0,The Spectacular Spider-Man
227,The Departed,2006,R,06 Oct 2006,151 min,"Crime, Drama, Thriller",Martin Scorsese,"William Monahan, Alan Mak, Felix Chong","Leonardo DiCaprio, Matt Damon, Jack Nicholson",An undercover cop and a mole in the police attempt to identify each other while infiltrating an Irish gang in South Boston.,"English, Cantonese","United States, Hong Kong",Won 4 Oscars. 100 wins & 141 nominations total,https://m.media-amazon.com/images/M/MV5BMTI1MTY2OTIxNV5BMl5BanBnXkFtZTYwNjQ4NjY3._V1_SX300.jpg,"[{'Source': 'Internet Movie Database', 'Value': '8.5/10'}, {'Source': 'Rotten Tomatoes', 'Value': '91%'}, {'Source': 'Metacritic', 'Value': '85/100'}]",85.0,8.5,"1,501,836",tt0407887,movie,,"$132,399,394",,,True,,The Departed
228,Zoey 101,2005–2008,TV-Y7,09 Jan 2005,30 min,"Comedy, Drama, Family",,Dan Schneider,"Jamie Lynn Spears, Paul Butcher, Christopher Massey","Zoey Brooks and her brother Dustin attend their first day at Pacific Coast Academy, a private boarding school that is enrolling girls for the first time in its history.",English,United States,Nominated for 1 Primetime Emmy. 17 wins & 30 nominations total,https://m.media-amazon.com/images/M/MV5BNTM4NzQ5ZWEtMGQxNC00OGU0LTliZjItYjZlZGE0ZDQ2ZWI2XkEyXkFqcGc@._V1_SX300.jpg,"[{'Source': 'Internet Movie Database', 'Value': '6.2/10'}]",,6.2,"18,545",tt0415463,series,,,,,True,4.0,Zoey 101
229,Insidious,2010,PG-13,01 Apr 2011,103 min,"Horror, Mystery, Thriller",James Wan,Leigh Whannell,"Patrick Wilson, Rose Byrne, Ty Simpkins",A family looks to prevent evil spirits from trapping their comatose child in a realm called The Further.,English,"United States, Canada",8 wins & 16 nominations total,https://m.media-amazon.com/images/M/MV5BMTYyOTAxMDA0OF5BMl5BanBnXkFtZTcwNzgwNTc1NA@@._V1_SX300.jpg,"[{'Source': 'Internet Movie Database', 'Value': '6.8/10'}, {'Source': 'Rotten Tomatoes', 'Value': '66%'}, {'Source': 'Metacritic', 'Value': '52/100'}]",52.0,6.8,"357,535",tt1591095,movie,,"$54,009,150",,,True,,Insidious
230,War of the Worlds,2005,PG-13,29 Jun 2005,117 min,"Action, Adventure, Sci-Fi",Steven Spielberg,"Josh Friedman, David Koepp, H.G. Wells","Tom Cruise, Dakota Fanning, Tim Robbins",An alien invasion threatens the future of humanity. The catastrophic nightmare is depicted through the eyes of one American family fighting for survival.,English,United States,Nominated for 3 Oscars. 16 wins & 49 nominations total,https://m.media-amazon.com/images/M/MV5BNDUyODAzNDI1Nl5BMl5BanBnXkFtZTcwMDA2NDAzMw@@._V1_SX300.jpg,"[{'Source': 'Internet Movie Database', 'Value': '6.6/10'}, {'Source': 'Rotten Tomatoes', 'Value': '76%'}, {'Source': 'Metacritic', 'Value': '73/100'}]",73.0,6.6,"497,754",tt0407304,movie,,"$234,280,354",,,True,,War of the Worlds
231,Death Note,2006–2007,TV-14,21 Oct 2007,24 min,"Animation, Crime, Drama",,,"Mamoru Miyano, Brad Swaile, Vincent Tong",An intelligent high school student goes on a secret crusade to eliminate criminals from the world after discovering a notebook capable of killing anyone whose name is written into it.,"Japanese, English",Japan,2 wins & 1 nomination total,https://m.media-amazon.com/images/M/MV5BYTgyZDhmMTEtZDFhNi00MTc4LTg3NjUtYWJlNGE5Mzk2NzMxXkEyXkFqcGc@._V1_SX300.jpg,"[{'Source': 'Internet Movie Database', 'Value': '8.9/10'}]",,8.9,"440,716",tt0877057,series,,,,,True,1.0,Death Note
232,The Vampire Diaries,2009–2017,TV-14,10 Sep 2009,43 min,"Drama, Fantasy, Horror",,"Julie Plec, Kevin Williamson","Nina Dobrev, Paul Wesley, Ian Somerhalder","The lives, loves, dangers and disasters in the town, Mystic Falls, Virginia. Creatures of unspeakable horror lurk beneath this town as a teenage girl is suddenly torn between two vampire brothers.",English,United States,39 wins & 67 nominations total,https://m.media-amazon.com/images/M/MV5BMmNjOWQzYmYtNGYxOS00MjVkLTg1MWUtMTkzMGE0MDgwNzQ5XkEyXkFqcGc@._V1_SX300.jpg,"[{'Source': 'Internet Movie Database', 'Value': '7.7/10'}]",,7.7,"371,485",tt1405406,series,,,,,True,8.0,The Vampire Diaries
233,Naruto,2002–2007,TV-PG,10 Sep 2005,24 min,"Animation, Action, Adventure",,Masashi Kishimoto,"Junko Takeuchi, Maile Flanagan, Kate Higgins","Naruto Uzumaki, a mischievous adolescent ninja, struggles as he searches for recognition and dreams of becoming the Hokage, the village's leader and strongest ninja.",Japanese,Japan,1 win total,https://m.media-amazon.com/images/M/MV5BZTNjOWI0ZTAtOGY1OS00ZGU0LWEyOWYtMjhkYjdlYmVjMDk2XkEyXkFqcGc@._V1_SX300.jpg,"[{'Source': 'Internet Movie Database', 'Value': '8.4/10'}]",,8.4,"153,382",tt0409591,series,,,,,True,1.0,Naruto
234,Wanted,2008,R,27 Jun 2008,110 min,"Action, Crime, Thriller",Timur Bekmambetov,"Michael Brandt, Derek Haas, Chris Morgan","Angelina Jolie, James McAvoy, Morgan Freeman","A frustrated office worker discovers that he is the son of a professional assassin, and that he shares his father's superhuman killing abilities.",English,"United States, Germany, Russia",Nominated for 2 Oscars. 4 wins & 28 nominations total,https://m.media-amazon.com/images/M/MV5BMTQwNDM2MTMwMl5BMl5BanBnXkFtZTgwMjE4NjQxMTE@._V1_SX300.jpg,"[{'Source': 'Internet Movie Database', 'Value': '6.7/10'}, {'Source': 'Rotten Tomatoes', 'Value': '71%'}, {'Source': 'Metacritic', 'Value': '64/100'}]",64.0,6.7,"422,913",tt0493464,movie,,"$134,508,551",,,True,,Wanted
235,Casino Royale,2006,PG-13,17 Nov 2006,144 min,"Action, Adventure, Thriller",Martin Campbell,"Neal Purvis, Robert Wade, Paul Haggis","Daniel Craig, Eva Green, Judi Dench","After earning a licence to kill, secret agent James Bond sets out on his first mission as 007. Bond must defeat a private banker funding terrorists in a high-stakes game of poker at Casino Royale, in Montenegro.","English, Serbian, German, Italian, French","United States, United Kingdom, Czech Republic, Germany, Bahamas, Italy",Won 1 BAFTA Award28 wins & 44 nominations total,https://m.media-amazon.com/images/M/MV5BMWQ1ZDM4NDktMWY0NC00MjcxLWJlMDMtNmE2MGVhYzRjMWQ0XkEyXkFqcGc@._V1_SX300.jpg,"[{'Source': 'Internet Movie Database', 'Value': '8.0/10'}, {'Source': 'Rotten Tomatoes', 'Value': '94%'}, {'Source': 'Metacritic', 'Value': '80/100'}]",80.0,8.0,"726,077",tt0381061,movie,,"$167,445,960",,,True,,Casino Royale
236,My Little Pony: Friendship Is Magic,2010–2019,TV-Y,10 Oct 2010,22 min,"Animation, Adventure, Comedy",,Lauren Faust,"Ashleigh Ball, Tabitha St. Germain, Tara Strong","After learning that her friends, as well as herself, are the magical Elements of Harmony, studious unicorn Twilight Sparkle is sent by her mentor, Princess Celestia, to Ponyville to study the magic of friendship with help from her...",English,"United States, Canada, Philippines",21 wins & 48 nominations total,https://m.media-amazon.com/images/M/MV5BZjhkNzBmMDAtMTBiNy00NGIxLThlN2EtMTJlZDEzZjIzYWUyXkEyXkFqcGc@._V1_SX300.jpg,"[{'Source': 'Internet Movie Database', 'Value': '7.8/10'}]",,7.8,"24,894",tt1751105,series,,,,,True,9.0,My Little Pony: Friendship Is Magic
237,Blade Runner: The Final Cut (2007),2007,,17 Sep 2018,,,,,,,,,,https://m.media-amazon.com/images/M/MV5BM2M0NjUwNzktZWFiMy00NjMyLWE4MGQtMWRhZjY2MjQ4OTA2XkEyXkFqcGc@._V1_SX300.jpg,[],,,,tt24742930,movie,,,,,True,,Blade Runner: The Final Cut (2007)
238,Chappelle's Show,2003–2006,TV-MA,22 Jan 2003,22 min,"Comedy, Music",,"Neal Brennan, Dave Chappelle","Dave Chappelle, Donnell Rawlings, Rudy Rush",Comedian Dave Chappelle hosts this sketch-comedy show that parodies many of the nuances of race and culture.,English,United States,Nominated for 3 Primetime Emmys. 7 wins & 16 nominations total,https://m.media-amazon.com/images/M/MV5BNzgxYTFlMjYtMWM0MC00ZjQzLWJjMjUtNDZhNGE0Yzg2YmRjXkEyXkFqcGc@._V1_SX300.jpg,"[{'Source': 'Internet Movie Database', 'Value': '8.8/10'}]",,8.8,"76,789",tt0353049,series,,,,,True,3.0,Chappelle's Show
239,The Terminal,2004,PG-13,18 Jun 2004,128 min,"Comedy, Drama, Romance",Steven Spielberg,"Andrew Niccol, Sacha Gervasi, Jeff Nathanson","Tom Hanks, Catherine Zeta-Jones, Chi McBride",An Eastern European tourist unexpectedly finds himself stranded at JFK airport and must take up temporary residence there.,"English, Bulgarian, Spanish, Russian, Mandarin, German, French",United States,7 wins & 8 nominations total,https://m.media-amazon.com/images/M/MV5BMTM1MTIwNTMxOF5BMl5BanBnXkFtZTcwNjIxMjQyMw@@._V1_SX300.jpg,"[{'Source': 'Internet Movie Database', 'Value': '7.4/10'}, {'Source': 'Rotten Tomatoes', 'Value': '61%'}, {'Source': 'Metacritic', 'Value': '55/100'}]",55.0,7.4,"520,335",tt0362227,movie,,"$77,872,883",,,True,,The Terminal
240,Michael Clayton,2007,R,12 Oct 2007,119 min,"Crime, Drama, Mystery",Tony Gilroy,Tony Gilroy,"George Clooney, Tilda Swinton, Tom Wilkinson","A law firm brings in its ""fixer"" to remedy the situation after a lawyer has a breakdown while representing a chemical company that he knows is guilty in a multibillion-dollar class action suit.",English,United States,Won 1 Oscar. 28 wins & 114 nominations total,https://m.media-amazon.com/images/M/MV5BMTc0NTU5MjI2MV5BMl5BanBnXkFtZTcwMTg5NTQzMw@@._V1_SX300.jpg,"[{'Source': 'Internet Movie Database', 'Value': '7.2/10'}, {'Source': 'Rotten Tomatoes', 'Value': '90%'}, {'Source': 'Metacritic', 'Value': '82/100'}]",82.0,7.2,"180,233",tt0465538,movie,,"$49,033,882",,,True,,Michael Clayton
241,Road to Perdition,2002,R,12 Jul 2002,117 min,"Crime, Drama, Thriller",Sam Mendes,"Max Allan Collins, Richard Piers Rayner, David Self","Tom Hanks, Tyler Hoechlin, Paul Newman","A mob enforcer's son in 1930s Illinois witnesses a murder, forcing him and his father to take to the road, and his father down a path of redemption and revenge.",English,United States,Won 1 Oscar. 23 wins & 82 nominations total,https://m.media-amazon.com/images/M/MV5BMjMyYjMyMzktMjlhZC00ZTZkLTkzMWQtZmEwMjdjNzJkM2RlXkEyXkFqcGc@._V1_SX300.jpg,"[{'Source': 'Internet Movie Database', 'Value': '7.7/10'}, {'Source': 'Rotten Tomatoes', 'Value': '82%'}, {'Source': 'Metacritic', 'Value': '72/100'}]",72.0,7.7,"294,715",tt0257044,movie,,"$104,454,762",,,True,,Road to Perdition
242,Victorious,2010–2013,TV-G,27 Mar 2010,30 min,"Comedy, Drama, Family",,Dan Schneider,"Victoria Justice, Leon Thomas III, Matt Bennett",Aspiring singer Tori Vega navigates life while attending a performing arts high school called Hollywood Arts.,English,United States,Nominated for 4 Primetime Emmys. 6 wins & 39 nominations total,https://m.media-amazon.com/images/M/MV5BMDhkZTA2YjAtODllYi00NDA1LThkNGYtMDAxY2I4ZTQ4NzU1XkEyXkFqcGc@._V1_SX300.jpg,"[{'Source': 'Internet Movie Database', 'Value': '7.0/10'}]",,7.0,"31,530",tt1604099,series,,,,,True,4.0,Victorious
243,Big Fish,2003,PG-13,09 Jan 2004,125 min,"Adventure, Drama, Fantasy",Tim Burton,"Daniel Wallace, John August","Ewan McGregor, Albert Finney, Billy Crudup",A frustrated son tries to determine the fact from fiction in his dying father's life.,"English, Cantonese",United States,Nominated for 1 Oscar. 69 nominations total,https://m.media-amazon.com/images/M/MV5BNTVlNjc4ZmItMDZjYy00YWZjLTg1OWEtOTNlZjJlN2FlMjEwXkEyXkFqcGc@._V1_SX300.jpg,"[{'Source': 'Internet Movie Database', 'Value': '8.0/10'}, {'Source': 'Rotten Tomatoes', 'Value': '76%'}, {'Source': 'Metacritic', 'Value': '58/100'}]",58.0,8.0,"472,874",tt0319061,movie,,"$66,809,693",,,True,,Big Fish
244,The Hurt Locker,2008,R,31 Jul 2009,131 min,"Drama, Thriller, War",Kathryn Bigelow,Mark Boal,"Jeremy Renner, Anthony Mackie, Brian Geraghty","During the Iraq War, a Sergeant recently assigned to an army bomb squad is put at odds with his squad mates due to his maverick way of handling his work.","English, Arabic","United States, Luxembourg, Canada",Won 6 Oscars. 125 wins & 130 nominations total,https://m.media-amazon.com/images/M/MV5BNzgyMGM2YTItYzY2Yi00NDQ0LWE0M2EtMGUzYjFlMDgyY2M3XkEyXkFqcGc@._V1_SX300.jpg,"[{'Source': 'Internet Movie Database', 'Value': '7.5/10'}, {'Source': 'Rotten Tomatoes', 'Value': '96%'}, {'Source': 'Metacritic', 'Value': '95/100'}]",95.0,7.5,"487,234",tt0887912,movie,,"$17,017,811",,,True,,The Hurt Locker
245,Troy,2004,R,14 May 2004,163 min,"Action, Adventure, Drama",Wolfgang Petersen,"Homer, David Benioff","Brad Pitt, Eric Bana, Orlando Bloom","An adaptation of Homer's great epic, the film follows the assault on Troy by the united Greek forces.",English,"United States, Bulgaria, United Kingdom, Malta",Nominated for 1 Oscar. 5 wins & 23 nominations total,https://m.media-amazon.com/images/M/MV5BMTk5MzU1MDMwMF5BMl5BanBnXkFtZTcwNjczODMzMw@@._V1_SX300.jpg,"[{'Source': 'Internet Movie Database', 'Value': '7.3/10'}, {'Source': 'Rotten Tomatoes', 'Value': '53%'}, {'Source': 'Metacritic', 'Value': '56/100'}]",56.0,7.3,"601,146",tt0332452,movie,,"$133,378,256",,,True,,Troy
246,Sherlock Holmes,2009,PG-13,25 Dec 2009,128 min,"Action, Adventure, Mystery",Guy Ritchie,"Michael Robert Johnson, Anthony Peckham, Simon Kinberg","Robert Downey Jr., Jude Law, Rachel McAdams",Detective Sherlock Holmes and his stalwart partner Watson engage in a battle of wits and brawn with a nemesis whose plot is a threat to all of England.,"English, French","United States, Germany",Nominated for 2 Oscars. 10 wins & 31 nominations total,https://m.media-amazon.com/images/M/MV5BMTg0NjEwNjUxM15BMl5BanBnXkFtZTcwMzk0MjQ5Mg@@._V1_SX300.jpg,"[{'Source': 'Internet Movie Database', 'Value': '7.5/10'}, {'Source': 'Rotten Tomatoes', 'Value': '70%'}, {'Source': 'Metacritic', 'Value': '57/100'}]",57.0,7.5,"695,036",tt0988045,movie,,"$209,028,679",,,True,,Sherlock Holmes
247,Trailer Park Boys,2001–2018,TV-MA,20 Apr 2004,30 min,"Comedy, Crime",,Mike Clattenburg,"John Paul Tremblay, Robb Wells, Mike Smith",Three petty felons have a documentary made about their life in a trailer park.,English,Canada,4 wins & 22 nominations total,https://m.media-amazon.com/images/M/MV5BOTA0NTAwMTc1MF5BMl5BanBnXkFtZTgwODk2NjY0ODE@._V1_SX300.jpg,"[{'Source': 'Internet Movie Database', 'Value': '8.5/10'}]",,8.5,"53,346",tt0290988,series,,,,,True,12.0,Trailer Park Boys
248,Love Actually,2003,R,14 Nov 2003,135 min,"Comedy, Drama, Romance",Richard Curtis,Richard Curtis,"Hugh Grant, Martine McCutcheon, Liam Neeson","Follows the lives of eight very different couples in dealing with their love lives in various loosely interrelated tales all set during a frantic month before Christmas in London, England.","English, Portuguese, French","United Kingdom, France, United States",Won 1 BAFTA Award11 wins & 29 nominations total,https://m.media-amazon.com/images/M/MV5BYWRlZjcwYTgtYWJkOS00MGYwLTk3Y2ItNmU4NTg5Nzg2YTQ2XkEyXkFqcGc@._V1_SX300.jpg,"[{'Source': 'Internet Movie Database', 'Value': '7.5/10'}, {'Source': 'Rotten Tomatoes', 'Value': '64%'}, {'Source': 'Metacritic', 'Value': '55/100'}]",55.0,7.5,"562,203",tt0314331,movie,,"$60,352,285",,,True,,Love Actually
249,America's Next Top Model,2003–2018,TV-PG,20 May 2003,42 min,"Game-Show, Reality-TV",,"Ken Mok, Tyra Banks, Kenya Barris","Adrianne Curry, Yoanna House, Tyra Banks","A cyclical competition in which women from all over the U.S. compete for the honor of being America's next ""it girl"" in the modeling world.",English,United States,6 wins & 34 nominations total,https://m.media-amazon.com/images/M/MV5BMWE4NGFhZTItMGIwMy00MGNjLWE5MmQtYWZjM2JkMWRiZjk1XkEyXkFqcGc@._V1_SX300.jpg,"[{'Source': 'Internet Movie Database', 'Value': '5.7/10'}]",,5.7,"18,906",tt0363307,series,,,,,True,24.0,America's Next Top Model
250,Get Smart,2008,PG-13,20 Jun 2008,110 min,"Action, Adventure, Comedy",Peter Segal,"Tom J. Astle, Matt Ember, Mel Brooks","Steve Carell, Anne Hathaway, Alan Arkin","Maxwell Smart, a highly intellectual but bumbling spy working for the CONTROL agency, is tasked with preventing a terrorist attack from rival spy agency KAOS.","English, Russian, Punjabi, Arabic",United States,3 wins & 6 nominations total,https://m.media-amazon.com/images/M/MV5BMTY0NzQ4MDU0NV5BMl5BanBnXkFtZTcwMzA2NzQ2MQ@@._V1_SX300.jpg,"[{'Source': 'Internet Movie Database', 'Value': '6.5/10'}, {'Source': 'Rotten Tomatoes', 'Value': '51%'}, {'Source': 'Metacritic', 'Value': '54/100'}]",54.0,6.5,"234,647",tt0425061,movie,,"$130,319,208",,,True,,Get Smart
251,Quantum of Solace,2008,PG-13,14 Nov 2008,106 min,"Action, Adventure, Mystery",Marc Forster,"Paul Haggis, Neal Purvis, Robert Wade","Daniel Craig, Olga Kurylenko, Mathieu Amalric",James Bond tries to stop an organisation from eliminating a country's most valuable resource.,"English, Spanish, Italian, French, Swiss German, German","United Kingdom, United States, Italy",Nominated for 2 BAFTA 4 wins & 32 nominations total,https://m.media-amazon.com/images/M/MV5BYmMwZTA3MTAtNWU0Yy00NGZmLTg0YmItZTVkZGFjZTI1ZWJiXkEyXkFqcGc@._V1_SX300.jpg,"[{'Source': 'Internet Movie Database', 'Value': '6.5/10'}, {'Source': 'Rotten Tomatoes', 'Value': '63%'}, {'Source': 'Metacritic', 'Value': '58/100'}]",58.0,6.5,"486,264",tt0830515,movie,,"$168,368,427",,,True,,Quantum of Solace
252,The Blind Side,2009,PG-13,20 Nov 2009,129 min,"Biography, Drama, Sport",John Lee Hancock,"John Lee Hancock, Michael Lewis","Quinton Aaron, Sandra Bullock, Tim McGraw","The story of Michael Oher, a homeless and traumatized boy who became an All-American football player and first-round NFL draft pick with the help of a caring woman and her family.",English,United States,Won 1 Oscar. 9 wins & 30 nominations total,https://m.media-amazon.com/images/M/MV5BMjEzOTE3ODM3OF5BMl5BanBnXkFtZTcwMzYyODI4Mg@@._V1_SX300.jpg,"[{'Source': 'Internet Movie Database', 'Value': '7.6/10'}, {'Source': 'Rotten Tomatoes', 'Value': '66%'}, {'Source': 'Metacritic', 'Value': '53/100'}]",53.0,7.6,"378,385",tt0878804,movie,,"$255,982,860",,,True,,The Blind Side
253,Identity,2003,R,25 Apr 2003,90 min,"Mystery, Thriller",James Mangold,Michael Cooney,"John Cusack, Ray Liotta, Amanda Peet","Stranded at a desolate Nevada motel during a nasty rain storm, ten strangers become acquainted with each other when they realize that they're being killed off one by one.",English,United States,1 win & 11 nominations total,https://m.media-amazon.com/images/M/MV5BZTg1YWUyODktMWY5MC00ZjliLTg3YmUtZDliMGZhZDZmMzU5XkEyXkFqcGc@._V1_SX300.jpg,"[{'Source': 'Internet Movie Database', 'Value': '7.3/10'}, {'Source': 'Rotten Tomatoes', 'Value': '63%'}, {'Source': 'Metacritic', 'Value': '64/100'}]",64.0,7.3,"284,375",tt0309698,movie,,"$52,159,536",,,True,,Identity
254,I Am Legend,2007,PG-13,14 Dec 2007,101 min,"Drama, Horror, Sci-Fi",Francis Lawrence,"Mark Protosevich, Akiva Goldsman, Richard Matheson","Will Smith, Alice Braga, Charlie Tahan","Years after a plague kills most of humanity and transforms the rest into monsters, the sole survivor in New York City struggles valiantly to find a cure.",English,"United States, United Kingdom",9 wins & 23 nominations total,https://m.media-amazon.com/images/M/MV5BMGE1OWZkZmItNmVhMC00YzAxLTgxOTctNjg3NWExM2RmOWJkXkEyXkFqcGc@._V1_SX300.jpg,"[{'Source': 'Internet Movie Database', 'Value': '7.2/10'}, {'Source': 'Rotten Tomatoes', 'Value': '68%'}, {'Source': 'Metacritic', 'Value': '65/100'}]",65.0,7.2,"858,848",tt0480249,movie,,"$256,393,010",,,True,,I Am Legend
255,The Fairly OddParents,2001–2017,TV-Y7,30 Mar 2001,1 min,"Animation, Adventure, Comedy",,"Butch Hartman, Bob Boyle","Tara Strong, Susanne Blakeslee, Daran Norris","After being tortured and humiliated by his babysitter, a ten year old boy is put under the care of two fairy godparents, who can grant him almost any wish, which leads to dire consequences.",English,"United States, Canada",Won 1 Primetime Emmy. 16 wins & 48 nominations total,https://m.media-amazon.com/images/M/MV5BY2RlNWMwZmUtMjM4MC00MDczLTk3NjktYTg2OTNiNThhNmNhXkEyXkFqcGc@._V1_SX300.jpg,"[{'Source': 'Internet Movie Database', 'Value': '7.2/10'}]",,7.2,"50,038",tt0235918,series,,,,,True,10.0,The Fairly OddParents
256,Grown Ups,2010,PG-13,25 Jun 2010,102 min,Comedy,Dennis Dugan,"Adam Sandler, Fred Wolf","Adam Sandler, Salma Hayek, Kevin James","After their high school basketball coach passes away, five good friends and former teammates reunite for a Fourth of July holiday weekend.","English, Spanish",United States,3 wins & 4 nominations total,https://m.media-amazon.com/images/M/MV5BMjA0ODYwNzU5Nl5BMl5BanBnXkFtZTcwNTI1MTgxMw@@._V1_SX300.jpg,"[{'Source': 'Internet Movie Database', 'Value': '6.0/10'}, {'Source': 'Rotten Tomatoes', 'Value': '10%'}, {'Source': 'Metacritic', 'Value': '30/100'}]",30.0,6.0,"302,341",tt1375670,movie,,"$162,001,186",,,True,,Grown Ups
257,The Girl Next Door,2004,R,09 Apr 2004,109 min,"Comedy, Drama, Romance",Luke Greenfield,"David Wagner, Brent Goldberg, Stuart Blumberg","Emile Hirsch, Elisha Cuthbert, Timothy Olyphant",A teenager's dreams come true when a former porn star moves in next door and they fall in love.,English,United States,2 wins & 4 nominations total,https://m.media-amazon.com/images/M/MV5BMTQ0ODIyMzE1N15BMl5BanBnXkFtZTcwODEwODczMw@@._V1_SX300.jpg,"[{'Source': 'Internet Movie Database', 'Value': '6.7/10'}, {'Source': 'Rotten Tomatoes', 'Value': '56%'}, {'Source': 'Metacritic', 'Value': '47/100'}]",47.0,6.7,"256,138",tt0265208,movie,,"$14,589,444",,,True,,The Girl Next Door
258,Ned's Declassified School Survival Guide,2004–2007,TV-Y7,12 Sep 2004,22 min,"Comedy, Family",,Scott Fellows,"Devon Werkheiser, Lindsey Shaw, Daniel Curtis Lee",Ned Bigby shares his advice on how to survive middle school.,"English, Spanish, Dutch, Portuguese","United States, Germany",1 win & 12 nominations,https://m.media-amazon.com/images/M/MV5BZWFkMTMwMjgtOWU4Yy00ZTk1LTllNGMtMWU4ZTZlODRkY2IwXkEyXkFqcGc@._V1_SX300.jpg,"[{'Source': 'Internet Movie Database', 'Value': '7.4/10'}]",,7.4,"19,982",tt0405576,series,,,,,True,3.0,Ned's Declassified School Survival Guide
259,The Fighter,2010,R,17 Dec 2010,116 min,"Action, Biography, Drama",David O. Russell,"Keith Dorrington, Paul Tamasy, Eric Johnson","Mark Wahlberg, Christian Bale, Amy Adams","Based on the story of Micky Ward, a fledgling boxer who tries to escape the shadow of his more famous but troubled older boxing brother and get his own shot at greatness.",English,United States,Won 2 Oscars. 74 wins & 123 nominations total,https://m.media-amazon.com/images/M/MV5BMTM0ODk3MjM1MV5BMl5BanBnXkFtZTcwNzc1MDIwNA@@._V1_SX300.jpg,"[{'Source': 'Internet Movie Database', 'Value': '7.8/10'}, {'Source': 'Rotten Tomatoes', 'Value': '91%'}, {'Source': 'Metacritic', 'Value': '79/100'}]",79.0,7.8,"401,848",tt0964517,movie,,"$93,617,009",,,True,,The Fighter
260,Public Enemies,2009,R,01 Jul 2009,140 min,"Biography, Crime, Drama",Michael Mann,"Ronan Bennett, Michael Mann, Ann Biderman","Christian Bale, Johnny Depp, Christian Stolte","The Feds try to take down notorious American gangsters John Dillinger, Baby Face Nelson, and Pretty Boy Floyd during a booming crime wave in the 1930s.",English,"Japan, United States",1 win & 14 nominations total,https://m.media-amazon.com/images/M/MV5BY2FjYTZjZTUtNDMyOS00YzViLWFlZjQtZTAzNGQwM2VjYjVjXkEyXkFqcGc@._V1_SX300.jpg,"[{'Source': 'Internet Movie Database', 'Value': '6.9/10'}, {'Source': 'Rotten Tomatoes', 'Value': '68%'}, {'Source': 'Metacritic', 'Value': '70/100'}]",70.0,6.9,"330,342",tt1152836,movie,,"$97,104,620",,,True,,Public Enemies
261,Not Another Teen Movie,2001,R,14 Dec 2001,89 min,Comedy,Joel Gallen,"Mike Bender, Adam Jay Epstein, Andrew Jacobson","Chyler Leigh, Jaime Pressly, Chris Evans",A sendup of all the teen movies that have accumulated in the past two decades.,"English, Italian",United States,5 nominations total,https://m.media-amazon.com/images/M/MV5BNjllYzVjNjItYjQ2Ni00OGU4LTlkYjItMDYxOTBlM2YzNDA5XkEyXkFqcGc@._V1_SX300.jpg,"[{'Source': 'Internet Movie Database', 'Value': '5.8/10'}, {'Source': 'Rotten Tomatoes', 'Value': '32%'}, {'Source': 'Metacritic', 'Value': '32/100'}]",32.0,5.8,"122,654",tt0277371,movie,,"$38,252,284",,,True,,Not Another Teen Movie
262,Blow,2001,R,06 Apr 2001,124 min,"Biography, Crime, Drama",Ted Demme,"Bruce Porter, David McKenna, Nick Cassavetes","Johnny Depp, Penélope Cruz, Franka Potente","The story of how George Jung, along with the Medellín Cartel headed by Pablo Escobar, established the American cocaine market in the 1970s in the United States.",English,United States,3 wins & 9 nominations total,https://m.media-amazon.com/images/M/MV5BNTNkMzMwOWItM2FmYS00YmI2LWE4NjUtMmI5MDk0YTkwZjM2XkEyXkFqcGc@._V1_SX300.jpg,"[{'Source': 'Internet Movie Database', 'Value': '7.5/10'}, {'Source': 'Rotten Tomatoes', 'Value': '56%'}, {'Source': 'Metacritic', 'Value': '52/100'}]",52.0,7.5,"283,921",tt0221027,movie,,"$52,990,775",,,True,,Blow
263,Hancock,2008,R,02 Jul 2008,92 min,"Action, Comedy, Drama",Peter Berg,"Vy Vincent Ngo, Vince Gilligan","Will Smith, Charlize Theron, Jason Bateman",Hancock is a superhero whose ill-considered behavior regularly causes damage in the millions. He changes when the person he saves helps him improve his public image.,"English, Japanese, Vietnamese",United States,4 wins & 14 nominations total,https://m.media-amazon.com/images/M/MV5BMTgyMzc4ODU3NV5BMl5BanBnXkFtZTcwNjk5Mzc1MQ@@._V1_SX300.jpg,"[{'Source': 'Internet Movie Database', 'Value': '6.4/10'}, {'Source': 'Rotten Tomatoes', 'Value': '42%'}, {'Source': 'Metacritic', 'Value': '49/100'}]",49.0,6.4,"529,727",tt0448157,movie,,"$227,946,274",,,True,,Hancock
264,iCarly,2007–2012,TV-G,08 Sep 2007,30 min,"Comedy, Family, Romance",,Dan Schneider,"Miranda Cosgrove, Jerry Trainor, Jennette McCurdy","Carly hosts her own home-grown web show, iCarly, Carly and sidekick Sam's regular webcasts ultimately feature everything from comedy sketches and talent contests to interviews, recipes, and problem-solving.",English,United States,Nominated for 7 Primetime Emmys. 26 wins & 82 nominations total,https://m.media-amazon.com/images/M/MV5BY2JlM2JiNmQtNTdhNy00MDljLThjNDQtZDExNWI0NTNhMjVlXkEyXkFqcGc@._V1_SX300.jpg,"[{'Source': 'Internet Movie Database', 'Value': '6.8/10'}]",,6.8,"47,640",tt0972534,series,,,,,True,6.0,iCarly
265,The Pursuit of Happyness,2006,PG-13,15 Dec 2006,117 min,"Biography, Drama",Gabriele Muccino,Steve Conrad,"Will Smith, Thandiwe Newton, Jaden Smith",A struggling salesman takes custody of his son as he's poised to begin a life-changing professional career.,"English, Cantonese",United States,Nominated for 1 Oscar. 12 wins & 26 nominations total,https://m.media-amazon.com/images/M/MV5BMTQ5NjQ0NDI3NF5BMl5BanBnXkFtZTcwNDI0MjEzMw@@._V1_SX300.jpg,"[{'Source': 'Internet Movie Database', 'Value': '8.0/10'}, {'Source': 'Rotten Tomatoes', 'Value': '67%'}, {'Source': 'Metacritic', 'Value': '64/100'}]",64.0,8.0,"601,035",tt0454921,movie,,"$163,566,459",,,True,,The Pursuit of Happyness
266,Monster,2022–,TV-MA,21 Sep 2022,,"Biography, Crime, Drama",,"Ian Brennan, Ryan Murphy","Evan Peters, Richard Jenkins, Cooper Koch",An anthology series about high-profile crimes or killers that captured public attention and notoriety.,"English, American Sign , Lao",United States,Won 2 Primetime Emmys. 18 wins & 62 nominations total,https://m.media-amazon.com/images/M/MV5BZGY2OTcxYWItZDgxNi00Y2E1LTk0YTgtZDcwZjZkNzU4OTJjXkEyXkFqcGc@._V1_SX300.jpg,"[{'Source': 'Internet Movie Database', 'Value': '7.8/10'}]",,7.8,"196,171",tt13207736,series,,,,,True,4.0,Monster
267,Rambo,2008,R,25 Jan 2008,92 min,"Action, Thriller",Sylvester Stallone,"Art Monterastelli, Sylvester Stallone, David Morrell","Sylvester Stallone, Julie Benz, Matthew Marsden","In Thailand, John Rambo joins a group of mercenaries to venture into war-torn Burma, and rescue a group of Christian aid workers who were kidnapped by the ruthless local infantry unit.","English, Burmese, Thai","Germany, United States",1 win & 1 nomination total,https://m.media-amazon.com/images/M/MV5BMTI5Mjg1MzM4NF5BMl5BanBnXkFtZTcwNTAyNzUzMw@@._V1_SX300.jpg,"[{'Source': 'Internet Movie Database', 'Value': '7.0/10'}, {'Source': 'Rotten Tomatoes', 'Value': '38%'}, {'Source': 'Metacritic', 'Value': '46/100'}]",46.0,7.0,"252,376",tt0462499,movie,,"$42,754,105",,,True,,Rambo
268,Something's Gotta Give,2003,PG-13,12 Dec 2003,128 min,"Comedy, Drama, Romance",Nancy Meyers,Nancy Meyers,"Jack Nicholson, Diane Keaton, Keanu Reeves",A swinger on the cusp of being a senior citizen with a taste for young women falls in love with an accomplished woman closer to his age.,"English, French",United States,Nominated for 1 Oscar. 8 wins & 13 nominations total,https://m.media-amazon.com/images/M/MV5BZWVkNmY0ODktOWE0MS00MGJkLTk4YTktMGM0NDFhODNiN2YxXkEyXkFqcGc@._V1_SX300.jpg,"[{'Source': 'Internet Movie Database', 'Value': '6.7/10'}, {'Source': 'Rotten Tomatoes', 'Value': '72%'}, {'Source': 'Metacritic', 'Value': '66/100'}]",66.0,6.7,"131,290",tt0337741,movie,,"$124,728,738",,,True,,Something's Gotta Give
269,Harold & Kumar Go to White Castle,2004,R,30 Jul 2004,88 min,"Adventure, Comedy",Danny Leiner,"Jon Hurwitz, Hayden Schlossberg","John Cho, Kal Penn, Ethan Embry",A Korean-American office worker and his Indian-American stoner friend embark on a quest to satisfy their desire for White Castle burgers.,"English, Hindi","United States, Canada, Germany",3 nominations total,https://m.media-amazon.com/images/M/MV5BNjk2MGI0M2YtZmIwOS00NGVjLWFlNDAtMDYzM2Y1MWM2OWNkXkEyXkFqcGc@._V1_SX300.jpg,"[{'Source': 'Internet Movie Database', 'Value': '7.0/10'}, {'Source': 'Rotten Tomatoes', 'Value': '75%'}, {'Source': 'Metacritic', 'Value': '64/100'}]",64.0,7.0,"212,484",tt0366551,movie,,"$18,250,550",,,True,,Harold & Kumar Go to White Castle
270,Thir13en Ghosts,2001,R,26 Oct 2001,91 min,"Fantasy, Horror",Steve Beck,"Robb White, Neal Marshall Stevens, Richard D'Ovidio","Tony Shalhoub, Shannon Elizabeth, Embeth Davidtz","When Cyrus Kriticos, a very rich collector of unique things, dies, he leaves his house, fortune, and his prized collection of ghosts.",English,"Canada, United States",1 win & 4 nominations total,https://m.media-amazon.com/images/M/MV5BNmFjMzZkODQtYmEwNS00MzIwLThhNmMtNjRiMmRjNjQ3MzQwXkEyXkFqcGc@._V1_SX300.jpg,"[{'Source': 'Internet Movie Database', 'Value': '5.6/10'}, {'Source': 'Rotten Tomatoes', 'Value': '19%'}, {'Source': 'Metacritic', 'Value': '30/100'}]",30.0,5.6,"97,477",tt0245674,movie,,"$41,867,960",,,True,,Thir13en Ghosts
271,Merlin,2008–2012,TV-PG,21 Jun 2009,45 min,"Adventure, Drama, Fantasy",,"Johnny Capps, Julian Jones, Jake Michie","John Hurt, Colin Morgan, Bradley James","These are the brand new adventures of Merlin, the legendary sorcerer as a young man, when he was just a servant to young Prince Arthur on the royal court of Camelot, who has soon become his best friend, and turned Arthur into a gr...","Old English, English",United Kingdom,Won 1 BAFTA Award4 wins & 25 nominations total,https://m.media-amazon.com/images/M/MV5BNmI5NDgyZmQtNDc3YS00Mjg0LThmMzEtZjcyNzczOTJlYWY4XkEyXkFqcGc@._V1_SX300.jpg,"[{'Source': 'Internet Movie Database', 'Value': '7.9/10'}]",,7.9,"91,370",tt1199099,series,,,,,True,5.0,Merlin
272,Transformers Prime,2010–2013,TV-Y7,26 Nov 2010,1 min,"Animation, Action, Adventure",,"Duane Capizzi, Jeff Kline, Alex Kurtzman","Peter Cullen, Sumalee Montano, Jeffrey Combs",In this new set of adventures the Autobots live on Earth and maintain their secret identity. They are joined by 3 teens as they battle the Decepticons.,English,United States,14 wins & 26 nominations total,https://m.media-amazon.com/images/M/MV5BMjRiODgwNmYtZjk3Ny00YTFiLTgxM2MtNmVjMWEwZTNjYjkyXkEyXkFqcGc@._V1_SX300.jpg,"[{'Source': 'Internet Movie Database', 'Value': '8.1/10'}]",,8.1,"9,765",tt1659175,series,,,,,True,3.0,Transformers Prime
273,Cloudy with a Chance of Meatballs,2009,PG,18 Sep 2009,90 min,"Animation, Adventure, Comedy","Phil Lord, Christopher Miller","Phil Lord, Christopher Miller, Judi Barrett","Anna Faris, Bill Hader, Bruce Campbell",A local scientist is often regarded as a failure until he invents a machine that can make food fall from the sky. But little does he know that things are about to take a turn for the worst.,"English, French, Spanish, German",United States,1 win & 14 nominations total,https://m.media-amazon.com/images/M/MV5BMTg0MjAwNDI5MV5BMl5BanBnXkFtZTcwODkyMzg2Mg@@._V1_SX300.jpg,"[{'Source': 'Internet Movie Database', 'Value': '6.9/10'}, {'Source': 'Rotten Tomatoes', 'Value': '85%'}, {'Source': 'Metacritic', 'Value': '66/100'}]",66.0,6.9,"275,114",tt0844471,movie,,"$124,870,275",,,True,,Cloudy with a Chance of Meatballs
274,The Mole,2022–,TV-MA,07 Oct 2022,,"Adventure, Game-Show, Mystery",,,"Alex Wagner, Ari Shapiro, William James Richardson",It follows twelve players as they work together in challenges to add money to a pot that only one of them will win.,English,United States,,https://m.media-amazon.com/images/M/MV5BYWM5NmY2YzEtNzc4Ni00YTc0LWExMjUtNzRlYjk4Yjk4YjAxXkEyXkFqcGc@._V1_SX300.jpg,"[{'Source': 'Internet Movie Database', 'Value': '7.5/10'}]",,7.5,"4,854",tt21822078,series,,,,,True,2.0,The Mole
275,Offspring,2010–2017,TV-MA,01 Sep 2016,60 min,"Comedy, Drama",,"Debra Oswald, Imogen Banks, John Edwards","Asher Keddie, Kat Stewart, Richard Davies",The story of the impossible loves of 30-something obstetrician Nina Proudman and her fabulously messy family.,English,Australia,12 wins & 38 nominations,https://m.media-amazon.com/images/M/MV5BMzk2MGM4MzgtMGVhMC00ODk4LWI3ZGYtYWM0MjYwYTg1NmI0XkEyXkFqcGc@._V1_SX300.jpg,"[{'Source': 'Internet Movie Database', 'Value': '8.3/10'}]",,8.3,"5,647",tt1530541,series,,,,,True,7.0,Offspring
276,Halloween,1978,R,27 Oct 1978,91 min,"Horror, Thriller",John Carpenter,"John Carpenter, Debra Hill","Donald Pleasence, Jamie Lee Curtis, Tony Moran","Fifteen years after murdering his sister on Halloween night 1963, Michael Myers escapes from a mental hospital and returns to the small town of Haddonfield, Illinois, to kill again.",English,United States,9 wins & 3 nominations total,https://m.media-amazon.com/images/M/MV5BMzZiNTdiYTgtYjNkMS00MmJmLWEwZGQtNmY0NGJkMGE0YmYzXkEyXkFqcGc@._V1_SX300.jpg,"[{'Source': 'Internet Movie Database', 'Value': '7.7/10'}, {'Source': 'Rotten Tomatoes', 'Value': '97%'}, {'Source': 'Metacritic', 'Value': '90/100'}]",90.0,7.7,"328,213",tt0077651,movie,,"$47,160,000",,,True,,Halloween
277,Code Geass: Lelouch of the Rebellion I - Initiation,2017,,21 Oct 2017,135 min,"Animation, Action, Sci-Fi","Noriaki Akitaya, Gorô Taniguchi","Gorô Taniguchi, Clamp, Ichirô Ôkouchi","Jun Fukuyama, Takahiro Sakurai, Yukana",A remake of first 17 episodes of code geass R1.,Japanese,Japan,,https://m.media-amazon.com/images/M/MV5BNjEyMzA0NDctNTQwMy00NDQ0LWExYjctOWYzMDcyYWYyMzFiXkEyXkFqcGc@._V1_SX300.jpg,"[{'Source': 'Internet Movie Database', 'Value': '7.3/10'}]",,7.3,789,tt8100900,movie,,,,,True,,Code Geass: Lelouch of the Rebellion I - Initiation
278,Jackass: The Movie,2002,R,25 Oct 2002,85 min,"Documentary, Action, Comedy",Jeff Tremaine,"Jeff Tremaine, Spike Jonze, Johnny Knoxville","Johnny Knoxville, Bam Margera, Chris Pontius",Johnny Knoxville and his band of maniacs perform a variety of stunts and gross-out gags on the big screen for the first time.,"English, Japanese, Spanish",United States,1 win & 7 nominations total,https://m.media-amazon.com/images/M/MV5BZDkzNmZmZDUtNjA5Mi00OTM4LTk2MDAtNmRhYTkzM2Y4MWNiXkEyXkFqcGc@._V1_SX300.jpg,"[{'Source': 'Internet Movie Database', 'Value': '6.6/10'}, {'Source': 'Rotten Tomatoes', 'Value': '49%'}, {'Source': 'Metacritic', 'Value': '42/100'}]",42.0,6.6,"105,030",tt0322802,movie,,"$64,255,312",,,True,,Jackass: The Movie
279,Semi-Pro,2008,R,29 Feb 2008,91 min,"Comedy, Sport",Kent Alterman,Scot Armstrong,"Will Ferrell, Woody Harrelson, André 3000","Jackie Moon, the owner-coach-player of the American Basketball Association's Flint Michigan Tropics, rallies his teammates to make their NBA dreams come true.",English,United States,1 win & 4 nominations total,https://m.media-amazon.com/images/M/MV5BMTc1MjQ4NTc3M15BMl5BanBnXkFtZTcwMTc3NTg1MQ@@._V1_SX300.jpg,"[{'Source': 'Internet Movie Database', 'Value': '5.8/10'}, {'Source': 'Rotten Tomatoes', 'Value': '23%'}, {'Source': 'Metacritic', 'Value': '47/100'}]",47.0,5.8,"88,005",tt0839980,movie,,"$33,479,698",,,True,,Semi-Pro
280,The Lake House,2006,PG,16 Jun 2006,99 min,"Drama, Fantasy, Romance",Alejandro Agresti,"David Auburn, Eun-Jeong Kim, Ji Na Yeo","Keanu Reeves, Sandra Bullock, Christopher Plummer","A lonely doctor who once occupied an unusual lakeside house begins to exchange love letters with its former resident, a frustrated architect. They must try to unravel the mystery behind their extraordinary romance before it's too ...",English,"United States, South Korea",2 wins & 2 nominations total,https://m.media-amazon.com/images/M/MV5BMTYxMTgxNDI3MV5BMl5BanBnXkFtZTcwMzIxMTIzMw@@._V1_SX300.jpg,"[{'Source': 'Internet Movie Database', 'Value': '6.8/10'}, {'Source': 'Rotten Tomatoes', 'Value': '35%'}, {'Source': 'Metacritic', 'Value': '52/100'}]",52.0,6.8,"162,880",tt0410297,movie,,"$52,330,111",,,True,,The Lake House
281,The Girl Next Door,2004,R,09 Apr 2004,109 min,"Comedy, Drama, Romance",Luke Greenfield,"David Wagner, Brent Goldberg, Stuart Blumberg","Emile Hirsch, Elisha Cuthbert, Timothy Olyphant",A teenager's dreams come true when a former porn star moves in next door and they fall in love.,English,United States,2 wins & 4 nominations total,https://m.media-amazon.com/images/M/MV5BMTQ0ODIyMzE1N15BMl5BanBnXkFtZTcwODEwODczMw@@._V1_SX300.jpg,"[{'Source': 'Internet Movie Database', 'Value': '6.7/10'}, {'Source': 'Rotten Tomatoes', 'Value': '56%'}, {'Source': 'Metacritic', 'Value': '47/100'}]",47.0,6.7,"256,138",tt0265208,movie,,"$14,589,444",,,True,,The Girl Next Door
282,The Book of Eli,2010,R,15 Jan 2010,118 min,"Action, Adventure, Drama","Albert Hughes, Allen Hughes",Gary Whitta,"Denzel Washington, Mila Kunis, Ray Stevenson","A drifter fights his way across a ravaged, post-apocalyptic America while protecting a sacred book that holds the secrets to humanity's salvation.",English,United States,3 wins & 16 nominations total,https://m.media-amazon.com/images/M/MV5BZjk4N2U2YTAtNWEzZC00N2VmLTlkNDctMjg5YjI4OTExZTFhXkEyXkFqcGc@._V1_SX300.jpg,"[{'Source': 'Internet Movie Database', 'Value': '6.8/10'}, {'Source': 'Rotten Tomatoes', 'Value': '46%'}, {'Source': 'Metacritic', 'Value': '53/100'}]",53.0,6.8,"354,627",tt1037705,movie,,"$94,835,059",,,True,,The Book of Eli
283,Blood Diamond,2006,R,08 Dec 2006,143 min,"Adventure, Drama, Thriller",Edward Zwick,"Charles Leavitt, C. Gaby Mitchell","Leonardo DiCaprio, Djimon Hounsou, Jennifer Connelly","A fisherman, a smuggler, and a syndicate of businessmen match wits over the possession of a priceless diamond.","English, Mende, Afrikaans","United States, Germany, United Kingdom",Nominated for 5 Oscars. 8 wins & 32 nominations total,https://m.media-amazon.com/images/M/MV5BOGYzOGI0YTUtNTAwYy00M2JhLTgyODEtMjlhZTk1Yzc5ZTBhXkEyXkFqcGc@._V1_SX300.jpg,"[{'Source': 'Internet Movie Database', 'Value': '8.0/10'}, {'Source': 'Rotten Tomatoes', 'Value': '64%'}, {'Source': 'Metacritic', 'Value': '64/100'}]",64.0,8.0,"611,511",tt0450259,movie,,"$57,377,916",,,True,,Blood Diamond
284,Just Like Heaven,2005,PG-13,16 Sep 2005,95 min,"Comedy, Drama, Fantasy",Mark Waters,"Peter Tolan, Leslie Dixon, Marc Lévy","Reese Witherspoon, Mark Ruffalo, Donal Logue","A lonely architect finds an amazing apartment, only to discover it's haunted by the spirit of the previous tenant, an overachieving doctor.","English, Spanish, Mandarin",United States,1 win & 1 nomination total,https://m.media-amazon.com/images/M/MV5BYjQ5MDc1OWEtOTAzZS00OWE1LWE5MmMtMGRlMDExZTRhZTQyXkEyXkFqcGc@._V1_SX300.jpg,"[{'Source': 'Internet Movie Database', 'Value': '6.7/10'}, {'Source': 'Rotten Tomatoes', 'Value': '54%'}, {'Source': 'Metacritic', 'Value': '47/100'}]",47.0,6.7,"123,834",tt0425123,movie,,"$48,318,130",,,True,,Just Like Heaven
285,Ip Man,2008,R,12 Dec 2008,106 min,"Action, Biography, Drama",Wilson Yip,"Edmond Wong, Tai-Lee Chan","Donnie Yen, Simon Yam, Louis Fan","During the Japanese invasion of China, a wealthy martial artist is forced to leave his home when his city is occupied. With little means of providing for themselves, Ip Man and the remaining members of the city must find a way to ...","Cantonese, Mandarin, Japanese, Chinese, English","Hong Kong, China",12 wins & 19 nominations total,https://m.media-amazon.com/images/M/MV5BZmJjZDE0MmYtNzgwYy00NTg2LWE0NDYtNzA0YTA4MjA0NmYxXkEyXkFqcGc@._V1_SX300.jpg,"[{'Source': 'Internet Movie Database', 'Value': '8.0/10'}, {'Source': 'Rotten Tomatoes', 'Value': '86%'}, {'Source': 'Metacritic', 'Value': '59/100'}]",59.0,8.0,"240,273",tt1220719,movie,,,,,True,,Ip Man
286,21,2008,PG-13,28 Mar 2008,123 min,"Crime, Drama, Thriller",Robert Luketic,"Peter Steinfeld, Allan Loeb, Ben Mezrich","Jim Sturgess, Kate Bosworth, Kevin Spacey","Inspired by real events and people, 21 is about six MIT students who become trained to be experts in card counting in blackjack and subsequently took Vegas casinos for millions in winnings.",English,United States,1 win & 5 nominations total,https://m.media-amazon.com/images/M/MV5BMjAyNTU5OTcxOV5BMl5BanBnXkFtZTcwMDEyNjM2MQ@@._V1_SX300.jpg,"[{'Source': 'Internet Movie Database', 'Value': '6.8/10'}, {'Source': 'Rotten Tomatoes', 'Value': '36%'}, {'Source': 'Metacritic', 'Value': '48/100'}]",48.0,6.8,"276,337",tt0478087,movie,,"$81,159,365",,,True,,21
287,Friday the 13th,1980,R,09 May 1980,95 min,"Horror, Mystery, Thriller",Sean S. Cunningham,"Victor Miller, Ron Kurz","Betsy Palmer, Adrienne King, Jeannine Taylor","A group of teenage camp counselors attempt to re-open an abandoned summer camp with a tragic past, but they are stalked by a mysterious, relentless killer.",English,United States,6 nominations total,https://m.media-amazon.com/images/M/MV5BNzI1ODZhNDctNTdjOC00Mzg2LTg1ZjktNjJkNjA2YzYxMGQzXkEyXkFqcGc@._V1_SX300.jpg,"[{'Source': 'Internet Movie Database', 'Value': '6.4/10'}, {'Source': 'Rotten Tomatoes', 'Value': '67%'}, {'Source': 'Metacritic', 'Value': '22/100'}]",22.0,6.4,"169,106",tt0080761,movie,,"$39,754,601",,,True,,Friday the 13th
288,Gurren Lagann,2007,TV-14,01 Apr 2007,24 min,"Animation, Action, Adventure",,Kazuki Nakashima,"Tetsuya Kakihara, Shizuka Itô, Yuri Lowenthal","Two friends, Simon and Kamina, become the symbols of rebellion against the powerful Spiral King, who forced mankind into subterranean villages.","Italian, French, German, Korean, English, Spanish, Japanese",Japan,2 wins total,https://m.media-amazon.com/images/M/MV5BMGJlODA2ZmItOTRiZS00NWM5LWJlNTQtYzI5MTNiZjA2MGFjXkEyXkFqcGc@._V1_SX300.jpg,"[{'Source': 'Internet Movie Database', 'Value': '8.3/10'}]",,8.3,"23,954",tt0948103,series,,,,,True,5.0,Gurren Lagann
289,Let Me In,2010,R,01 Oct 2010,116 min,"Drama, Fantasy, Horror",Matt Reeves,"Matt Reeves, John Ajvide Lindqvist","Kodi Smit-McPhee, Chloë Grace Moretz, Richard Jenkins",A bullied young boy befriends a young female vampire who lives in secrecy with her guardian.,English,"United Kingdom, United States, Sweden",14 wins & 28 nominations total,https://m.media-amazon.com/images/M/MV5BNDQ4MjQ4OTMwMF5BMl5BanBnXkFtZTcwOTYzNDc4Mw@@._V1_SX300.jpg,"[{'Source': 'Internet Movie Database', 'Value': '7.1/10'}, {'Source': 'Rotten Tomatoes', 'Value': '89%'}, {'Source': 'Metacritic', 'Value': '79/100'}]",79.0,7.1,"129,885",tt1228987,movie,,"$12,134,935",,,True,,Let Me In
290,Dead Set,2008,TV-MA,27 Oct 2008,141 min,"Drama, Horror, Reality-TV",,,"Paul 'Bubble' Ferguson, Jaime Winstone, Andy Nyman","During a fictional series of Big Brother, a zombie outbreak occurs, but the house-mates are unaware of the impending doom outside of the Big Brother House.",English,United Kingdom,Nominated for 1 BAFTA Award5 nominations total,https://m.media-amazon.com/images/M/MV5BNzdmNTUyMDUtYTQzNS00NTE2LTk2YmEtZGVmNzEzMDNiYjdmXkEyXkFqcGc@._V1_SX300.jpg,"[{'Source': 'Internet Movie Database', 'Value': '7.6/10'}]",,7.6,"21,319",tt1285482,series,,,,,True,1.0,Dead Set
291,A Nightmare on Elm Street,1984,R,16 Nov 1984,91 min,Horror,Wes Craven,Wes Craven,"Heather Langenkamp, Johnny Depp, Robert Englund","Teenager Nancy Thompson must uncover the dark truth concealed by her parents after she and her friends become targets of the spirit of a serial killer with a bladed glove in their dreams, in which if they die, it kills them in rea...",English,United States,7 wins & 8 nominations total,https://m.media-amazon.com/images/M/MV5BNTZmN2VlMWMtMTdlMi00NDBhLWIyODMtODEwMzM0ODMwMWYwXkEyXkFqcGc@._V1_SX300.jpg,"[{'Source': 'Internet Movie Database', 'Value': '7.4/10'}, {'Source': 'Rotten Tomatoes', 'Value': '94%'}, {'Source': 'Metacritic', 'Value': '76/100'}]",76.0,7.4,"280,625",tt0087800,movie,,"$25,624,448",,,True,,A Nightmare on Elm Street
292,Winx Club,2004–2023,TV-Y7,19 Jun 2004,25 min,"Animation, Action, Adventure",,Iginio Straffi,"Molly C. Quinn, Keke Palmer, Amy Gross","At Alfea College, fairy warriors from all over the universe study and train to improve their magic powers. Bloom, a girl from Earth, joins them after discovering her own special abilities.","Italian, English","Italy, United States, Taiwan, Australia, China, Canada, Germany, Philippines, North Korea, Spain, India, France, United Kingdom, Russia",6 wins & 4 nominations total,https://m.media-amazon.com/images/M/MV5BOWFkZDEzMWQtYTg1ZS00NTE3LWFiY2MtZjY2YTdhM2NmOTcxXkEyXkFqcGc@._V1_SX300.jpg,"[{'Source': 'Internet Movie Database', 'Value': '6.2/10'}]",,6.2,"8,538",tt0421482,series,,,,,True,9.0,Winx Club
293,The Bucket List,2007,PG-13,11 Jan 2008,97 min,"Adventure, Comedy, Drama",Rob Reiner,Justin Zackham,"Jack Nicholson, Morgan Freeman, Sean Hayes",Two terminally ill men escape from a cancer ward and head off on a road trip with a wish list of to-dos before they die.,English,United States,3 wins & 4 nominations total,https://m.media-amazon.com/images/M/MV5BMTY2NTUyMjIyNF5BMl5BanBnXkFtZTYwNzYwMDM4._V1_SX300.jpg,"[{'Source': 'Internet Movie Database', 'Value': '7.3/10'}, {'Source': 'Rotten Tomatoes', 'Value': '40%'}, {'Source': 'Metacritic', 'Value': '42/100'}]",42.0,7.3,"267,274",tt0825232,movie,,"$93,466,502",,,True,,The Bucket List
294,The Octonauts,2010–2021,TV-Y,04 Oct 2010,11 min,"Animation, Adventure, Comedy",,,"Ross Breen, Keith Wickham, Simon Greenall","An intrepid band of explorers roam the oceans in search of adventure and fun. Led by a valiant polar bear and a daredevil kitten, these eight talented critters are always ready to embark on an exciting new mission.",English,"United States, Ireland, United Kingdom, Canada",2 wins & 7 nominations total,https://m.media-amazon.com/images/M/MV5BMTMwYWM1OTQtNzcxNi00MGIwLWI0ZWUtMmJmZWI5ZjU1OTFkXkEyXkFqcGc@._V1_SX300.jpg,"[{'Source': 'Internet Movie Database', 'Value': '7.6/10'}]",,7.6,"1,694",tt1710177,series,,,,,True,4.0,The Octonauts
295,Sonic X,2003–2006,TV-Y7,23 Aug 2003,30 min,"Animation, Action, Adventure",,,"Gabriella Lewis, Jun'ichi Kanemaru, Sanae Kobayashi","A slight malfunction causes Chaos Control, and sends Sonic the Hedgehog to Earth. While there, Sonic meets Chris Thorndyke, who aids at collecting the Chaos Emeralds, so Sonic and friends can go home.","Japanese, English","Japan, Germany, Canada",,https://m.media-amazon.com/images/M/MV5BNzdjYTU1MWItNjY3Mi00NTNjLWIzNzctZmU5ZWQ0NGVlMTAzXkEyXkFqcGc@._V1_SX300.jpg,"[{'Source': 'Internet Movie Database', 'Value': '6.2/10'}]",,6.2,"6,350",tt0367413,series,,,,,True,3.0,Sonic X
296,Scary Movie 4,2006,PG-13,14 Apr 2006,83 min,Comedy,David Zucker,"Craig Mazin, Jim Abrahams, Pat Proft","Anna Faris, Regina Hall, Craig Bierko",Cindy finds out a little boy haunts the house she lives in and she goes on a quest to solve his murder.,"English, Japanese",United States,1 win & 3 nominations total,https://m.media-amazon.com/images/M/MV5BMjExNDQwM2QtYjFiNy00N2ZlLWE4ZGEtODdmYjY5NDdhNWE3XkEyXkFqcGc@._V1_SX300.jpg,"[{'Source': 'Internet Movie Database', 'Value': '5.1/10'}, {'Source': 'Rotten Tomatoes', 'Value': '34%'}, {'Source': 'Metacritic', 'Value': '40/100'}]",40.0,5.1,"135,303",tt0362120,movie,,"$90,710,620",,,True,,Scary Movie 4
297,The Sweetest Thing,2002,R,12 Apr 2002,84 min,"Comedy, Romance",Roger Kumble,Nancy M. Pimental,"Cameron Diaz, Thomas Jane, Christina Applegate","Christina Walters spent years avoiding men, then suddenly met her perfect match while hanging with her best friends, Courtney and Jane. When she finds out that he has left town, she and Courtney set out on a trip.",English,United States,1 win & 4 nominations total,https://m.media-amazon.com/images/M/MV5BNjEzNmRjZTgtYzNjYi00ZTI3LWE0MDQtMWIwMzRiYTBmNTVhXkEyXkFqcGc@._V1_SX300.jpg,"[{'Source': 'Internet Movie Database', 'Value': '5.2/10'}, {'Source': 'Rotten Tomatoes', 'Value': '25%'}, {'Source': 'Metacritic', 'Value': '32/100'}]",32.0,5.2,"64,477",tt0253867,movie,,"$24,718,164",,,True,,The Sweetest Thing
298,How Do You Know,2010,PG-13,17 Dec 2010,121 min,"Comedy, Drama, Romance",James L. Brooks,James L. Brooks,"Reese Witherspoon, Paul Rudd, Owen Wilson","After being cut from the U.S.A. softball team and feeling a bit past her prime, Lisa finds herself evaluating her life and in the middle of a love triangle, as a corporate guy in crisis competes with her current, baseball-playing ...",English,United States,3 nominations total,https://m.media-amazon.com/images/M/MV5BOTQyMzU4OTk1N15BMl5BanBnXkFtZTcwNTE5MTUxNA@@._V1_SX300.jpg,"[{'Source': 'Internet Movie Database', 'Value': '5.4/10'}, {'Source': 'Rotten Tomatoes', 'Value': '31%'}, {'Source': 'Metacritic', 'Value': '46/100'}]",46.0,5.4,"56,293",tt1341188,movie,,"$30,212,620",,,True,,How Do You Know
299,Mr. Bean's Holiday,2007,G,24 Aug 2007,90 min,"Comedy, Family",Steve Bendelack,"Rowan Atkinson, Richard Curtis, Simon McBurney","Rowan Atkinson, Willem Dafoe, Steve Pemberton","Mr. Bean wins a trip to Cannes where he unwittingly separates a young boy from his father and must help the two reunite. On the way he discovers France, bicycling, and true love.","English, French, Spanish, Russian","United Kingdom, France, Germany, United States",2 nominations total,https://m.media-amazon.com/images/M/MV5BZTFlZTIxMzYtZTU4Ny00YjZiLTg0OGMtOTFmNmI1ZDVmODQ3XkEyXkFqcGc@._V1_SX300.jpg,"[{'Source': 'Internet Movie Database', 'Value': '6.4/10'}, {'Source': 'Rotten Tomatoes', 'Value': '50%'}, {'Source': 'Metacritic', 'Value': '56/100'}]",56.0,6.4,"139,347",tt0453451,movie,,"$33,302,167",,,True,,Mr. Bean's Holiday
300,The Interpreter,2005,PG-13,22 Apr 2005,128 min,"Crime, Mystery, Thriller",Sydney Pollack,"Martin Stellman, Brian Ward, Charles Randolph","Nicole Kidman, Sean Penn, Catherine Keener","Political intrigue and deception unfold inside the United Nations, where a U.S. Secret Service agent is assigned to investigate an interpreter who overhears an assassination plot.","English, Aboriginal, French, Portuguese, Spanish, Hebrew","United Kingdom, France, Germany, United States",3 wins & 2 nominations total,https://m.media-amazon.com/images/M/MV5BODhjNGUzMDQtOGZlNC00YzU1LTg1MjAtOTE3ZmFhM2Y5NWEyXkEyXkFqcGc@._V1_SX300.jpg,"[{'Source': 'Internet Movie Database', 'Value': '6.4/10'}, {'Source': 'Rotten Tomatoes', 'Value': '57%'}, {'Source': 'Metacritic', 'Value': '62/100'}]",62.0,6.4,"112,725",tt0373926,movie,,"$72,708,161",,,True,,The Interpreter
301,John Q,2002,PG-13,15 Feb 2002,116 min,"Crime, Drama, Thriller",Nick Cassavetes,James Kearns,"Denzel Washington, Robert Duvall, Gabriela Oltean",John Quincy Archibald takes a hospital emergency room hostage when his insurance won't cover his son's heart transplant.,"English, Spanish",United States,2 wins & 8 nominations total,https://m.media-amazon.com/images/M/MV5BMTcxNTQ1MzAyOF5BMl5BanBnXkFtZTYwNDg0ODk4._V1_SX300.jpg,"[{'Source': 'Internet Movie Database', 'Value': '7.1/10'}, {'Source': 'Rotten Tomatoes', 'Value': '26%'}, {'Source': 'Metacritic', 'Value': '30/100'}]",30.0,7.1,"150,594",tt0251160,movie,,"$71,756,802",,,True,,John Q
302,3 Idiots,2009,PG-13,25 Dec 2009,170 min,"Comedy, Drama",Rajkumar Hirani,"Abhijat Joshi, Rajkumar Hirani, Vidhu Vinod Chopra","Aamir Khan, Madhavan, Mona Singh","Two friends are searching for their long lost companion. They revisit their college days and recall the memories of their friend who inspired them to think differently, even as the rest of the world called them ""idiots"".","Hindi, English",India,64 wins & 30 nominations total,https://m.media-amazon.com/images/M/MV5BNzc4ZWQ3NmYtODE0Ny00YTQ4LTlkZWItNTBkMGQ0MmUwMmJlXkEyXkFqcGc@._V1_SX300.jpg,"[{'Source': 'Internet Movie Database', 'Value': '8.4/10'}, {'Source': 'Rotten Tomatoes', 'Value': '100%'}, {'Source': 'Metacritic', 'Value': '67/100'}]",67.0,8.4,"466,804",tt1187043,movie,,"$6,532,874",,,True,,3 Idiots
303,The One,2001,PG-13,02 Nov 2001,87 min,"Action, Sci-Fi, Thriller",James Wong,"Glen Morgan, James Wong","Jet Li, Carla Gugino, Delroy Lindo","A rogue Multiverse agent goes on a manhunt for alternate versions of himself, getting stronger with each kill. Only the last version of himself, an LASD cop, can stop his crusade before he becomes ""The One"".",English,United States,4 nominations total,https://m.media-amazon.com/images/M/MV5BMzE3Y2VjNzMtZGMyOS00ZjA5LWExZjYtYzNkMTQ3Mzk5YmY0XkEyXkFqcGc@._V1_SX300.jpg,"[{'Source': 'Internet Movie Database', 'Value': '5.9/10'}, {'Source': 'Rotten Tomatoes', 'Value': '13%'}, {'Source': 'Metacritic', 'Value': '25/100'}]",25.0,5.9,"98,526",tt0267804,movie,,"$43,905,746",,,True,,The One
304,H2O: Just Add Water,2006–2010,TV-PG,07 Jul 2006,2 min,"Adventure, Comedy, Drama",,Jonathan M. Shiff,"Cariba Heine, Phoebe Tonkin, Angus McLaren",Three girls become mermaids after a mysterious island transforms them and gives them special powers.,English,Australia,2 wins & 6 nominations total,https://m.media-amazon.com/images/M/MV5BMTk5Y2FjZjktM2FjMy00MTFkLTg5MTktZDBmMGI0MzM5YjE2XkEyXkFqcGc@._V1_SX300.jpg,"[{'Source': 'Internet Movie Database', 'Value': '7.3/10'}]",,7.3,"20,088",tt0491603,series,,,,,True,3.0,H2O: Just Add Water
305,The Texas Chainsaw Massacre,2003,R,17 Oct 2003,98 min,Horror,Marcus Nispel,"Kim Henkel, Tobe Hooper, Scott Kosar","Jessica Biel, Jonathan Tucker, Andrew Bryniarski","After picking up a traumatized young hitchhiker, five friends find themselves stalked and hunted by a deformed chainsaw-wielding loon and his family of equally psychopathic killers.",English,United States,4 wins & 17 nominations total,https://m.media-amazon.com/images/M/MV5BNzY0MDQwMTctYzQ1Mi00ODIwLThlMWQtODQ0NzA2ZTg3ZDFhXkEyXkFqcGc@._V1_SX300.jpg,"[{'Source': 'Internet Movie Database', 'Value': '6.2/10'}, {'Source': 'Rotten Tomatoes', 'Value': '37%'}, {'Source': 'Metacritic', 'Value': '38/100'}]",38.0,6.2,"158,409",tt0324216,movie,,"$80,571,655",,,True,,The Texas Chainsaw Massacre
306,Still Game,2002–2019,TV-14,01 Nov 2015,22S min,Comedy,,,"Ford Kiernan, Greg Hemphill, Paul Riley","Cult Scottish comedy about the lives of two OAP's Jack and Victor and their views on how it used to be in the old days and how bad it is now in the fictional area of Craiglang, Glasgow.",English,United Kingdom,6 wins & 3 nominations total,https://m.media-amazon.com/images/M/MV5BNzlkNmM1YTAtZTVhNS00ODhlLTg2MGUtYTU3NDMxYWZiZjI2XkEyXkFqcGc@._V1_SX300.jpg,"[{'Source': 'Internet Movie Database', 'Value': '8.9/10'}]",,8.9,"9,769",tt0281491,series,,,,,True,9.0,Still Game
307,The Cat in the Hat,2003,PG,21 Nov 2003,82 min,"Adventure, Comedy, Family",Bo Welch,"Dr. Seuss, Alec Berg, David Mandel","Mike Myers, Spencer Breslin, Dakota Fanning",Two bored children have their lives turned upside down when a talking cat comes to visit them.,English,United States,7 wins & 22 nominations total,https://m.media-amazon.com/images/M/MV5BMTI5MDU3MTYyMF5BMl5BanBnXkFtZTYwODgyODc3._V1_SX300.jpg,"[{'Source': 'Internet Movie Database', 'Value': '4.1/10'}, {'Source': 'Rotten Tomatoes', 'Value': '10%'}, {'Source': 'Metacritic', 'Value': '19/100'}]",19.0,4.1,"90,879",tt0312528,movie,,"$101,149,285",,,True,,The Cat in the Hat
308,Tears of the Sun,2003,R,07 Mar 2003,121 min,"Action, Drama, Thriller",Antoine Fuqua,"Alex Lasker, Patrick Cirillo","Bruce Willis, Cole Hauser, Monica Bellucci",A Special-Ops commander leads his team into the Nigerian jungle in order to rescue a doctor who will only join them if they agree to save 70 refugees too.,English,United States,2 nominations total,https://m.media-amazon.com/images/M/MV5BMzk1NmE2YWItMmNkZi00OTEzLWJkMzctNjFlOWE3Njg2OGI0XkEyXkFqcGc@._V1_SX300.jpg,"[{'Source': 'Internet Movie Database', 'Value': '6.6/10'}, {'Source': 'Rotten Tomatoes', 'Value': '34%'}, {'Source': 'Metacritic', 'Value': '48/100'}]",48.0,6.6,"135,739",tt0314353,movie,,"$43,734,876",,,True,,Tears of the Sun
309,Due Date,2010,R,05 Nov 2010,95 min,"Comedy, Drama",Todd Phillips,"Alan R. Cohen, Alan Freedland, Adam Sztykiel","Robert Downey Jr., Zach Galifianakis, Michelle Monaghan",High-strung father-to-be Peter Highman is forced to hitch a ride with aspiring actor Ethan Tremblay on a road trip in order to make it to his child's birth on time.,"English, Spanish",United States,7 nominations total,https://m.media-amazon.com/images/M/MV5BMTU5MTgxODM3Nl5BMl5BanBnXkFtZTcwMjMxNDEwNA@@._V1_SX300.jpg,"[{'Source': 'Internet Movie Database', 'Value': '6.5/10'}, {'Source': 'Rotten Tomatoes', 'Value': '39%'}, {'Source': 'Metacritic', 'Value': '51/100'}]",51.0,6.5,"366,272",tt1231583,movie,,"$100,539,043",,,True,,Due Date
310,Black Butler,2008–2011,TV-14,03 Oct 2008,24 min,"Animation, Action, Comedy",,,"J. Michael Tatum, Brina Palencia, Michael C. Pizzuto","Ciel Phantomhive takes care of the many unsettling events in Victorian England. Aided by Sebastian Michaelis, his loyal butler with seemingly inhuman abilities. But is there more to this black-clad butler than meets the eye?","English, Portuguese, Spanish, Korean, German, French, Japanese",Japan,,https://m.media-amazon.com/images/M/MV5BYzU2YzkyMGMtYTVjNi00NWY0LWE0MDAtMzZmYTU3Y2MyZTFiXkEyXkFqcGc@._V1_SX300.jpg,"[{'Source': 'Internet Movie Database', 'Value': '7.6/10'}]",,7.6,"10,703",tt1316554,series,,,,,True,2.0,Black Butler
311,We Are Marshall,2006,PG,22 Dec 2006,131 min,"Drama, Sport",McG,"Jamie Linden, Cory Helms","Matthew McConaughey, Matthew Fox, Anthony Mackie","When a plane crash claims the lives of members of the Marshall University football team and some of its fans, the team's new coach and his surviving players try to keep the football program alive.",English,United States,1 nomination total,https://m.media-amazon.com/images/M/MV5BMTQwNDczNTg5MF5BMl5BanBnXkFtZTcwNDMwMzEzMw@@._V1_SX300.jpg,"[{'Source': 'Internet Movie Database', 'Value': '7.1/10'}, {'Source': 'Rotten Tomatoes', 'Value': '48%'}, {'Source': 'Metacritic', 'Value': '53/100'}]",53.0,7.1,"66,385",tt0758794,movie,,"$43,545,364",,,True,,We Are Marshall
312,Blood and Bone,2009,R,20 Sep 2009,93 min,"Action, Crime, Drama",Ben Ramsey,Michael Andrews,"Michael Jai White, Julian Sands, Eamonn Walker","In Los Angeles, an ex-con takes the underground fighting world by storm in his quest to fulfill a promise to a dead friend.",English,United States,,https://m.media-amazon.com/images/M/MV5BNjE0MDc4ODY4Ml5BMl5BanBnXkFtZTcwNDI2NjM4Mg@@._V1_SX300.jpg,"[{'Source': 'Internet Movie Database', 'Value': '6.7/10'}]",,6.7,"37,392",tt0346631,movie,,,,,True,,Blood and Bone
313,Freddy vs. Jason,2003,R,15 Aug 2003,97 min,"Action, Horror",Ronny Yu,"Wes Craven, Victor Miller, Damian Shannon","Robert Englund, Ken Kirzinger, Kelly Rowland","Freddy Krueger and Jason Voorhees return to terrorize the teenagers of Elm Street. Only this time, they're out to get each other, too.",English,"Canada, United States",2 wins & 11 nominations total,https://m.media-amazon.com/images/M/MV5BOTc4ODQ3YTAtNDJiZi00NTUzLTllOWUtYjE3NjYyNjdlNDlmXkEyXkFqcGc@._V1_SX300.jpg,"[{'Source': 'Internet Movie Database', 'Value': '5.7/10'}, {'Source': 'Rotten Tomatoes', 'Value': '41%'}, {'Source': 'Metacritic', 'Value': '37/100'}]",37.0,5.7,"132,894",tt0329101,movie,,"$82,633,448",,,True,,Freddy vs. Jason
314,The Golden Compass,2007,PG-13,07 Dec 2007,113 min,"Adventure, Family, Fantasy",Chris Weitz,"Chris Weitz, Philip Pullman","Nicole Kidman, Daniel Craig, Dakota Blue Richards","In a parallel universe, young Lyra Belacqua journeys to the far North to save her best friend and other kidnapped children from terrible experiments by a mysterious organization.","English, Icelandic, Russian, French","United Kingdom, United States, Canada, France, Australia",Won 1 Oscar. 7 wins & 32 nominations total,https://m.media-amazon.com/images/M/MV5BMTM2NDkxMjQxMV5BMl5BanBnXkFtZTYwNTMxMDM4._V1_SX300.jpg,"[{'Source': 'Internet Movie Database', 'Value': '6.1/10'}, {'Source': 'Rotten Tomatoes', 'Value': '42%'}, {'Source': 'Metacritic', 'Value': '51/100'}]",51.0,6.1,"199,671",tt0385752,movie,,"$70,107,728",,,True,,The Golden Compass
315,The 4400,2004–2007,TV-14,11 Jul 2004,43 min,"Drama, Mystery, Sci-Fi",,"René Echevarria, Scott Peters","Jacqueline McKenzie, Joel Gretsch, Patrick John Flueger","As the reappearance of 4,400 missing persons on a single day confounds the global community, federal agents on the case slowly discover the ways in which the victims have been changed.",English,"United Kingdom, United States",Nominated for 3 Primetime Emmys. 1 win & 13 nominations total,https://m.media-amazon.com/images/M/MV5BNjU5NDgxYmEtZjgzMy00Nzc1LWE5ZDMtZjFhMzZlNTFjZjdlXkEyXkFqcGc@._V1_SX300.jpg,"[{'Source': 'Internet Movie Database', 'Value': '7.3/10'}]",,7.3,"47,911",tt0389564,series,,,,,True,4.0,The 4400
316,The Men Who Stare at Goats,2009,R,06 Nov 2009,94 min,"Comedy, War",Grant Heslov,"Jon Ronson, Peter Straughan","Ewan McGregor, George Clooney, Kevin Spacey","A reporter in Iraq might just have the story of a lifetime when he meets Lyn Cassady, a guy who claims to be a former member of the U.S. Army's New Earth Army, a unit that employs paranormal powers in their missions.","English, Arabic","United States, United Kingdom",1 win & 1 nomination total,https://m.media-amazon.com/images/M/MV5BMjIwOTQwNzg1MV5BMl5BanBnXkFtZTcwODc4MDU4Mg@@._V1_SX300.jpg,"[{'Source': 'Internet Movie Database', 'Value': '6.2/10'}, {'Source': 'Rotten Tomatoes', 'Value': '51%'}, {'Source': 'Metacritic', 'Value': '54/100'}]",54.0,6.2,"140,301",tt1234548,movie,,"$32,428,195",,,True,,The Men Who Stare at Goats
317,Strawberry Shortcake,2003–2008,TV-Y,11 Mar 2003,16S min,"Animation, Family, Musical",,Kent Osborne,"Rachel Ware, Samantha Triba, Sarah Heinke","A girl named Strawberry Shortcake, along with her cat Custard and dog Pupcake, has adventures in friendship in Strawberryland.",English,United States,,https://m.media-amazon.com/images/M/MV5BNzQyN2ZmYWMtNjEwYi00YTk0LThmYmEtZmU3OTQ4YzM0OGE3XkEyXkFqcGc@._V1_SX300.jpg,"[{'Source': 'Internet Movie Database', 'Value': '5.6/10'}]",,5.6,623,tt1190823,series,,,,,True,4.0,Strawberry Shortcake
318,Shaun the Sheep,2007–2025,TV-G,05 Mar 2007,7 min,"Animation, Short, Comedy",,"David Fine, Alison Snowden, Richard Starzak","Justin Fletcher, John Sparkes, Richard Webber","Shaun The Sheep is a cheeky and mischievous sheep at Mossy Bottom farm who's the leader of the flock and always plays slapstick jokes, pranks and causes trouble especially on Farmer X and his grumpy guide dog, Bitzer.",English,"United Kingdom, Finland, Germany",Won 2 BAFTA 5 wins & 2 nominations total,https://m.media-amazon.com/images/M/MV5BZmYxYWRmODAtMWEzNC00MTAxLTkyN2EtMTM1YmE2YzAwNmQxXkEyXkFqcGc@._V1_SX300.jpg,"[{'Source': 'Internet Movie Database', 'Value': '8.2/10'}]",,8.2,"18,805",tt0983983,series,,,,,True,7.0,Shaun the Sheep
319,Cleaner,2007,R,18 Jan 2008,88 min,"Crime, Thriller",Renny Harlin,Matthew Aldrich,"Samuel L. Jackson, Ed Harris, Eva Mendes",A former cop who now earns a wage as a crime scene cleaner unknowingly participates in a cover-up at his latest job.,English,United States,1 nomination,https://m.media-amazon.com/images/M/MV5BZDAzMGU2ZWItNDJiOS00MjgxLWJlOTMtOTc5MTlkMGI3Njg2XkEyXkFqcGc@._V1_SX300.jpg,"[{'Source': 'Internet Movie Database', 'Value': '6.1/10'}, {'Source': 'Rotten Tomatoes', 'Value': '17%'}, {'Source': 'Metacritic', 'Value': '49/100'}]",49.0,6.1,"46,143",tt0896798,movie,,,,,True,,Cleaner
320,Toradora!,2008–2009,TV-14,30 Sep 2008,24 min,"Animation, Comedy, Drama",,,"Rie Kugimiya, Junji Majima, Yui Horie",Toradora tells the tale of Ryuji (dragon) and Taiga (tiger) helping each other confess to their crushes.,Japanese,Japan,3 nominations total,https://m.media-amazon.com/images/M/MV5BNjEyZmRmMGYtNGY1Zi00MTFiLWE0ZTMtNzUzMWJmMTgzNWE5XkEyXkFqcGc@._V1_SX300.jpg,"[{'Source': 'Internet Movie Database', 'Value': '7.9/10'}]",,7.9,"21,636",tt1279024,series,,,,,True,1.0,Toradora!
321,Big Time Rush,2009–2013,TV-G,28 Nov 2009,32S min,"Comedy, Drama, Family",,Scott Fellows,"Kendall Schmidt, James Maslow, Carlos PenaVega","Four hockey-playing teens from Minnesota try their luck at becoming a band. Hilarity ensues as they navigate the pressures of school, relationships, and fame in Los Angeles.",English,United States,Nominated for 1 BAFTA Award45 wins & 63 nominations total,https://m.media-amazon.com/images/M/MV5BODAwN2ZiMzQtYTNjNC00OTUxLTk5N2QtYWY3OWFjMjA4OGNiXkEyXkFqcGc@._V1_SX300.jpg,"[{'Source': 'Internet Movie Database', 'Value': '6.5/10'}]",,6.5,"15,739",tt1131746,series,,,,,True,4.0,Big Time Rush
322,Monster House,2006,PG,21 Jul 2006,91 min,"Animation, Comedy, Family",Gil Kenan,"Dan Harmon, Rob Schrab, Pamela Pettler","Mitchel Musso, Sam Lerner, Spencer Locke","Three teens discover that their neighbor's house is really a living, breathing, scary monster.",English,United States,Nominated for 1 Oscar. 4 wins & 23 nominations total,https://m.media-amazon.com/images/M/MV5BMTIzNjE1NDg1N15BMl5BanBnXkFtZTcwOTg2NTMzMQ@@._V1_SX300.jpg,"[{'Source': 'Internet Movie Database', 'Value': '6.7/10'}, {'Source': 'Rotten Tomatoes', 'Value': '74%'}, {'Source': 'Metacritic', 'Value': '68/100'}]",68.0,6.7,"149,782",tt0385880,movie,,"$73,661,010",,,True,,Monster House
323,Good Luck Chuck,2007,R,21 Sep 2007,96 min,"Comedy, Romance",Mark Helfrich,"Josh Stolberg, Steve Glenn","Dane Cook, Jessica Alba, Dan Fogler","In order to keep the woman of his dreams from falling for another guy, Charlie Logan has to break the curse that has made him wildly popular with single women: Sleep with Charlie once, and the next man you meet will be your true l...",English,"United States, Canada",1 win & 3 nominations total,https://m.media-amazon.com/images/M/MV5BMTU1NzM1MTE1OV5BMl5BanBnXkFtZTYwNDQyMjU3._V1_SX300.jpg,"[{'Source': 'Internet Movie Database', 'Value': '5.6/10'}, {'Source': 'Rotten Tomatoes', 'Value': '5%'}, {'Source': 'Metacritic', 'Value': '19/100'}]",19.0,5.6,"97,427",tt0452625,movie,,"$35,017,297",,,True,,Good Luck Chuck
324,"10,000 BC",2008,PG-13,07 Mar 2008,109 min,"Action, Adventure, Drama",Roland Emmerich,"Roland Emmerich, Harald Kloser","Camilla Belle, Steven Strait, Marco Khan","In the prehistoric past, D'Leh is a mammoth hunter who bonds with the beautiful Evolet. When warriors on horseback capture Evolet and the tribesmen, D'Leh must embark on an odyssey to save his true love.",English,"United States, South Africa, New Zealand, Germany",,https://m.media-amazon.com/images/M/MV5BZWZmYzI5OWMtZDg4Ny00ZThiLWFjYjQtNjQ1NzA1MWY1OTJiXkEyXkFqcGc@._V1_SX300.jpg,"[{'Source': 'Internet Movie Database', 'Value': '5.1/10'}, {'Source': 'Rotten Tomatoes', 'Value': '10%'}, {'Source': 'Metacritic', 'Value': '34/100'}]",34.0,5.1,"138,190",tt0443649,movie,,"$94,784,201",,,True,,"10,000 BC"
325,Cop Out,2010,R,26 Feb 2010,107 min,"Action, Comedy, Crime",Kevin Smith,"Robb Cullen, Mark Cullen","Bruce Willis, Tracy Morgan, Juan Carlos Hernández","Jimmy's rare baseball card is robbed. Since it's his only hope to pay for his daughter's upcoming wedding, he recruits his cop partner Paul to track down the robber, a memorabilia-obsessed gangster.","English, Spanish",United States,1 nomination total,https://m.media-amazon.com/images/M/MV5BMTk0NzcxMjYwNF5BMl5BanBnXkFtZTcwMTI4MTIxMw@@._V1_SX300.jpg,"[{'Source': 'Internet Movie Database', 'Value': '5.5/10'}, {'Source': 'Rotten Tomatoes', 'Value': '18%'}, {'Source': 'Metacritic', 'Value': '31/100'}]",31.0,5.5,"91,211",tt1385867,movie,,"$44,875,481",,,True,,Cop Out
326,The Cave,2005,PG-13,26 Aug 2005,97 min,"Adventure, Horror, Sci-Fi",Bruce Hunt,"Michael Steinberg, Tegan West","Piper Perabo, Morris Chestnut, Cole Hauser",Blood-thirsty creatures await a pack of divers who become trapped in an underwater cave network.,"English, Korean, Romanian, Hindi","Germany, Australia, United States",,https://m.media-amazon.com/images/M/MV5BZTUzY2Y2OWQtMzEyOC00NTI0LTgwODgtZGY3Nzg1MWI3ZDk1XkEyXkFqcGc@._V1_SX300.jpg,"[{'Source': 'Internet Movie Database', 'Value': '5.2/10'}, {'Source': 'Rotten Tomatoes', 'Value': '12%'}, {'Source': 'Metacritic', 'Value': '30/100'}]",30.0,5.2,"42,821",tt0402901,movie,,"$15,007,991",,,True,,The Cave
327,Starsky & Hutch,2004,PG-13,05 Mar 2004,101 min,"Comedy, Crime",Todd Phillips,"William Blinn, Stevie Long, John O'Brien","Ben Stiller, Owen Wilson, Snoop Dogg","Two streetwise cops bust criminals in their red and white Ford Gran Torino, with the help of a police snitch called ""Huggy Bear"".","English, Korean",United States,3 wins & 11 nominations total,https://m.media-amazon.com/images/M/MV5BYWMwZTUzODktMmYyNS00ZTYxLWIzYWMtMzMwMWEyMTRkNzJlXkEyXkFqcGc@._V1_SX300.jpg,"[{'Source': 'Internet Movie Database', 'Value': '6.1/10'}, {'Source': 'Rotten Tomatoes', 'Value': '63%'}, {'Source': 'Metacritic', 'Value': '55/100'}]",55.0,6.1,"159,341",tt0335438,movie,,"$88,237,754",,,True,,Starsky & Hutch
328,New York Minute,2004,PG,07 May 2004,91 min,"Adventure, Comedy, Crime",Dennie Gordon,"Emily Fox, Adam Cooper, Bill Collage","Mary-Kate Olsen, Ashley Olsen, Eugene Levy",Two sisters who just can't get along have to travel to New York City together and find themselves on numerous misadventures in order to accomplish their goals.,English,United States,6 nominations total,https://m.media-amazon.com/images/M/MV5BMTI2Mjc0OTc0MV5BMl5BanBnXkFtZTcwMjM4MzUyMQ@@._V1_SX300.jpg,"[{'Source': 'Internet Movie Database', 'Value': '5.0/10'}, {'Source': 'Rotten Tomatoes', 'Value': '11%'}, {'Source': 'Metacritic', 'Value': '33/100'}]",33.0,5.0,"25,608",tt0363282,movie,,"$14,071,441",,,True,,New York Minute
329,Rumor Has It...,2005,PG-13,25 Dec 2005,97 min,"Comedy, Drama, Romance",Rob Reiner,Ted Griffin,"Jennifer Aniston, Mark Ruffalo, Shirley MacLaine","Sarah Huttinger is a woman who learns that her family was the inspiration for the book and film ""The Graduate"" -- and that she just might be the offspring of the well-documented event.","English, Spanish","Germany, Australia, United States",,https://m.media-amazon.com/images/M/MV5BOTg3Njk2NTIxNF5BMl5BanBnXkFtZTcwNTc4MTEzMw@@._V1_SX300.jpg,"[{'Source': 'Internet Movie Database', 'Value': '5.5/10'}, {'Source': 'Rotten Tomatoes', 'Value': '21%'}, {'Source': 'Metacritic', 'Value': '35/100'}]",35.0,5.5,"63,521",tt0398375,movie,,"$43,000,262",,,True,,Rumor Has It...
330,Comedian,2002,R,01 Jul 2003,82 min,"Documentary, Comedy",Christian Charles,,"Jerry Seinfeld, Chris Rock, Garry Shandling","A look at the work of two stand-up comics, Jerry Seinfeld and a lesser-known newcomer, detailing the effort and frustration behind putting together a successful act and career while living a life on the road.",English,United States,2 nominations,https://m.media-amazon.com/images/M/MV5BMTkyMDM0MzE5Nl5BMl5BanBnXkFtZTYwMDg1NjY3._V1_SX300.jpg,"[{'Source': 'Internet Movie Database', 'Value': '6.9/10'}, {'Source': 'Rotten Tomatoes', 'Value': '77%'}, {'Source': 'Metacritic', 'Value': '62/100'}]",62.0,6.9,"7,346",tt0328962,movie,,"$2,751,988",,,True,,Comedian
331,Catch and Release,2006,PG-13,26 Jan 2007,124 min,"Comedy, Drama, Romance",Susannah Grant,Susannah Grant,"Jennifer Garner, Timothy Olyphant, Kevin Smith",A woman struggles to accept the death of her fiancé and the secrets he kept from her as she rebuilds her life.,"English, Sanskrit",United States,,https://m.media-amazon.com/images/M/MV5BNTk2NjU1MjMyNV5BMl5BanBnXkFtZTcwMzc5NjE0MQ@@._V1_SX300.jpg,"[{'Source': 'Internet Movie Database', 'Value': '5.9/10'}, {'Source': 'Rotten Tomatoes', 'Value': '23%'}, {'Source': 'Metacritic', 'Value': '43/100'}]",43.0,5.9,"29,384",tt0395495,movie,,"$15,539,051",,,True,,Catch and Release
332,Midnight Diner,2009–2014,TV-MA,09 Oct 2009,24 min,"Comedy, Drama",,,"Kaoru Kobayashi, Mansaku Fuwa, Shôhei Uno","Set in a small restaurant open only after midnight. This drama depicts the lives of the restaurant's patrons, who come for the amusing chatter and the proprietor's willingness to cook any dish they request.",Japanese,Japan,1 win total,https://m.media-amazon.com/images/M/MV5BNDAzNTIzY2EtZmU1ZS00YTkxLWEzYzUtZDRiMjliNDA1NjMyXkEyXkFqcGc@._V1_SX300.jpg,"[{'Source': 'Internet Movie Database', 'Value': '8.6/10'}]",,8.6,"3,550",tt1882928,series,,,,,True,3.0,Midnight Diner
333,Lagaan: Once Upon a Time in India,2001,PG,15 Jun 2001,224 min,"Drama, Musical, Sport",Ashutosh Gowariker,"Ashutosh Gowariker, Kumar Dave, Sanjay Dayma","Aamir Khan, Raghubir Yadav, Gracy Singh",The people of a small village in Victorian India stake their future on a game of cricket against their ruthless British rulers.,"Hindi, English","India, United States",Nominated for 1 Oscar. 54 wins & 22 nominations total,https://m.media-amazon.com/images/M/MV5BM2FmODM4OTktOTRjOS00ZTIzLWIzZjAtMDBhOGEzYThkNzMzXkEyXkFqcGc@._V1_SX300.jpg,"[{'Source': 'Internet Movie Database', 'Value': '8.1/10'}, {'Source': 'Rotten Tomatoes', 'Value': '95%'}, {'Source': 'Metacritic', 'Value': '84/100'}]",84.0,8.1,"122,152",tt0169102,movie,,"$909,043",,,True,,Lagaan: Once Upon a Time in India
334,Pocoyo,2005–,TV-Y,23 Jul 2011,7 min,"Animation, Comedy, Family",,"Andy Yerkes, David Cantolla, Luis Gallego","Stephen Fry, Alex Marty, Stephen Hughes","Pocoyo, the curious toddler dressed all in blue, joins Pato the yellow duck, Elly the pink elephant, Loula the dog, Sleepy Bird and many others in learning new things and having fun.","Spanish, English","Spain, United Kingdom, United States",Won 1 BAFTA Award5 wins & 1 nomination total,https://m.media-amazon.com/images/M/MV5BMTUxNzQ3MTI5Ml5BMl5BanBnXkFtZTcwNzcyNTE0MQ@@._V1_SX300.jpg,"[{'Source': 'Internet Movie Database', 'Value': '7.2/10'}]",,7.2,"2,287",tt0487849,series,,,,,True,5.0,Pocoyo
335,Total Drama Island: Reboot,2023–2024,TV-PG,20 Oct 2023,,"Animation, Action, Adventure",,"Tom McGillis, Jennifer Pertsch","Terry McGurrin, Deven Christian Mack, Eman Ayaz",The most funny and dangerous reality cartoon show Total Drama is back with even more dangerous challenges.,English,Canada,3 nominations total,https://m.media-amazon.com/images/M/MV5BYzBlZWRlMDUtOTU2OS00NTNhLTk1ZjUtODNhMDM1Nzg5MGRiXkEyXkFqcGc@._V1_SX300.jpg,"[{'Source': 'Internet Movie Database', 'Value': '7.4/10'}]",,7.4,675,tt29116817,series,,,,,True,1.0,Total Drama Island: Reboot
336,Kath & Kim,2002–2007,TV-MA,16 May 2002,26 min,Comedy,,"Gina Riley, Jane Turner","Jane Turner, Gina Riley, Glenn Robbins","A mother, her daughter, and their respective ""hunks of spunk"" negotiate life in suburban Australia.",English,Australia,9 wins & 23 nominations total,https://m.media-amazon.com/images/M/MV5BMGUyYjliMzgtMWE3Mi00ODA5LTk3OTMtYzJjOTk4ZDA4YTIwXkEyXkFqcGc@._V1_SX300.jpg,"[{'Source': 'Internet Movie Database', 'Value': '8.4/10'}]",,8.4,"5,601",tt0272397,series,,,,,True,4.0,Kath & Kim
337,Friends with Money,2006,R,21 Apr 2006,88 min,"Comedy, Drama, Romance",Nicole Holofcener,Nicole Holofcener,"Jennifer Aniston, Frances McDormand, Catherine Keener","After she quits her lucrative job, Olivia finds herself unsure about her future and her relationships with her successful and wealthy friends.","English, Spanish",United States,2 wins & 2 nominations,https://m.media-amazon.com/images/M/MV5BMjE3Mjc3NjQ5NV5BMl5BanBnXkFtZTYwMjY5MjE3._V1_SX300.jpg,"[{'Source': 'Internet Movie Database', 'Value': '5.8/10'}, {'Source': 'Metacritic', 'Value': '68/100'}]",68.0,5.8,"32,384",tt0436331,movie,12 Sep 2006,"$13,368,437",,,True,,Friends with Money
338,Ip Man 2,2010,R,29 Apr 2010,108 min,"Action, Biography, Drama",Wilson Yip,"Tai-Lee Chan, Hiu-Yan Choi, David Tadman","Donnie Yen, Xiaoming Huang, Sammo Kam-Bo Hung",Centering on Ip Man's migration to Hong Kong in 1949 as he attempts to propagate his discipline of Wing Chun martial arts.,"Cantonese, Chinese, English","Hong Kong, China",6 wins & 10 nominations total,https://m.media-amazon.com/images/M/MV5BYzEzYTBmYjgtNjQzMi00YmNiLTkyZGItOGFhMzEzOWY3MjI4XkEyXkFqcGc@._V1_SX300.jpg,"[{'Source': 'Internet Movie Database', 'Value': '7.5/10'}, {'Source': 'Rotten Tomatoes', 'Value': '97%'}, {'Source': 'Metacritic', 'Value': '67/100'}]",67.0,7.5,"114,764",tt1386932,movie,,"$205,675",,,True,,Ip Man 2
339,Life as We Know It,2010,PG-13,08 Oct 2010,114 min,"Comedy, Drama, Romance",Greg Berlanti,"Ian Deitchman, Kristin Rusk Robinson","Katherine Heigl, Josh Duhamel, Josh Lucas",Two single adults become caregivers to an orphaned girl when their mutual best friends die in an accident.,English,United States,2 nominations total,https://m.media-amazon.com/images/M/MV5BMTc1OTQzNzE0Nl5BMl5BanBnXkFtZTcwNDU4NDk3Mw@@._V1_SX300.jpg,"[{'Source': 'Internet Movie Database', 'Value': '6.5/10'}, {'Source': 'Rotten Tomatoes', 'Value': '29%'}, {'Source': 'Metacritic', 'Value': '39/100'}]",39.0,6.5,"142,715",tt1055292,movie,,"$53,374,681",,,True,,Life as We Know It
340,Death at a Funeral,2007,R,07 Sep 2007,90 min,Comedy,Frank Oz,Dean Craig,"Matthew Macfadyen, Peter Dinklage, Ewen Bremner",Chaos ensues when a man tries to expose a dark secret regarding a recently deceased patriarch of a dysfunctional British family.,English,"Netherlands, United Kingdom, Germany, United States",3 wins & 2 nominations total,https://m.media-amazon.com/images/M/MV5BMjE4OTIyNTM1MF5BMl5BanBnXkFtZTcwMjUzNTg0MQ@@._V1_SX300.jpg,"[{'Source': 'Internet Movie Database', 'Value': '7.3/10'}, {'Source': 'Metacritic', 'Value': '67/100'}]",67.0,7.3,"123,501",tt0795368,movie,,"$8,580,428",,,True,,Death at a Funeral
341,Jackass 2.5,2007,Unrated,19 Dec 2007,64 min,"Documentary, Action, Comedy",Jeff Tremaine,Loomis Fall (concepts by),"Johnny Knoxville, Bam Margera, Preston Lacy, Dave England",The Jackass crew reunite to discuss their experiences with Jackass Number Two and show off some unused content and ideas.,"English, Russian",USA,,https://m.media-amazon.com/images/M/MV5BODg4MTExNTY3M15BMl5BanBnXkFtZTcwMDEwMzU1MQ@@._V1_SX300.jpg,"[{'Source': 'Internet Movie Database', 'Value': '6.4/10'}]",,6.4,"20,652",tt1117523,movie,,,,,True,,Jackass 2.5
342,Premonition,2007,PG-13,16 Mar 2007,96 min,"Drama, Fantasy, Mystery",Mennan Yapo,Bill Kelly,"Sandra Bullock, Julian McMahon, Amber Valletta",A woman has a precognitive vision of her husband's death.,English,United States,2 nominations total,https://m.media-amazon.com/images/M/MV5BZWFiMTdmZjMtODMyOC00NjUwLTg2ODAtMGFmNDBhZmFlYmZhXkEyXkFqcGc@._V1_SX300.jpg,"[{'Source': 'Internet Movie Database', 'Value': '5.9/10'}, {'Source': 'Rotten Tomatoes', 'Value': '8%'}, {'Source': 'Metacritic', 'Value': '29/100'}]",29.0,5.9,"84,046",tt0477071,movie,,"$47,852,604",,,True,,Premonition
343,Soul Plane,2004,R,28 May 2004,86 min,Comedy,Jessy Terrero,"Bo Zenga, Chuck Wilson","Dwayne Adway, Snoop Dogg, Tom Arnold","Things get raucously funny aboard the maiden flight of a black-owned airline, thanks to some last-minute passenger additions.","English, Spanish",United States,1 nomination total,https://m.media-amazon.com/images/M/MV5BMTc5NDcxNjg5N15BMl5BanBnXkFtZTcwMDIyNzczMw@@._V1_SX300.jpg,"[{'Source': 'Internet Movie Database', 'Value': '4.5/10'}, {'Source': 'Rotten Tomatoes', 'Value': '16%'}, {'Source': 'Metacritic', 'Value': '33/100'}]",33.0,4.5,"25,548",tt0367085,movie,,"$14,190,750",,,True,,Soul Plane
344,Metallica: Some Kind of Monster,2004,Not Rated,01 Sep 2004,84 min,"Documentary, Music","Joe Berlinger, Bruce Sinofsky",,"James Hetfield, Kirk Hammett, Lars Ulrich","The iconic metal band struggles for two years to create their album St. Anger, dealing with alcoholism, the loss of their bass player, and the challenge of working with a psychotherapist.",English,United States,6 wins & 4 nominations total,https://m.media-amazon.com/images/M/MV5BMjA4MzY1Nzc3NF5BMl5BanBnXkFtZTYwMzUxNTU3._V1_SX300.jpg,"[{'Source': 'Internet Movie Database', 'Value': '7.5/10'}, {'Source': 'Rotten Tomatoes', 'Value': '88%'}, {'Source': 'Metacritic', 'Value': '74/100'}]",74.0,7.5,"20,828",tt0387412,movie,,"$1,222,708",,,True,,Metallica: Some Kind of Monster
345,The Texas Chainsaw Massacre: The Beginning,2006,R,06 Oct 2006,91 min,Horror,Jonathan Liebesman,"Sheldon Turner, David J. Schow","Jordana Brewster, Matt Bomer, Diora Baird","Before being sent to serve in Vietnam, two brothers and their girlfriends take one last road trip, but when they get into an accident, a terrifying experience will take them to a secluded house of horrors, with a chainsaw-wielding...",English,United States,6 nominations total,https://m.media-amazon.com/images/M/MV5BZjBmZjYyMDktODIzZi00NDM3LWIxZDktYzkxZGJhNTk5MGEzXkEyXkFqcGc@._V1_SX300.jpg,"[{'Source': 'Internet Movie Database', 'Value': '5.8/10'}, {'Source': 'Rotten Tomatoes', 'Value': '15%'}, {'Source': 'Metacritic', 'Value': '30/100'}]",30.0,5.8,"80,366",tt0420294,movie,,"$39,517,763",,,True,,The Texas Chainsaw Massacre: The Beginning
346,The Contractor,2022,R,01 Apr 2022,103 min,"Action, Drama, Thriller",Tarik Saleh,J.P. Davis,"Chris Pine, Gillian Jacobs, Sander Thomas","A discharged U.S. Army Special Operations Forces sergeant, James Harper, risks everything for his family when he joins a private contracting organization.",English,United States,2 nominations total,https://m.media-amazon.com/images/M/MV5BMTQzZTc0NGEtZTgzNC00NmZkLWE5OTEtM2U1ODVhNWY1ZDAzXkEyXkFqcGc@._V1_SX300.jpg,"[{'Source': 'Internet Movie Database', 'Value': '5.8/10'}, {'Source': 'Metacritic', 'Value': '52/100'}]",52.0,5.8,"33,285",tt10323676,movie,,"$1,035,265",,,True,,The Contractor
347,Ouran High School Host Club,2006,TV-14,05 Apr 2006,1 min,"Animation, Comedy, Romance",,,"Maaya Sakamoto, Mamoru Miyano, Masaya Matsukaze","You'll fall for the Ouran Host Club: Tamaki's truly romantic. Kaoru and Hikaru display brotherly love, Kyoya's brainy, Honey's innocent, and Mori's manly. Oh, and don't forget Haruhi. He knows what girls want, because he's a girl ...","Japanese, English",Japan,,https://m.media-amazon.com/images/M/MV5BMGMzZTQyMmUtNWUwZS00NDU2LWE1Y2YtZWVkNGM1MGNkZDFjXkEyXkFqcGc@._V1_SX300.jpg,"[{'Source': 'Internet Movie Database', 'Value': '8.1/10'}]",,8.1,"13,051",tt0816397,series,,,,,True,1.0,Ouran High School Host Club
348,Masha and the Bear,2007–,TV-Y,19 Dec 2007,7 min,"Animation, Short, Adventure",,Oleg Kuzovkov,"Boris Kutnevich, Alina Kukushkina, Oriana Medina",A retired circus bear settles into the woods and prepares for a quiet new life surrounded by peace and tranquility until he is introduced to an adventurous little girl named Masha.,Russian,Russia,5 wins & 9 nominations total,https://m.media-amazon.com/images/M/MV5BZjhmZmFkZjktYjIxNy00YmQyLWI0ZTAtNGM1N2FmMzAyOTQxXkEyXkFqcGc@._V1_SX300.jpg,"[{'Source': 'Internet Movie Database', 'Value': '7.3/10'}]",,7.3,"4,216",tt1884856,series,,,,,True,5.0,Masha and the Bear
349,Louis C.K.: Hilarious,2010,Not Rated,26 Jan 2010,82 min,Comedy,Louis C.K.,Louis C.K.,Louis C.K.,"In this unique and dynamic live concert experience, Louis C.K.'s exploration of life after 40 destroys politically correct images of modern life with thoughts we have all had...but would rarely admit to.",English,United States,Nominated for 2 Primetime Emmys. 2 nominations total,https://m.media-amazon.com/images/M/MV5BNTQyODYyNzcxN15BMl5BanBnXkFtZTgwOTA3MzcwMzE@._V1_SX300.jpg,"[{'Source': 'Internet Movie Database', 'Value': '8.3/10'}]",,8.3,"12,985",tt1421373,movie,,,,,True,,Louis C.K.: Hilarious
350,Mobile Suit Gundam Unicorn,2010–2014,TV-PG,20 Feb 2010,,"Animation, Action, Drama",Kazuhiro Furuhashi,Yoshiyuki Tomino,"Troy Baker, Yuri Lowenthal, Colleen O'Shaughnessey","A conspiracy around Laplace's Box is potentially going to start another war between the Earth Federation and Neo Zeon. Chosen by fate, Banagher Links gets the key to the box, and must follow his heart to decide what to do with it.",Japanese,Japan,2 wins & 2 nominations total,https://m.media-amazon.com/images/M/MV5BNDQxYjYyMTgtZDZiZi00ZjhmLWFmOTEtYzI4M2Q0YWMyNWQ5XkEyXkFqcGc@._V1_SX300.jpg,"[{'Source': 'Internet Movie Database', 'Value': '7.6/10'}]",,7.6,"1,775",tt1587790,series,,,,,True,1.0,Mobile Suit Gundam Unicorn
351,Wakfu,2007–2024,TV-Y7-FV,30 Oct 2008,24 min,"Animation, Action, Adventure",,,"Fanny Bloc, Geneviève Doang, Thomas Guitard",Saving the world from an evil madman? Not a problem for this kid. Finding his birth parents? That's the real adventure!,"English, French",France,,https://m.media-amazon.com/images/M/MV5BOTU3OTI5NTMtNzllYy00Y2Q2LTkzMTAtMTI5OWVlZDgxMmNmXkEyXkFqcGc@._V1_SX300.jpg,"[{'Source': 'Internet Movie Database', 'Value': '8.1/10'}]",,8.1,"2,155",tt1807824,series,,,,,True,4.0,Wakfu
352,Deck the Halls,2006,PG,22 Nov 2006,93 min,"Comedy, Family",John Whitesell,"Matt Corman, Chris Ord, Don Rhymer","Matthew Broderick, Danny DeVito, Kristin Chenoweth",Two neighbors have it out after one of them decorates his house for the holidays so brightly that it can be seen from space.,"English, German",United States,1 win & 8 nominations total,https://m.media-amazon.com/images/M/MV5BMTIzNjA4OTM0OV5BMl5BanBnXkFtZTcwMDgwODkzMQ@@._V1_SX300.jpg,"[{'Source': 'Internet Movie Database', 'Value': '5.1/10'}, {'Source': 'Rotten Tomatoes', 'Value': '6%'}, {'Source': 'Metacritic', 'Value': '28/100'}]",28.0,5.1,"36,325",tt0790604,movie,,"$35,093,569",,,True,,Deck the Halls
353,Takers,2010,PG-13,27 Aug 2010,107 min,"Action, Crime, Drama",John Luessenhop,"Peter Allen, Gabriel Casseus, John Luessenhop","Chris Brown, Hayden Christensen, Matt Dillon",A group of bank robbers find their multi-million dollar plan interrupted by a hard-boiled detective.,"English, Russian",United States,2 wins & 7 nominations total,https://m.media-amazon.com/images/M/MV5BMTg4ODg5NzkzNl5BMl5BanBnXkFtZTcwNzAyODM5Mw@@._V1_SX300.jpg,"[{'Source': 'Internet Movie Database', 'Value': '6.2/10'}, {'Source': 'Rotten Tomatoes', 'Value': '28%'}, {'Source': 'Metacritic', 'Value': '45/100'}]",45.0,6.2,"67,601",tt1135084,movie,,"$57,744,720",,,True,,Takers
354,Vampire Knight,2008,TV-14,07 Apr 2008,1 min,"Animation, Action, Drama",,,"Yui Horie, Mamoru Miyano, Daisuke Kishio","Yuki Cross, a student at the Cross Academy, acts as guardian to the school's vampire population.",Japanese,Japan,,https://m.media-amazon.com/images/M/MV5BOWU0ZjMxOTItNmRhYy00NjRlLTllMjgtYTdhYzBlMTgzYzY5XkEyXkFqcGc@._V1_SX300.jpg,"[{'Source': 'Internet Movie Database', 'Value': '7.2/10'}]",,7.2,"6,093",tt1209393,series,,,,,True,2.0,Vampire Knight
355,Boys Over Flowers,2009,TV-14,03 Apr 2022,70 min,"Comedy, Drama, Romance",,,"Ku Hye-Sun, Lee Min-ho, Kim Hyun-joong","Geum Jan Di gets a scholarship to the elite Shin Hwa High School. She is picked on by Gu Jun Pyo, one of the richest and most popular students, but soon Jun Pyo finds himself attracted to her.",Korean,South Korea,10 wins & 8 nominations,https://m.media-amazon.com/images/M/MV5BNjc4ZGYyMGItMGMyZC00ZjZjLTgwOGQtY2RmNDNjYTRlMjM2XkEyXkFqcGc@._V1_SX300.jpg,"[{'Source': 'Internet Movie Database', 'Value': '7.8/10'}]",,7.8,"15,137",tt1370334,series,,,,,True,1.0,Boys Over Flowers
356,Like Stars on Earth,2007,PG,21 Dec 2007,162 min,"Drama, Family",Aamir Khan,Amole Gupte,"Darsheel Safary, Aamir Khan, Tisca Chopra",A young boy is thought to be nothing but a lazy troublemaker until the new art teacher has the patience and compassion to discover the real problem behind his struggles in school.,"Hindi, English",India,28 wins & 18 nominations total,https://m.media-amazon.com/images/M/MV5BNjVmMTlkNGYtYTM2OC00Yjc2LWIyYmQtMDY4ZmU1MWRlMjA3XkEyXkFqcGc@._V1_SX300.jpg,"[{'Source': 'Internet Movie Database', 'Value': '8.3/10'}, {'Source': 'Rotten Tomatoes', 'Value': '93%'}]",,8.3,"222,669",tt0986264,movie,,"$1,223,869",,,True,,Like Stars on Earth
357,Did You Hear About the Morgans?,2009,PG-13,18 Dec 2009,103 min,"Comedy, Drama, Romance",Marc Lawrence,Marc Lawrence,"Hugh Grant, Sarah Jessica Parker, Sam Elliott","In New York City, an estranged couple who witness a murder are relocated to small town Wyoming as part of the Witness Protection Program.","English, Ukrainian, French, Italian, Spanish",United States,2 nominations total,https://m.media-amazon.com/images/M/MV5BMjUzMDY0NDYzN15BMl5BanBnXkFtZTcwNjgxMDI5Mg@@._V1_SX300.jpg,"[{'Source': 'Internet Movie Database', 'Value': '4.9/10'}, {'Source': 'Rotten Tomatoes', 'Value': '12%'}, {'Source': 'Metacritic', 'Value': '27/100'}]",27.0,4.9,"43,955",tt1314228,movie,,"$29,580,087",,,True,,Did You Hear About the Morgans?
358,Stuart Little 2,2002,PG,19 Jul 2002,77 min,"Adventure, Comedy, Family",Rob Minkoff,"E.B. White, Douglas Wick, Bruce Joel Rubin","Michael J. Fox, Geena Davis, Hugh Laurie",Stuart and Snowbell set out across town to rescue a friend.,English,United States,Nominated for 1 BAFTA Award1 win & 4 nominations total,https://m.media-amazon.com/images/M/MV5BMTYyNDg0Njc2Nl5BMl5BanBnXkFtZTYwMDc3NzQ3._V1_SX300.jpg,"[{'Source': 'Internet Movie Database', 'Value': '5.5/10'}, {'Source': 'Rotten Tomatoes', 'Value': '82%'}, {'Source': 'Metacritic', 'Value': '66/100'}]",66.0,5.5,"60,752",tt0243585,movie,,"$64,956,806",,,True,,Stuart Little 2
359,The Garfield Show,2008–2016,TV-Y7,02 Nov 2009,25 min,"Animation, Adventure, Comedy",,,"Frank Welker, Wally Wingert, Gregg Berger","A lasagne-loving pussycat adventures and explores the differences between good and bad, and right and wrong.","English, French","France, United States, India, Singapore",2 wins & 2 nominations total,https://m.media-amazon.com/images/M/MV5BZjIyMjI0MTMtZTdkNy00MTgzLThlOGQtYTkyYzI1MjA5Y2Y4XkEyXkFqcGc@._V1_SX300.jpg,"[{'Source': 'Internet Movie Database', 'Value': '5.7/10'}]",,5.7,"3,987",tt1470837,series,,,,,True,5.0,The Garfield Show
360,Ben & Holly's Little Kingdom,2009–2013,TV-Y,06 Apr 2009,10 min,"Animation, Short, Adventure",,"Neville Astley, Mark Baker","Preston Nyman, Sian Taylor, Sarah Ann Kennedy",The friendship between fairy princess Holly and Ben Elf in the magical Kingdom of elves and fairies.,English,United Kingdom,Won 1 BAFTA Award2 wins total,https://m.media-amazon.com/images/M/MV5BMGQyZGZmNTYtZmRhZi00ODE1LWJjMzEtMjM4YjVmYzE1MjhmXkEyXkFqcGc@._V1_SX300.jpg,"[{'Source': 'Internet Movie Database', 'Value': '7.4/10'}]",,7.4,"1,915",tt1436544,series,,,,,True,3.0,Ben & Holly's Little Kingdom
361,Half Past Dead,2002,PG-13,15 Nov 2002,98 min,"Action, Crime, Thriller",Don Michael Paul,Don Michael Paul,"Morris Chestnut, Steven Seagal, Matt Battaglia",A man goes undercover in a hi-tech prison to find information to help prosecute those who killed his wife. While there he stumbles onto a plot involving a death-row inmate and his $200 million stash of gold.,English,"United States, Germany",4 nominations,https://m.media-amazon.com/images/M/MV5BMjYzYTRhOGEtYjcxZi00ZGJmLWI5ZjMtNWVhZTZhYmQwNmY0XkEyXkFqcGc@._V1_SX300.jpg,"[{'Source': 'Internet Movie Database', 'Value': '4.6/10'}, {'Source': 'Rotten Tomatoes', 'Value': '3%'}, {'Source': 'Metacritic', 'Value': '23/100'}]",23.0,4.6,"17,031",tt0297162,movie,,"$15,567,860",,,True,,Half Past Dead
362,Code Lyoko,2003–2007,TV-Y7,19 Apr 2004,26 min,"Animation, Action, Adventure",,"Thomas Romain, Manuel Valdivia, Chus Vallejo","Sharon Mann, Mirabelle Kirkland, Matthew Géczy","When a group of four boarding school students discover a supercomputer housed inside an abandoned factory, they find a virtual world called Lyoko and awaken a sentient multi-agent system virus that tries to take over the real world.","English, French","France, Belgium",,https://m.media-amazon.com/images/M/MV5BOTYyZjFhNmYtMDcwMS00MjcwLTk5MGUtZGYzNTY3ZTAyZDAxXkEyXkFqcGc@._V1_SX300.jpg,"[{'Source': 'Internet Movie Database', 'Value': '7.3/10'}]",,7.3,"5,928",tt0417311,series,,,,,True,4.0,Code Lyoko
363,DreamWorks Shrek's Swamp Stories,2010,TV-PG,28 Oct 2010,30 min,"Animation, Comedy, Family",,,"Eddie Murphy, Antonio Banderas, Mike Myers",Shrek and his pals have a series of adventures.,English,United States,,https://m.media-amazon.com/images/M/MV5BZTVmNjkwZDEtYTIzMS00ZWRmLWIzN2UtNmFkZmEyODg5ZDMxXkEyXkFqcGc@._V1_SX300.jpg,"[{'Source': 'Internet Movie Database', 'Value': '6.6/10'}]",,6.6,614,tt6950338,series,,,,,True,1.0,DreamWorks Shrek's Swamp Stories
364,Christmas with the Kranks,2004,PG,24 Nov 2004,99 min,"Comedy, Family",Joe Roth,"John Grisham, Chris Columbus","Tim Allen, Jamie Lee Curtis, Dan Aykroyd","With their daughter Blair away in Peru, Luther and Nora Krank decide to skip Christmas altogether until she decides to come home, causing an uproar when they must celebrate it at the last minute.","English, Spanish",United States,3 wins & 4 nominations total,https://m.media-amazon.com/images/M/MV5BMTQxMDMxODEwNF5BMl5BanBnXkFtZTYwNzM4OTc2._V1_SX300.jpg,"[{'Source': 'Internet Movie Database', 'Value': '5.5/10'}, {'Source': 'Rotten Tomatoes', 'Value': '5%'}, {'Source': 'Metacritic', 'Value': '22/100'}]",22.0,5.5,"61,619",tt0388419,movie,,"$73,780,539",,,True,,Christmas with the Kranks
365,The Game,1997,R,12 Sep 1997,129 min,"Drama, Mystery, Thriller",David Fincher,"John Brancato, Michael Ferris","Michael Douglas, Deborah Kara Unger, Sean Penn",A mysterious game invades a man's ordered existence.,"English, Cantonese, German, Spanish, Thai",United States,1 nomination total,https://m.media-amazon.com/images/M/MV5BNGUzNzQwNmMtNzI3Mi00ZDIwLWJlM2ItMTA5N2Q2ZDMxMjJiXkEyXkFqcGc@._V1_SX300.jpg,"[{'Source': 'Internet Movie Database', 'Value': '7.7/10'}, {'Source': 'Rotten Tomatoes', 'Value': '77%'}, {'Source': 'Metacritic', 'Value': '63/100'}]",63.0,7.7,"455,946",tt0119174,movie,,"$48,323,648",,,True,,The Game
366,Monty Python: Almost the Truth - The Lawyer's Cut,2009,TV-G,18 Oct 2009,54 min,"Documentary, Biography",,,"Eric Idle, John Cleese, Michael Palin",A documentary on the history on British comedy group Monty Python. Features interviews with the five surviving members plus other comedians and artists whose careers they have influenced.,English,United Kingdom,Nominated for 2 Primetime Emmys. 2 nominations total,https://m.media-amazon.com/images/M/MV5BNmNlMDUwMGMtMTllOS00MmVjLTg2YTEtYmM5NjFkOWI4NzU1XkEyXkFqcGc@._V1_SX300.jpg,"[{'Source': 'Internet Movie Database', 'Value': '8.1/10'}]",,8.1,"1,938",tt1422182,series,,,,,True,1.0,Monty Python: Almost the Truth - The Lawyer's Cut
367,Alpha and Omega,2010,PG,17 Sep 2010,90 min,"Animation, Adventure, Comedy","Anthony Bell, Ben Gluck","Steve Moore, Chris Denk","Hayden Panettiere, Christina Ricci, Justin Long","Two young wolves at opposite ends of their pack's social order are thrown together into a foreign land and need each other to return home, but love complicates everything.",English,"United States, India, Canada",1 nomination total,https://m.media-amazon.com/images/M/MV5BMTg4NzQ1ODcxMF5BMl5BanBnXkFtZTcwMDg0MTU2Mw@@._V1_SX300.jpg,"[{'Source': 'Internet Movie Database', 'Value': '5.1/10'}, {'Source': 'Rotten Tomatoes', 'Value': '20%'}, {'Source': 'Metacritic', 'Value': '36/100'}]",36.0,5.1,"15,775",tt1213012,movie,,"$25,107,267",,,True,,Alpha and Omega
368,Pororo the Little Penguin,2003–,TV-Y,,,"Animation, Adventure, Comedy",,,"Sun Lee, Ham Soo-Jeong, So-yeong Hong","The adventures, escapades and mishaps of Pororo the little penguin and his many varied friends.","Korean, English, Japanese","North Korea, South Korea",,https://m.media-amazon.com/images/M/MV5BM2M4NDUyYzYtYmQyNi00MTA2LTg3NzYtYzA0ZDViMDVjZDYwXkEyXkFqcGc@._V1_SX300.jpg,"[{'Source': 'Internet Movie Database', 'Value': '5.8/10'}]",,5.8,184,tt3968668,series,,,,,True,6.0,Pororo the Little Penguin
369,The Legend of Bruce Lee,2008,TV-14,21 Sep 2010,45 min,"Action, Biography, Drama",,,"Danny Kwok-Kwan Chan, Ted Duran, Michael Jai White","The story of the legendary martial arts icon Bruce Lee following him from Hong Kong to America and back again, leading up to his tragic death at the age of 32.","Mandarin, English",China,,https://m.media-amazon.com/images/M/MV5BMjA4MDc3MTQ3NV5BMl5BanBnXkFtZTcwNDU4MDc5MQ@@._V1_SX300.jpg,"[{'Source': 'Internet Movie Database', 'Value': '6.8/10'}]",,6.8,"1,616",tt1059455,series,,,,,True,1.0,The Legend of Bruce Lee
370,Den-Noh Coil,2007,TV-14,12 May 2007,,"Animation, Adventure, Comedy",,Mitsuo Iso,"Hilary Haag, Monica Rial, Tiffany Grant","Eleven years after the introduction of internet-connected, augmented reality eyeglasses and visors, Yuuko Okonogi moves with her family to Daikoku City, the technological center of the emerging half-virtual world.",Japanese,Japan,1 win total,https://m.media-amazon.com/images/M/MV5BY2FkYjFlMDgtZWZkYi00ZGM5LThiZGEtNzhmMWJjN2I1YThmXkEyXkFqcGc@._V1_SX300.jpg,"[{'Source': 'Internet Movie Database', 'Value': '7.7/10'}]",,7.7,"1,079",tt1033796,series,,,,,True,1.0,Den-Noh Coil
371,Open Season 2,2008,PG,24 Sep 2008,76 min,"Animation, Adventure, Comedy","Matthew O'Callaghan, Todd Wilderman","David I. Stern, John B. Carls, Jill Culton","Joel McHale, Mike Epps, Jane Krakowski","After falling head over hooves in love with Giselle, Elliot's road to the altar takes a slight detour when Mr. Weenie is 'kidnapped' by his human owners. A rescue mission starts. Oh, and there's also a group of pampered pets.",English,"United States, Canada",2 nominations total,https://m.media-amazon.com/images/M/MV5BMTU4OTI5MTU4Nl5BMl5BanBnXkFtZTgwMTQ1ODA4MDE@._V1_SX300.jpg,"[{'Source': 'Internet Movie Database', 'Value': '5.5/10'}]",,5.5,"28,296",tt1107365,movie,,,,,True,,Open Season 2
372,Initial D,2005,TV-PG,23 Jun 2005,107 min,"Action, Comedy, Drama","Wai Keung Lau, Alan Mak, Ralph Rieckermann","Shuichi Shigeno, Felix Chong","Jay Chou, Anthony Chau-Sang Wong, Edison Chen","After winning his first competition, Takumi focuses his attention on drift racing, a sport he has unknowingly perfected while delivering tofu in his father's Toyota AE86.","Cantonese, English","China, Hong Kong",12 wins & 18 nominations total,https://m.media-amazon.com/images/M/MV5BYTM2ZDRjNzQtM2VhYS00N2I3LWFkYTQtZDk3MjU5ZDEwMDRlXkEyXkFqcGc@._V1_SX300.jpg,"[{'Source': 'Internet Movie Database', 'Value': '6.4/10'}, {'Source': 'Metacritic', 'Value': '48/100'}]",48.0,6.4,"10,271",tt0439630,movie,17 Jan 2006,,,,True,,Initial D
373,Naruto Shippuden the Movie: Blood Prison,2011,TV-14,18 Feb 2014,108 min,"Animation, Action, Mystery",Masahiko Murata,"Akira Higashiyama, Masashi Kishimoto","Junko Takeuchi, Chie Nakamura, Rikiya Koyama",Naruto Uzumaki is framed and sent to an inescapable prison where he must escape by any means necessary.,Japanese,Japan,1 nomination total,https://m.media-amazon.com/images/M/MV5BZTgwZDkyODktYjk0My00NTVhLWIxMmQtMGY4ODYzMTlhYmE5XkEyXkFqcGc@._V1_SX300.jpg,"[{'Source': 'Internet Movie Database', 'Value': '7.1/10'}]",,7.1,"6,406",tt1999167,movie,,,,,True,,Naruto Shippuden the Movie: Blood Prison
374,Gifted Hands: The Ben Carson Story,2009,Not Rated,07 Feb 2009,90 min,"Biography, Drama",Thomas Carter,John Pielmeier,"Cuba Gooding Jr., Kimberly Elise, Aunjanue Ellis-Taylor","Biography of Ben Carson who grew up to be Dr. Ben Carson, a world famous neurosurgeon at Johns Hopkins.",English,United States,Nominated for 4 Primetime Emmys. 8 wins & 16 nominations total,https://m.media-amazon.com/images/M/MV5BN2IzMWFkNjktNzU0My00YjQ3LWI0NDctYTMzMWIzYTU2NDE0XkEyXkFqcGc@._V1_SX300.jpg,"[{'Source': 'Internet Movie Database', 'Value': '7.4/10'}]",,7.4,"19,527",tt1295085,movie,,,,,True,,Gifted Hands: The Ben Carson Story
375,One Piece: Strong World,2009,TV-14,19 Nov 2013,113 min,"Animation, Action, Adventure",Munehisa Sakai,"Eiichirô Oda, Hirohiko Uesaka","Felecia Angelle, Bryan Baker, Jeff Banks","Straw Hat Pirates must save their navigator and stop the legendary Pirate, Shiki the Golden Lion from conquering East Blue.",Japanese,Japan,6 nominations total,https://m.media-amazon.com/images/M/MV5BMTA5MTM5YWQtNzE1Yi00OWUyLTk1MWItMWVkODM4ZGM5OWUzXkEyXkFqcGc@._V1_SX300.jpg,"[{'Source': 'Internet Movie Database', 'Value': '7.4/10'}]",,7.4,"8,082",tt1485763,movie,,,,,True,,One Piece: Strong World
376,Chaos,2005,R,15 Dec 2005,106 min,"Action, Crime, Drama",Tony Giglio,Tony Giglio,"Jason Statham, Ryan Phillippe, Wesley Snipes","Two cops, a rookie and a grizzled vet, pursue an accomplished bank robber.",English,"United Kingdom, Canada, United States",,https://m.media-amazon.com/images/M/MV5BMTc3NDU0MTgyN15BMl5BanBnXkFtZTcwNjgwMzY4NA@@._V1_SX300.jpg,"[{'Source': 'Internet Movie Database', 'Value': '6.4/10'}]",,6.4,"58,750",tt0402910,movie,,,,,True,,Chaos
377,Waist Deep,2006,R,23 Jun 2006,97 min,"Action, Crime, Drama",Vondie Curtis-Hall,"Vondie Curtis-Hall, Darin Scott, Michael Mahern","Tyrese Gibson, Meagan Good, Larenz Tate",An ex-convict (Tyrese) gets tangled up with a gang after his car is hijacked with his son inside.,English,United States,4 nominations,https://m.media-amazon.com/images/M/MV5BODQ3OTkxNTgyN15BMl5BanBnXkFtZTcwMjA0ODQzMQ@@._V1_SX300.jpg,"[{'Source': 'Internet Movie Database', 'Value': '5.8/10'}, {'Source': 'Rotten Tomatoes', 'Value': '28%'}, {'Source': 'Metacritic', 'Value': '37/100'}]",37.0,5.8,"10,650",tt0456020,movie,,"$21,344,312",,,True,,Waist Deep
378,Trailer Park Boys: The Movie,2006,R,06 Oct 2006,95 min,"Comedy, Crime",Mike Clattenburg,"Mike Clattenburg, Robb Wells","Robb Wells, John Paul Tremblay, Mike Smith","Ricky, Julian, and Bubbles come up with a scheme to steal large amounts of untraceable coins.",English,"Canada, United States",3 nominations total,https://m.media-amazon.com/images/M/MV5BMTY5Mzg4MDM1M15BMl5BanBnXkFtZTcwNTk4MzkzMQ@@._V1_SX300.jpg,"[{'Source': 'Internet Movie Database', 'Value': '7.1/10'}, {'Source': 'Rotten Tomatoes', 'Value': '57%'}, {'Source': 'Metacritic', 'Value': '38/100'}]",38.0,7.1,"13,792",tt0425601,movie,04 Feb 2014,"$3,860,678",,,True,,Trailer Park Boys: The Movie
379,Johnny Test,2005–2014,TV-Y7,17 Sep 2005,1 min,"Animation, Action, Adventure",,"Scott Fellows, Kate Boutilier, Eryk Casemiro","James Arnold Taylor, Maryke Hendrikse, Jeff Bennett","The adventures of average suburban boy Johnny Test, who wittingly plays test subject for his genius twin sisters' various experiments, reluctantly fighting evil villains in the process.",English,"United States, Canada",1 win & 5 nominations total,https://m.media-amazon.com/images/M/MV5BMTcyYTIwOWMtYTFjNS00NTA1LWE5ODItMmY4MjEwMTYxYjg5XkEyXkFqcGc@._V1_SX300.jpg,"[{'Source': 'Internet Movie Database', 'Value': '5.4/10'}]",,5.4,"10,400",tt0454349,series,,,,,True,7.0,Johnny Test
380,Tito,2004,,18 Aug 2004,120 min,"Action, Crime, Drama",Tarek Alarian,"Tarek Alarian, Mohamed Hefzy","Ahmed El Sakka, Hanan Turk, Amr Waked","This Egyptian action film is about Tito (Ahmad Al Saqa), who was sentenced to 16 years in jail after a burglary when he was a kid. After he gets out, he goes back to crime with a corrupt police officer (Khaled Saleh), but also bef...",Arabic,Egypt,4 wins,https://m.media-amazon.com/images/M/MV5BYTI2ZGQ1NmMtMGVhZi00ZTQxLTg2Y2EtYzZiZDZhNDRmNDIxXkEyXkFqcGc@._V1_SX300.jpg,"[{'Source': 'Internet Movie Database', 'Value': '7.3/10'}, {'Source': 'Rotten Tomatoes', 'Value': '67%'}]",,7.3,"3,742",tt0417202,movie,,,,,True,,Tito
381,Even the Rain,2010,Not Rated,05 Jan 2011,103 min,"Drama, History",Icíar Bollaín,Paul Laverty,"Gael García Bernal, Luis Tosar, Karra Elejalde","As a director and his crew shoot a controversial film about Christopher Columbus in Cochabamba, Bolivia, local people rise up against plans to privatize the water supply.","Spanish, Quechua, English","Spain, Mexico, France",22 wins & 17 nominations,https://m.media-amazon.com/images/M/MV5BYzFhN2JlN2ItN2UxNy00Y2ZjLTkwNTEtOGE5NTI1ZWJiZmZhXkEyXkFqcGc@._V1_SX300.jpg,"[{'Source': 'Internet Movie Database', 'Value': '7.4/10'}, {'Source': 'Rotten Tomatoes', 'Value': '87%'}, {'Source': 'Metacritic', 'Value': '69/100'}]",69.0,7.4,"14,369",tt1422032,movie,,"$518,017",,,True,,Even the Rain
382,Katt Williams: The Pimp Chronicles Pt. 1,2006,TV-MA,16 Sep 2006,45 min,"Documentary, Comedy","Anthony Anderson, Gary Binkow, James Yukich",Katt Williams,"Katt Williams, Anthony Anderson, André 3000","In-demand comedian Katt Williams offers up The Pimp Chronicles courtesy of HBO. Williams shares his thoughts on such topics as drugs, politics and pop culture in this special event.",English,United States,,https://m.media-amazon.com/images/M/MV5BZDRmOTJmZTEtMDBjZC00Y2NkLTk1ZDUtMjNlZjdiNDBhNjcwXkEyXkFqcGc@._V1_SX300.jpg,"[{'Source': 'Internet Movie Database', 'Value': '7.7/10'}]",,7.7,"2,190",tt0865482,movie,,,,,True,,Katt Williams: The Pimp Chronicles Pt. 1
383,Bo on the GO!,2007–,TV-Y,03 Sep 2007,22 min,"Animation, Family, Fantasy",,"Michael Donovan, Jeff Rosen, Cheryl Wagner","Andrew Sabiston, Catherine O'Connor, Jim Fowler",A girl named Bo and Deezy the dragon encourage viewers to move with them to help them overcome obstacles in their adventures.,English,Canada,,https://m.media-amazon.com/images/M/MV5BZjJjOTM0MzItY2VkNi00MmM0LTllZWMtNDg2OTU5MDk3ZmE2XkEyXkFqcGc@._V1_SX300.jpg,"[{'Source': 'Internet Movie Database', 'Value': '4.5/10'}]",,4.5,172,tt1516172,series,,,,,True,3.0,Bo on the GO!
384,Udaan,2010,Not Rated,16 Jul 2010,134 min,Drama,Vikramaditya Motwane,"Vikramaditya Motwane, Anurag Kashyap, Devanshu Singh","Rajat Barmecha, Ronit Roy, Manjot Singh","Expelled from his school, a 16-year old boy returns home to his abusive and oppressive father.",Hindi,India,23 wins & 22 nominations total,https://m.media-amazon.com/images/M/MV5BNzgxMzExMzUwNV5BMl5BanBnXkFtZTcwMDc2MjUwNA@@._V1_SX300.jpg,"[{'Source': 'Internet Movie Database', 'Value': '8.1/10'}]",,8.1,"48,822",tt1639426,movie,,"$7,461",,,True,,Udaan
385,Om Shanti Om,2007,Not Rated,09 Nov 2007,162 min,"Action, Comedy, Drama",Farah Khan,"Farah Khan, Mushtaq Shiekh, Mayur Puri","Shah Rukh Khan, Deepika Padukone, Arjun Rampal","In the 1970s, Om, an aspiring actor, is murdered, but is immediately reincarnated into the present day. He attempts to discover the mystery of his demise and find Shanti, the love of his previous life.","Hindi, Urdu",India,38 wins & 30 nominations total,https://m.media-amazon.com/images/M/MV5BZTgyNWUxNjItYTgxNi00ZDMzLThiMGItYjVlMjQ4NzkzOThlXkEyXkFqcGc@._V1_SX300.jpg,"[{'Source': 'Internet Movie Database', 'Value': '6.8/10'}, {'Source': 'Rotten Tomatoes', 'Value': '80%'}]",,6.8,"53,551",tt1024943,movie,,"$3,597,372",,,True,,Om Shanti Om
386,Trailer Park Boys: Countdown to Liquor Day,2009,R,25 Sep 2009,102 min,"Comedy, Crime",Mike Clattenburg,"Mike Clattenburg, Robb Wells, John Paul Tremblay","Robb Wells, John Paul Tremblay, Mike Smith","The boys return from jail to find the park has deteriorated, with a brand new park being created beside it. They attempt a series of get rich quick schemes and robberies, while a freshly drunk Lahey threatens to derail their plans.",English,Canada,1 win & 2 nominations,https://m.media-amazon.com/images/M/MV5BMTExNzA5NDI5MTleQTJeQWpwZ15BbWU3MDg1NTc4NDU@._V1_SX300.jpg,"[{'Source': 'Internet Movie Database', 'Value': '7.3/10'}, {'Source': 'Rotten Tomatoes', 'Value': '60%'}]",,7.3,"8,016",tt1337032,movie,28 Feb 2017,,,,True,,Trailer Park Boys: Countdown to Liquor Day
387,Half & Half,2002–2006,TV-14,23 Sep 2002,30 min,Comedy,,Jeffrey Klarik,"Essence Atkins, Rachel True, Chico Benymon","Mona and Dee Dee are half-sisters with the same father who didn't really know each other when they were little and are complete opposites, but as adults they live in the same apartment building and at least try to bond.",English,United States,1 win & 18 nominations total,https://m.media-amazon.com/images/M/MV5BMzk4OTVkOTAtZDYzNC00ODRhLTg4ZDctODQ1NDcwNDBmNjE5XkEyXkFqcGc@._V1_SX300.jpg,"[{'Source': 'Internet Movie Database', 'Value': '7.1/10'}]",,7.1,"2,264",tt0320024,series,,,,,True,4.0,Half & Half
388,Kabhi Khushi Kabhie Gham...,2001,Not Rated,14 Dec 2001,210 min,"Drama, Musical, Romance",Karan Johar,"Karan Johar, Sheena Parikh","Shah Rukh Khan, Kajol, Amitabh Bachchan","After marrying a poor woman, rich Rahul is disowned by his father and moves to London to build a new life. Years later, his now-grown younger brother Rohan embarks on a mission to bring Rahul back home and reunite the family.","Hindi, English, Punjabi, Urdu","India, United Kingdom",27 wins & 47 nominations,https://m.media-amazon.com/images/M/MV5BN2MyZGVhNmMtY2JkNy00ZmIzLTkwOGItY2NiM2MyOGMxODkzXkEyXkFqcGc@._V1_SX300.jpg,"[{'Source': 'Internet Movie Database', 'Value': '7.4/10'}, {'Source': 'Rotten Tomatoes', 'Value': '100%'}]",,7.4,"58,366",tt0248126,movie,,"$2,902,000",,,True,,Kabhi Khushi Kabhie Gham...
389,Kal Ho Naa Ho,2003,Not Rated,28 Nov 2003,186 min,"Comedy, Drama, Musical",Nikkhil Advani,"Niranjan Iyengar, Karan Johar","Preity G Zinta, Shah Rukh Khan, Saif Ali Khan","Naina, an introverted, perpetually depressed girl's life changes when she meets Aman. But Aman has a secret of his own which changes their lives forever. Embroiled in all this is Rohit, Naina's best friend who conceals his love fo...","Hindi, English","India, Canada",45 wins & 47 nominations,https://m.media-amazon.com/images/M/MV5BMDNjZmRmMjEtMDA5NS00ZjIxLWJlYWQtNTIyM2FiZjg4NzM4XkEyXkFqcGc@._V1_SX300.jpg,"[{'Source': 'Internet Movie Database', 'Value': '7.9/10'}, {'Source': 'Rotten Tomatoes', 'Value': '70%'}, {'Source': 'Metacritic', 'Value': '54/100'}]",54.0,7.9,"77,007",tt0347304,movie,,"$1,991,922",,,True,,Kal Ho Naa Ho
390,Jab We Met,2007,Not Rated,26 Oct 2007,138 min,"Comedy, Drama, Romance",Imtiaz Ali,Imtiaz Ali,"Shahid Kapoor, Kareena Kapoor, Tarun Arora",A depressed wealthy businessman finds his life changing after he meets a spunky and care-free young woman.,Hindi,India,14 wins & 22 nominations,https://m.media-amazon.com/images/M/MV5BYmEyMmYyOTgtM2I0My00M2QyLWJhYTYtNmNhOGYzMzQwMjVhXkEyXkFqcGc@._V1_SX300.jpg,"[{'Source': 'Internet Movie Database', 'Value': '7.9/10'}, {'Source': 'Rotten Tomatoes', 'Value': '100%'}]",,7.9,"60,625",tt1093370,movie,,,,,True,,Jab We Met
391,From Within,2008,R,03 Jun 2009,89 min,"Horror, Mystery, Thriller",Phedon Papamichael,Brad Keene,"Elizabeth Rice, Thomas Dekker, Kelly Blatz",A small Maryland town is gripped by a curse which causes residents to take their own life one after another.,English,United States,6 wins & 1 nomination,https://m.media-amazon.com/images/M/MV5BMjEwOTMyOTE3Ml5BMl5BanBnXkFtZTcwMjkyNTg0Mg@@._V1_SX300.jpg,"[{'Source': 'Internet Movie Database', 'Value': '5.6/10'}]",,5.6,"8,057",tt1063056,movie,,,,,True,,From Within
392,Black Friday,2004,Not Rated,09 Feb 2007,143 min,"Action, Crime, Drama",Anurag Kashyap,"Anurag Kashyap, Hussain Zaidi, Piyush Mishra","Kay Kay Menon, Pawan Malhotra, Aditya Srivastav","A film about the investigations following the 1993 serial Bombay bomb blasts, told through the different stories of the people involved --police, conspirators, victims, middlemen.","Hindi, English",India,1 win & 7 nominations,https://m.media-amazon.com/images/M/MV5BZmUzYmJiMWItYWEyMC00N2VjLWEzNGQtODc4NDdmZDNmYTk0XkEyXkFqcGc@._V1_SX300.jpg,"[{'Source': 'Internet Movie Database', 'Value': '8.4/10'}, {'Source': 'Rotten Tomatoes', 'Value': '90%'}, {'Source': 'Metacritic', 'Value': '76/100'}]",76.0,8.4,"22,370",tt0400234,movie,,"$35,000",,,True,,Black Friday
393,Dreamworks Kung Fu Panda Awesome Secrets,2008,TV-PG,,30 min,"Animation, Action, Comedy",,,,"In this pair of adventures, Po tells the story of how masters Thundering Rhino, Storming Ox and Croc met and takes on Shifu's biggest challenge yet.",English,United States,,https://m.media-amazon.com/images/M/MV5BNWMxZjI1ZGEtMWE3Zi00NjNmLTg4OWYtZWE1MzU2NmNhZTdmXkEyXkFqcGdeQXVyNDY5MTUyNjU@._V1_SX300.jpg,"[{'Source': 'Internet Movie Database', 'Value': '6.4/10'}]",,6.4,148,tt6963796,series,,,,,True,1.0,Dreamworks Kung Fu Panda Awesome Secrets
394,Jodhaa Akbar,2008,Not Rated,15 Feb 2008,213 min,"Action, Drama, History",Ashutosh Gowariker,"Haidar Ali, Ashutosh Gowariker, K.P. Saxena","Hrithik Roshan, Aishwarya Rai Bachchan, Sonu Sood","A sixteenth century love story about a marriage of alliance that gave birth to true love between a great Mughal emperor, Akbar, and a Rajput princess, Jodha.","Hindi, Urdu",India,38 wins & 35 nominations total,https://m.media-amazon.com/images/M/MV5BNzg5YWI5YjMtMjhmNi00MDQxLTlmNWUtM2IzOWMzMDNhOTMzXkEyXkFqcGc@._V1_SX300.jpg,"[{'Source': 'Internet Movie Database', 'Value': '7.5/10'}, {'Source': 'Rotten Tomatoes', 'Value': '79%'}, {'Source': 'Metacritic', 'Value': '69/100'}]",69.0,7.5,"35,826",tt0449994,movie,,"$3,440,718",,,True,,Jodhaa Akbar
395,Dinosaur King,2007–2009,TV-Y7-FV,08 Sep 2007,49S min,"Animation, Action, Adventure",,,"Rebecca Soler, Matt Hoverman, David Zen Mansley",Max Taylor is the son of paleontologist Dr Spike Taylor and is a fan of dinosaurs.,"Japanese, English",Japan,,https://m.media-amazon.com/images/M/MV5BYzk3ZmY1YjYtMjEyZi00NDM4LTk2MWQtYTEwNmI1NGU4NDE1XkEyXkFqcGc@._V1_SX300.jpg,"[{'Source': 'Internet Movie Database', 'Value': '6.0/10'}]",,6.0,"1,103",tt1524993,series,,,,,True,2.0,Dinosaur King
396,Zach Galifianakis: Live at the Purple Onion,2006,Unrated,,90 min,"Documentary, Comedy",Michael Blieden,Zach Galifianakis,"Zach Galifianakis, Joe Wagner, Brian Unger","A master of the one-liner with an absurd rambling style, Zach's sharp, resonating humor makes his show at the famed Purple Onion in San Francisco one of the funniest performances in recent comedy.",English,United States,,https://m.media-amazon.com/images/M/MV5BMTcyMDg1MTEwMl5BMl5BanBnXkFtZTcwMjExMTY0MQ@@._V1_SX300.jpg,"[{'Source': 'Internet Movie Database', 'Value': '7.2/10'}]",,7.2,"4,264",tt0804558,movie,,,,,True,,Zach Galifianakis: Live at the Purple Onion
397,First Sunday,2008,PG-13,11 Jan 2008,96 min,"Comedy, Crime, Drama",David E. Talbert,David E. Talbert,"Ice Cube, Katt Williams, Tracy Morgan","Two bungling, petty criminal BFFs try to rob a church, but someone from staff beat them to it. They spend the night with the church staff to get the money.",English,United States,,https://m.media-amazon.com/images/M/MV5BMjE4MTYzMTMxMl5BMl5BanBnXkFtZTYwNzc0Nzc4._V1_SX300.jpg,"[{'Source': 'Internet Movie Database', 'Value': '4.6/10'}, {'Source': 'Metacritic', 'Value': '41/100'}]",41.0,4.6,"12,073",tt0486578,movie,,"$37,931,869",,,True,,First Sunday
398,Pedro el escamoso,2001–,TV-14,24 Aug 2001,60 min,Drama,,Claudia Sánchez Morales,"Wilson Rangel, Miguel Varoni, Javier Gómez","A colombian macho guy with feelings, a heart-breaker, an unintentional womanizer and a avid dancer.",Spanish,Colombia,,https://m.media-amazon.com/images/M/MV5BMjE4NzAwODM3MV5BMl5BanBnXkFtZTcwMDM5MzkyMQ@@._V1_SX300.jpg,"[{'Source': 'Internet Movie Database', 'Value': '7.4/10'}]",,7.4,447,tt0283770,series,,,,,True,1.0,Pedro el escamoso
399,Inuyasha the Movie: Affections Touching Across Time,2001,Not Rated,25 May 2005,100 min,"Animation, Action, Adventure",Toshiya Shinohara,"Rumiko Takahashi, Katsuyuki Sumizawa","Kappei Yamaguchi, Satsuki Yukino, Kôji Tsujitani","During their journey, Inuyasha, Kagome and their party are attacked by Menoumaru, a monster who is looking for Tessaiga, Inuyasha's sword, to an unknown end.",Japanese,Japan,,https://m.media-amazon.com/images/M/MV5BMTQ1MTI3MzA0Ml5BMl5BanBnXkFtZTcwOTY3MTcyMQ@@._V1_SX300.jpg,"[{'Source': 'Internet Movie Database', 'Value': '7.2/10'}]",,7.2,"2,950",tt0322645,movie,,,,,True,,Inuyasha the Movie: Affections Touching Across Time
400,Swades,2004,Not Rated,17 Dec 2004,189 min,"Drama, Musical",Ashutosh Gowariker,"M.G. Sathya, Ashutosh Gowariker, Sameer Sharma","Shah Rukh Khan, Gayatri Joshi, Kishori Ballal",A successful Indian scientist returns to an Indian village to take his nanny to America with him and in the process rediscovers his roots.,"Hindi, English","India, United States",18 wins & 26 nominations total,https://m.media-amazon.com/images/M/MV5BZWJlNmQ2NmQtM2U3Yi00MTZjLWI1YzktY2I2MmExMzgwNmE3XkEyXkFqcGc@._V1_SX300.jpg,"[{'Source': 'Internet Movie Database', 'Value': '8.2/10'}, {'Source': 'Rotten Tomatoes', 'Value': '89%'}]",,8.2,"100,779",tt0367110,movie,,"$1,223,240",,,True,,Swades
401,Bon Cop Bad Cop,2006,R,11 Aug 2006,117 min,"Action, Comedy, Crime",Erik Canuel,"Leila Basen, Alex Epstein, Patrick Huard","Michel Beaudry, Patrice Bélanger, Pierre Boudreau","Two Canadian detectives, one from Ontario and the other from Quebec, must work together when a murdered victim is found on the Ontario-Quebec border.","English, French",Canada,7 wins & 22 nominations total,https://m.media-amazon.com/images/M/MV5BMTU2NTkwMTcwM15BMl5BanBnXkFtZTcwNzIwNzE0MQ@@._V1_SX300.jpg,"[{'Source': 'Internet Movie Database', 'Value': '6.7/10'}, {'Source': 'Rotten Tomatoes', 'Value': '80%'}]",,6.7,"13,320",tt0479647,movie,,"$12,665,721",,,True,,Bon Cop Bad Cop
402,Horrid Henry,2006–2021,TV-Y7,09 Nov 2006,11 min,"Animation, Short, Adventure",,Francesca Simon,"Lizzie Waterworth, Tamsin Heatley, Emma Tate","Horrible Henry, he lives an unfair life and feels that the rest of the world is against him and maintains a constant war with the adults.",English,"United Kingdom, Taiwan, Canada, China, India, Hungary",1 nomination,https://m.media-amazon.com/images/M/MV5BMTQxNWRmMTYtNGEwNi00MTcyLThhYmQtYWVlYzMzM2I1MWU4XkEyXkFqcGc@._V1_SX300.jpg,"[{'Source': 'Internet Movie Database', 'Value': '6.4/10'}]",,6.4,"1,421",tt0985991,series,,,,,True,6.0,Horrid Henry
403,The Boy Who Cried Werewolf,2010,TV-PG,22 Oct 2010,83 min,"Comedy, Drama, Family",Eric Bross,"Art Edler Brown, Douglas Sloan","Victoria Justice, Chase Ellison, Anna Galvin","A Californian family inherits a castle in Romania. This is especially exciting to the son, who is obsessed with monsters. And he is not disappointed.",English,"United States, Canada",1 win & 2 nominations total,https://m.media-amazon.com/images/M/MV5BZGY1Zjc2NWQtNzMyNy00MDdkLWJkOWEtMjk5NGVjOTc3YjkwXkEyXkFqcGc@._V1_SX300.jpg,"[{'Source': 'Internet Movie Database', 'Value': '5.9/10'}]",,5.9,"4,072",tt1451423,movie,,,,,True,,The Boy Who Cried Werewolf
404,Rang De Basanti,2006,Not Rated,26 Jan 2006,167 min,"Comedy, Crime, Drama",Rakeysh Omprakash Mehra,"Renzil D'Silva, Prasoon Joshi, Rakeysh Omprakash Mehra","Aamir Khan, Soha Ali Khan, Siddharth","The story of six young Indians who assist an English woman to film a documentary on the freedom fighters from their past, and the events that lead them to relive the long-forgotten saga of freedom.",Hindi,India,Nominated for 1 BAFTA Award49 wins & 53 nominations total,https://m.media-amazon.com/images/M/MV5BMTJhZTdmODctZWY3Zi00MGI3LThiZDMtZWQ5ZjNkYzQyMTI3XkEyXkFqcGc@._V1_SX300.jpg,"[{'Source': 'Internet Movie Database', 'Value': '8.1/10'}]",,8.1,"123,635",tt0405508,movie,01 Jan 1998,"$2,197,694",,,True,,Rang De Basanti
405,The Mafia Dolls,2009–2019,TV-MA,08 Aug 2009,,"Action, Drama",,,"Amparo Grisales, Roger Moreno, Jason Chad Roth",It depicts Mafia survivors struggling to forget their past and resist in a society that reproves them for having been part of the Mafia.,Spanish,Colombia,,https://m.media-amazon.com/images/M/MV5BODM5MDEyMzM2N15BMl5BanBnXkFtZTgwOTU3MDAxMjE@._V1_SX300.jpg,"[{'Source': 'Internet Movie Database', 'Value': '6.4/10'}]",,6.4,434,tt1585368,series,,,,,True,2.0,The Mafia Dolls
406,Vientos de agua,2006,,03 Jan 2006,,Drama,,Juan José Campanella,"Ernesto Alterio, Eduardo Blanco, Héctor Alterio","A drama series that traces a Spanish man's immigration to Argentina in the 1930s, and, years later, his son's return to modern-day Spain.","Spanish, Bable","Argentina, Spain",3 nominations,https://m.media-amazon.com/images/M/MV5BNDIwY2VjNTYtYWZlYy00YzJlLThmYzgtNGE2MTAwMDRmZWYzXkEyXkFqcGdeQXVyMTUyNjc3NDQ4._V1_SX300.jpg,"[{'Source': 'Internet Movie Database', 'Value': '8.7/10'}]",,8.7,"1,150",tt0459724,series,,,,,True,1.0,Vientos de agua
407,Timmy Time,2009–2019,TV-Y,06 Apr 2009,10 min,"Animation, Short, Family",,Jackie Cockle,"Justin Fletcher, Kate Harbour, Louis Jones","Timmy, adorable he may be. He's a little lamb with a lot to learn. He has just turned 3 (in sheep years) and being an only lamb in the flock he is used to his own way. Timmy is going to have to learn to get along with other little...","None, English",United Kingdom,Won 2 BAFTA 2 wins & 1 nomination total,https://m.media-amazon.com/images/M/MV5BMWQwYjhlMGItZTA1OS00NWFmLWFjNWEtM2FlYWE2MmY0ZDE2XkEyXkFqcGc@._V1_SX300.jpg,"[{'Source': 'Internet Movie Database', 'Value': '6.7/10'}]",,6.7,"1,396",tt1125758,series,,,,,True,4.0,Timmy Time
408,Iris,2001,R,29 Mar 2002,91 min,"Biography, Drama, Romance",Richard Eyre,"John Bayley, Richard Eyre, Charles Wood","Judi Dench, Jim Broadbent, Kate Winslet","True story of the lifelong romance between novelist Iris Murdoch and her husband John Bayley, from their student days through her battle with Alzheimer's disease.",English,"United Kingdom, United States",Won 1 Oscar. 14 wins & 31 nominations total,https://m.media-amazon.com/images/M/MV5BY2M5ZWFiYWYtZGE5NC00MGMzLTkwMTQtOTE4MjIwMjEwZTNjXkEyXkFqcGc@._V1_SX300.jpg,"[{'Source': 'Internet Movie Database', 'Value': '7.0/10'}, {'Source': 'Rotten Tomatoes', 'Value': '79%'}, {'Source': 'Metacritic', 'Value': '76/100'}]",76.0,7.0,"19,285",tt0280778,movie,,"$5,594,617",,,True,,Iris
409,Guru,2007,Not Rated,12 Jan 2007,166 min,Drama,Mani Ratnam,"Mani Ratnam, Vijay Krishna Acharya, Anurag Kashyap","Mithun Chakraborty, Abhishek Bachchan, Aishwarya Rai Bachchan","A villager, Gurukant Desai, arrives in Bombay 1958, and rises from its streets to become the GURU, the biggest tycoon in Indian history.",Hindi,India,18 wins & 38 nominations total,https://m.media-amazon.com/images/M/MV5BNDgzMjliNDAtMGJkNy00ZTUzLWIyMTAtNWZkNmY2MDNiZjE3XkEyXkFqcGc@._V1_SX300.jpg,"[{'Source': 'Internet Movie Database', 'Value': '7.7/10'}, {'Source': 'Rotten Tomatoes', 'Value': '92%'}, {'Source': 'Metacritic', 'Value': '70/100'}]",70.0,7.7,"25,849",tt0499375,movie,,"$2,096,000",,,True,,Guru
410,Whitney Cummings: Money Shot,2010,TV-MA,,48 min,"Documentary, Comedy",John Fortenberry,Whitney Cummings,Whitney Cummings,"Money Shot finds Cummings riffing on a wide range of topics chiefly, the differences between men and women and how both tend to behave in relationships.",English,United States,,https://m.media-amazon.com/images/M/MV5BOTc0ODYxMTA2NF5BMl5BanBnXkFtZTcwNDYwNTY0NA@@._V1_SX300.jpg,"[{'Source': 'Internet Movie Database', 'Value': '6.2/10'}]",,6.2,"1,023",tt1659261,movie,,,,,True,,Whitney Cummings: Money Shot
411,Welcome,2007,Not Rated,21 Dec 2007,150 min,"Comedy, Crime, Drama","Anees Bazmee, Mayur K. Barot","Anees Bazmee, Rajeev Kaul, Praful Parekh","Akshay Kumar, Katrina Kaif, Nana Patekar","A man falls in love with a beautiful woman, but later discovers that her brothers are gangsters.",Hindi,India,2 wins & 9 nominations total,https://m.media-amazon.com/images/M/MV5BYzMwYmEzYTktY2M4YS00Y2I0LTk3ODMtYTY4NjU3YWJhMzM2XkEyXkFqcGc@._V1_SX300.jpg,"[{'Source': 'Internet Movie Database', 'Value': '7.1/10'}]",,7.1,"27,760",tt0488798,movie,,,,,True,,Welcome
412,Jim Gaffigan: King Baby,2009,TV-PG,29 Mar 2009,60 min,Comedy,Troy Miller,"Jim Gaffigan, Jeannie Gaffigan",Jim Gaffigan,"The greatly anticipated follow-up to the platinum-selling ""Beyond the Pale."" In this Austin performance that capped off his sold-out 2008 stand-up tour, Gaffigan does not let the audience catch their breath. This all-new show prov...",English,United States,,https://m.media-amazon.com/images/M/MV5BMjI3ODgwMDU2NF5BMl5BanBnXkFtZTgwMTczMzA2MDE@._V1_SX300.jpg,"[{'Source': 'Internet Movie Database', 'Value': '7.7/10'}]",,7.7,"2,779",tt1390471,movie,,,,,True,,Jim Gaffigan: King Baby
413,Mike Birbiglia: What I Should Have Said Was Nothing,2008,Unrated,09 Feb 2008,60 min,Comedy,,"Joe Birbiglia, Mike Birbiglia",Mike Birbiglia,"A few years ago my therapist suggested I keep a journal of the awkward moments occurring in my life. Around the same time audiences were demanding more material, so I started sending this journal to my mailing list and then tellin...",English,United States,,https://m.media-amazon.com/images/M/MV5BMTk0NzY2NzM5Ml5BMl5BanBnXkFtZTcwNjE2Mjg2MQ@@._V1_SX300.jpg,"[{'Source': 'Internet Movie Database', 'Value': '7.6/10'}]",,7.6,"1,939",tt1188112,movie,,,,,True,,Mike Birbiglia: What I Should Have Said Was Nothing
414,"Tayo, the Little Bus",2010–,TV-G,23 Aug 2010,,"Animation, Comedy, Family",,,"Patricia Kalis, Jul Kohler, Aramis Merlin",Little Tayo is the most high-spirited bus around. He travels the city every day and often runs into interesting encounters on the road.,"Indonesian, Japanese, Korean, English","South Korea, Canada",,https://m.media-amazon.com/images/M/MV5BZTc3NDFmZWUtN2VhOC00MzA0LWFmM2EtNjZjMTVkMmRkODY2XkEyXkFqcGc@._V1_SX300.jpg,"[{'Source': 'Internet Movie Database', 'Value': '5.3/10'}]",,5.3,252,tt3270208,series,,,,,True,6.0,"Tayo, the Little Bus"
415,Dil Chahta Hai,2001,Not Rated,10 Aug 2001,183 min,"Comedy, Drama, Romance",Farhan Akhtar,"Kassim Jagmagia, Farhan Akhtar, Karan Vishwanath Kashyap","Aamir Khan, Saif Ali Khan, Akshaye Khanna","Three inseparable childhood friends are just out of college. Nothing comes between them - until they each fall in love, and their wildly different approaches to relationships creates tension.","Hindi, English",India,28 wins & 40 nominations,https://m.media-amazon.com/images/M/MV5BYjY4NzgzNTQtZDhiNi00ZGJiLWIzMWQtNDg3YzkyNTdkZjAyXkEyXkFqcGc@._V1_SX300.jpg,"[{'Source': 'Internet Movie Database', 'Value': '8.1/10'}, {'Source': 'Rotten Tomatoes', 'Value': '100%'}]",,8.1,"76,921",tt0292490,movie,,,,,True,,Dil Chahta Hai
416,Anbe Sivam,2003,Not Rated,14 Jan 2003,160 min,"Adventure, Comedy, Drama",Sundar C.,"Kamal Haasan, Madan, Mohan Nair","Kamal Haasan, Madhavan, Kiran Rathod","Two men, one young and arrogant, the other damaged - physically but not spiritually - by life, are thrown together by circumstances, and find that they are in some ways bound together by fate.","Tamil, Hindi",India,2 wins & 3 nominations,https://m.media-amazon.com/images/M/MV5BYjY2NDNhOTItNjAwMi00ZjA0LTkzOGYtNWJkZmZiN2FlODU4XkEyXkFqcGdeQXVyMTEzNzg0Mjkx._V1_SX300.jpg,"[{'Source': 'Internet Movie Database', 'Value': '8.6/10'}]",,8.6,"25,583",tt0367495,movie,,,,,True,,Anbe Sivam
417,One on One,2001–2006,TV-14,03 Sep 2001,30 min,Comedy,,Eunetta T. Boone,"Kyla Pratt, Robert Ri'chard, Flex Alexander",A sportscaster must take on the responsibility of being a full-time dad when his teenage daughter moves in with him.,English,United States,1 win & 8 nominations,https://m.media-amazon.com/images/M/MV5BZmFiMDM5ZDgtZGFlZS00NjhjLWExNmQtNzViZWIyMDA3ZmFhXkEyXkFqcGc@._V1_SX300.jpg,"[{'Source': 'Internet Movie Database', 'Value': '7.2/10'}]",,7.2,"2,658",tt0284770,series,,,,,True,5.0,One on One
418,Tony Manero,2008,TV-MA,28 Aug 2008,97 min,"Drama, Music",Pablo Larraín,"Alfredo Castro, Mateo Iribarren, Pablo Larraín","Alfredo Castro, Amparo Noguera, Héctor Morales",A man is obsessed with John Travolta's disco dancing character from Saturday Night Fever (1977).,"Spanish, English","Chile, Brazil",16 wins & 15 nominations,https://m.media-amazon.com/images/M/MV5BMTY5ODQ3NzI3MV5BMl5BanBnXkFtZTcwNzM5NDA4MQ@@._V1_SX300.jpg,"[{'Source': 'Internet Movie Database', 'Value': '6.8/10'}, {'Source': 'Rotten Tomatoes', 'Value': '85%'}, {'Source': 'Metacritic', 'Value': '72/100'}]",72.0,6.8,"4,596",tt1223975,movie,,"$20,677",,,True,,Tony Manero
419,A Lion in the House,2006,Not Rated,28 Jul 2006,225 min,Documentary,"Steven Bognar, Julia Reichert",,"Justin Ashcraft, Adam Ashcraft, Dale Ashcraft",Five families struggle with the ups and downs of cancer treatment over the course of six years.,English,United States,Won 1 Primetime Emmy. 1 win & 3 nominations total,https://m.media-amazon.com/images/M/MV5BMjEyNzY2MDQ5NV5BMl5BanBnXkFtZTgwMjc5OTkwMzE@._V1_SX300.jpg,"[{'Source': 'Internet Movie Database', 'Value': '8.8/10'}, {'Source': 'Rotten Tomatoes', 'Value': '100%'}]",,8.8,400,tt0492472,movie,,,,,True,,A Lion in the House
420,Delta Farce,2007,PG-13,11 May 2007,90 min,"Action, Adventure, Comedy",C.B. Harding,"Bear Aderhold, Tom Sullivan","Larry the Cable Guy, Bill Engvall, DJ Qualls",Three bumbling Army reservists bound for Iraq are accidentally dropped at Mexican village besieged by hostile forces.,"English, Spanish",United States,,https://m.media-amazon.com/images/M/MV5BMjAxODg1NzU3M15BMl5BanBnXkFtZTcwNjI2ODc0MQ@@._V1_SX300.jpg,"[{'Source': 'Internet Movie Database', 'Value': '3.7/10'}, {'Source': 'Rotten Tomatoes', 'Value': '5%'}, {'Source': 'Metacritic', 'Value': '17/100'}]",17.0,3.7,"11,682",tt0800003,movie,,"$8,130,530",,,True,,Delta Farce
421,My Suicide,2009,Not Rated,23 Sep 2011,107 min,"Comedy, Drama",David Lee Miller,"Eric J. Adams, David Lee Miller, Jordan J. Miller","Gabriel Sunday, David Carradine, Mariel Hemingway",A teen coming-of-age romantic dramedy about a media-obsessed geek and the most beautiful and twisted girl in school.,English,United States,13 wins & 1 nomination,https://m.media-amazon.com/images/M/MV5BOTRjZDFmNDQtODg1Yy00ZmNlLTkzMTAtOGI0NWJiNTQwZWVkXkEyXkFqcGdeQXVyMjQxNjIyMTE@._V1_SX300.jpg,"[{'Source': 'Internet Movie Database', 'Value': '7.0/10'}, {'Source': 'Rotten Tomatoes', 'Value': '50%'}]",,7.0,"2,273",tt0492896,movie,,"$17,282",,,True,,My Suicide
422,Phir Hera Pheri,2006,,09 Jun 2006,153 min,"Comedy, Crime",Neeraj Vora,Neeraj Vora,"Akshay Kumar, Suniel Shetty, Paresh Rawal","A twist of fate changes the lives of Raju, Shyam and Baburao when they get cheated by a fraudster. They must now find a way to repay a loan taken from a dreaded gangster.",Hindi,India,3 wins & 5 nominations,https://m.media-amazon.com/images/M/MV5BMTNkZTExMWYtMGZjMy00NGUwLWJmMWEtOThjYmZjY2Q0N2M5XkEyXkFqcGc@._V1_SX300.jpg,"[{'Source': 'Internet Movie Database', 'Value': '7.3/10'}]",,7.3,"29,070",tt0419058,movie,,,,,True,,Phir Hera Pheri
423,Divine Intervention,2002,Not Rated,02 Oct 2002,92 min,"Drama, Romance, War",Elia Suleiman,Elia Suleiman,"Elia Suleiman, Manal Khader, George Ibrahim","Separated by a checkpoint, Palestinian lovers from Jerusalem and Ramallah arrange clandestine meetings.","Arabic, Hebrew, English","France, Morocco, Germany, Occupied Palestinian Territory",6 wins & 2 nominations,https://m.media-amazon.com/images/M/MV5BMTI0Mzc0MDQxN15BMl5BanBnXkFtZTcwMjc2ODkyMQ@@._V1_SX300.jpg,"[{'Source': 'Internet Movie Database', 'Value': '6.6/10'}, {'Source': 'Rotten Tomatoes', 'Value': '81%'}, {'Source': 'Metacritic', 'Value': '74/100'}]",74.0,6.6,"3,994",tt0274428,movie,,"$421,343",,,True,,Divine Intervention
424,Da Kath & Kim Code,2005,TV-14,27 Nov 2005,82 min,Comedy,Ted Emery,"Gina Riley, Jane Turner, Magda Szubanski","Jane Turner, Gina Riley, Glenn Robbins",Film adaptation of the Australian comedy series Kath and Kim.,English,Australia,2 nominations,https://m.media-amazon.com/images/M/MV5BZjJjZWUwZjktMmRhMy00NGFmLWEzZDItMzhmY2Y5NDA3YzFhXkEyXkFqcGc@._V1_SX300.jpg,"[{'Source': 'Internet Movie Database', 'Value': '7.3/10'}]",,7.3,"1,151",tt0484275,movie,,,,,True,,Da Kath & Kim Code
425,Trotro,2004–,TV-Y,23 Oct 2004,3 min,"Animation, Family",,,"Joanna Ruiz, Julie-Ann Dean, Katherine Dillon","Trotro is a little donkey with a head full of ideas. He knows exactly what he likes and doesn't like. He's a positive and engaging hero, with whom young children will easily identify.",French,France,,https://m.media-amazon.com/images/M/MV5BZmJlODJiN2UtNDZlOS00NjRlLWE1YzQtMGU0YWFkNzM2ZGI0XkEyXkFqcGc@._V1_SX300.jpg,"[{'Source': 'Internet Movie Database', 'Value': '6.3/10'}]",,6.3,158,tt1074443,series,,,,,True,2.0,Trotro
426,Kevin Hart: I'm a Grown Little Man,2009,TV-MA,03 Feb 2009,73 min,"Documentary, Comedy",Shannon Hartman,Kevin Hart,Kevin Hart,"With his wisecracking one-of-a-kind style of comedy, Kevin Hart pokes fun at everyone - even his audience.",English,United States,,https://m.media-amazon.com/images/M/MV5BOWRkNGI1ZTItNGMxOS00NWUzLTkyY2EtOTcxNjExNzViM2ZmXkEyXkFqcGc@._V1_SX300.jpg,"[{'Source': 'Internet Movie Database', 'Value': '7.5/10'}]",,7.5,"4,908",tt1420554,movie,06 Jan 2009,,Image Entertainment,,True,,Kevin Hart: I'm a Grown Little Man
427,Bleach the Movie: Hell Verse,2010,TV-14,04 Dec 2012,94 min,"Animation, Action, Adventure","Noriyuki Abe, Yuzuru Tachikawa","Tite Kubo, Natsuko Takahashi, Masahiro Ôkubo","Masakazu Morita, Fumiko Orikasa, Kazuya Nakai","When Ichigo's sister Yuzu is kidnapped by sinners &amp; he is asked to do something for them in order to get his sister released. Ichigo must find a way to take his sister back from hell with the help of Rukia, Renji &amp; Uryu.",Japanese,Japan,4 nominations,https://m.media-amazon.com/images/M/MV5BNDg1NzFhYjctNDY4MC00ODY5LWJlMzQtYTRhNzZjMjBmODI1XkEyXkFqcGc@._V1_SX300.jpg,"[{'Source': 'Internet Movie Database', 'Value': '7.3/10'}]",,7.3,"3,367",tt1785394,movie,,,,,True,,Bleach the Movie: Hell Verse
428,Naruto Shippuden: The Movie - Bonds,2008,TV-14,25 Oct 2011,98 min,"Animation, Action, Fantasy",Hajime Kamegaki,"Masashi Kishimoto, Junki Takegami, Masahiro Hikokubo","Junko Takeuchi, Chie Nakamura, Noriaki Sugiyama","Sky ninja attack Konoha seeking revenge, as Konoha nearly destroyed their Sky Country in the last Shinobi World War, though they survived.",Japanese,Japan,,https://m.media-amazon.com/images/M/MV5BNTE2ODAyNTkxNl5BMl5BanBnXkFtZTgwNTAzMjA2MDE@._V1_SX300.jpg,"[{'Source': 'Internet Movie Database', 'Value': '6.8/10'}]",,6.8,"5,911",tt1160524,movie,,,,,True,,Naruto Shippuden: The Movie - Bonds
429,Don,2006,Not Rated,20 Oct 2006,171 min,"Action, Crime, Thriller",Farhan Akhtar,"Salim Khan, Javed Akhtar, Farhan Akhtar","Shah Rukh Khan, Priyanka Chopra Jonas, Arjun Rampal","Vijay is recruited by a police officer to masquerade as his lookalike Don, the leader of an international gang of smugglers. Things go wrong when the officer is killed and Vijay is left to fend for himself.",Hindi,India,3 wins & 15 nominations total,https://m.media-amazon.com/images/M/MV5BYjBmOTg2NTgtZTc2Mi00ZWRhLTkzMWQtMDI0YThhZTcyMzYwXkEyXkFqcGc@._V1_SX300.jpg,"[{'Source': 'Internet Movie Database', 'Value': '7.2/10'}]",,7.2,"42,882",tt0461936,movie,,"$2,223,961",,,True,,Don
430,Chup Chup Ke,2006,Not Rated,09 Jun 2006,164 min,"Comedy, Drama, Romance","Priyadarshan, Kookie Gulati","Priyadarshan, Neeraj Vora, Meccartin","Shahid Kapoor, Kareena Kapoor, Om Puri","A debt-ridden young man attempts suicide, but is rescued only to find that his luck is finally turning.",Hindi,India,,https://m.media-amazon.com/images/M/MV5BMTg3MTMzNjUwOF5BMl5BanBnXkFtZTcwODgxODMzMQ@@._V1_SX300.jpg,"[{'Source': 'Internet Movie Database', 'Value': '7.0/10'}]",,7.0,"13,541",tt0464160,movie,,"$334,618",,,True,,Chup Chup Ke
431,Fashion,2008,Not Rated,29 Oct 2008,167 min,"Drama, Romance",Madhur Bhandarkar,"Ajay Monga, Madhur Bhandarkar, Niranjan Iyengar","Priyanka Chopra Jonas, Kangana Ranaut, Mugdha Godse",A small-town girl finally realizes her dream of becoming a famous supermodel but soon finds out that her glamorous new life has a price.,Hindi,India,15 wins & 20 nominations total,https://m.media-amazon.com/images/M/MV5BMTkxNzg4NDI0OV5BMl5BanBnXkFtZTcwNzIyMjk5MQ@@._V1_SX300.jpg,"[{'Source': 'Internet Movie Database', 'Value': '6.9/10'}]",,6.9,"13,380",tt0964516,movie,,"$191,442",,,True,,Fashion
432,Arahan,2004,Not Rated,30 Apr 2004,114 min,"Action, Comedy, Fantasy",Ryoo Seung-wan,"Ji-hie Eun, Lee Hae-young, Ryoo Seung-wan","Ryu Seung-beom, Yoon So-yi, Ahn Sung-ki","As a dorky cop falls in with five Tao masters who admire his c'hi, an ancient foe comes looking for them all.",Korean,South Korea,3 wins & 10 nominations total,https://m.media-amazon.com/images/M/MV5BMjQxNjA1MTk4NV5BMl5BanBnXkFtZTgwNjYyMTQ2MzE@._V1_SX300.jpg,"[{'Source': 'Internet Movie Database', 'Value': '6.5/10'}]",,6.5,"4,056",tt0404777,movie,,,,,True,,Arahan
433,Dreamworks Spooky Stories,2012,TV-PG,26 Oct 2012,84 min,"Animation, Action, Adventure, Comedy, Family, Fantasy, Sci-Fi",,,Gavin Magnus,"In these spooktacular stories, your favorite DreamWorks characters from the blockbuster hits Shrek and Monsters vs. Aliens return in these chilling tales for the whole family.",English,USA,,https://m.media-amazon.com/images/M/MV5BMTY3MjgyOTc4MV5BMl5BanBnXkFtZTgwMDEyNDAxMzE@._V1_SX300.jpg,"[{'Source': 'Internet Movie Database', 'Value': '6.8/10'}]",,6.8,465,tt3608838,movie,,,Fox,,True,,Dreamworks Spooky Stories
434,Oscar's Oasis,2011–,TV-Y,04 Jul 2011,7 min,"Animation, Adventure, Comedy",,Benjamin Townsend,"Marie Facundo, Sly Johnson, Martial Le Minoux","Follows the sun-baked adventures of Oscar, a lizard in the middle of the desert finding himself misadventures wherever he goes, from finding water to fleeing from a band of misfits.",English,"France, United Kingdom, South Korea",,https://m.media-amazon.com/images/M/MV5BNWNkNGNkNTItODVkZi00MjVmLThiMWEtOGJhOGIyNjExMjEwXkEyXkFqcGc@._V1_SX300.jpg,"[{'Source': 'Internet Movie Database', 'Value': '7.3/10'}]",,7.3,845,tt2080922,series,,,,,True,1.0,Oscar's Oasis
435,Whisky,2004,,06 Aug 2004,94 min,"Comedy, Drama","Juan Pablo Rebella, Pablo Stoll","Pablo Stoll, Juan Pablo Rebella, Gonzalo Delgado","Andrés Pazos, Mirella Pascual, Jorge Bolani","When his long-lost brother resurfaces, Jacobo, desperate to prove his life has added up to something, looks to scrounge up a wife. He turns to Marta, an employee at his sock factory, with whom he has a prickly relationship.","Spanish, Portuguese, Italian","Uruguay, Argentina, Germany, Spain",23 wins & 7 nominations,https://m.media-amazon.com/images/M/MV5BODljYmUwNzItYjM2OS00MDdkLWEzNWMtNjdjZDYxYjZmZGZiXkEyXkFqcGc@._V1_SX300.jpg,"[{'Source': 'Internet Movie Database', 'Value': '7.1/10'}, {'Source': 'Rotten Tomatoes', 'Value': '100%'}, {'Source': 'Metacritic', 'Value': '66/100'}]",66.0,7.1,"6,781",tt0331370,movie,,,,,True,,Whisky
436,Ajab Prem Ki Ghazab Kahani,2009,Not Rated,06 Nov 2009,150 min,"Action, Comedy, Musical",Rajkumar Santoshi,"K. Rajeshwar, Rajkumar Santoshi, R.D. Tailang","Ranbir Kapoor, Katrina Kaif, Darshan Jariwala","The wacky adventures of a young man who is willing to sacrifice his own love to insure the happiness of others, even trying to get the girl of his dreams married to the guy of her dreams.",Hindi,India,11 wins & 20 nominations,https://m.media-amazon.com/images/M/MV5BNzQ5NTMxZGUtYzAzMy00OTNjLTg5MmItZjBmMjhmYjQxNTc1XkEyXkFqcGc@._V1_SX300.jpg,"[{'Source': 'Internet Movie Database', 'Value': '6.4/10'}]",,6.4,"17,304",tt1252596,movie,,,,,True,,Ajab Prem Ki Ghazab Kahani
437,Te quiero,2001,,14 Feb 2001,85 min,Drama,Manuel Poirier,"Patrick Modiano, Manuel Poirier","Philippe Bas, Marine Delterme, Patricia Farfan Villena",Jean and Sylvia left France with a stolen diamond to start a new life in South America. They land in Lima to live their passion. But the diamond is not easy to sell. They meet a French couple and hope to sell them the stolen diamond.,"French, Spanish",France,,https://m.media-amazon.com/images/M/MV5BMTc3NTY1MjkyNF5BMl5BanBnXkFtZTcwMDg5MjEyMQ@@._V1_SX300.jpg,"[{'Source': 'Internet Movie Database', 'Value': '5.0/10'}]",,5.0,80,tt0217085,movie,,,,,True,,Te quiero
438,Doing Hard Time,2004,R,23 Nov 2004,100 min,"Action, Drama",Preston A. Whitmore II,Preston A. Whitmore II,"Boris Kodjoe, Michael Kenneth Williams, Sticky Fingaz, Reagan Gomez-Preston",A father's eight year old son is murdered in a gangland shooting. The father (Boris Kodjoe) gets himself thrown into prison to avenge his son's death.,English,USA,,https://m.media-amazon.com/images/M/MV5BMTI3NDA4NTAyNl5BMl5BanBnXkFtZTcwMTEwMzcyMQ@@._V1_SX300.jpg,"[{'Source': 'Internet Movie Database', 'Value': '4.9/10'}]",,4.9,"1,340",tt0427166,movie,,,,,True,,Doing Hard Time
439,Sir! No Sir!,2005,Not Rated,24 Sep 2009,85 min,"Documentary, History, War",David Zeiger,David Zeiger,"Michael Alaimo, Edward Asner, Joe Bangert",NO! SIR! tells an almost entirely forgotten story of the military men and women who forced the U.S. government to end the Vietnam War,English,United States,2 wins & 3 nominations,https://m.media-amazon.com/images/M/MV5BMjA4NDAxNDA2NV5BMl5BanBnXkFtZTcwNDU4MjYzMQ@@._V1_SX300.jpg,"[{'Source': 'Internet Movie Database', 'Value': '7.6/10'}, {'Source': 'Rotten Tomatoes', 'Value': '89%'}, {'Source': 'Metacritic', 'Value': '74/100'}]",74.0,7.6,832,tt0469589,movie,,"$116,944",,,True,,Sir! No Sir!
440,Race,2016,PG-13,19 Feb 2016,134 min,"Biography, Drama, Sport",Stephen Hopkins,"Joe Shrapnel, Anna Waterhouse","Stephan James, Jason Sudeikis, Eli Goree","Jesse Owens' quest to become the greatest track and field athlete in history thrusts him onto the world stage of the 1936 Olympics, where he faces off against Adolf Hitler's vision of Aryan supremacy.","English, German","Canada, Germany, France, United Kingdom, United States",6 wins & 11 nominations total,https://m.media-amazon.com/images/M/MV5BMTQ3MDM1MDU2NF5BMl5BanBnXkFtZTgwMzM3OTIzNzE@._V1_SX300.jpg,"[{'Source': 'Internet Movie Database', 'Value': '7.1/10'}, {'Source': 'Rotten Tomatoes', 'Value': '64%'}, {'Source': 'Metacritic', 'Value': '56/100'}]",56.0,7.1,"42,925",tt3499096,movie,,"$19,206,207",,,True,,Race
441,InuYasha the Movie 2: The Castle Beyond the Looking Glass,2002,Not Rated,28 Dec 2004,99 min,"Animation, Action, Comedy",Toshiya Shinohara,"Rumiko Takahashi, Katsuyuki Sumizawa","Kappei Yamaguchi, Satsuki Yukino, Kôji Tsujitani","After seemingly defeating their common enemy, Naraku, what appears to be the near-end of their journey instead leads Inuyasha and Kagome facing against a new threat.","Japanese, English",Japan,,https://m.media-amazon.com/images/M/MV5BMWM0MjhkMWMtMzhmYS00NmI3LWI2NWQtNjVlMjVhNTVjZjc4XkEyXkFqcGc@._V1_SX300.jpg,"[{'Source': 'Internet Movie Database', 'Value': '7.3/10'}]",,7.3,"2,402",tt0366621,movie,,,,,True,,InuYasha the Movie 2: The Castle Beyond the Looking Glass
442,Interview with a Serial Killer,2008,PG-13,,44 min,"Documentary, Crime",Christopher Martin,,"Augustine Capone, Maggie Deming, Paul Dierdorf","In this jailhouse interview, Arthur Shawcross, the Genesee River Killer, shares candid details of his crimes and his surprising family bonds.",English,United States,,https://m.media-amazon.com/images/M/MV5BZDllYmVjNjMtYmZlYi00NWIwLWEzN2ItNGQyZDEwZTQ1ZmJmXkEyXkFqcGdeQXVyNTM3MDMyMDQ@._V1_SX300.jpg,"[{'Source': 'Internet Movie Database', 'Value': '5.9/10'}]",,5.9,647,tt6978288,movie,,,,,True,,Interview with a Serial Killer
443,Edge of the Universe,2002–,,06 Jan 2002,49 min,Documentary,,,"John Hurt, Steven Ostro, Riccardo Scarpa","Leading astronomers reveal the latest discoveries about death-trap planets, asteroids, comets and other wonders of the cosmos.",English,United Kingdom,,https://m.media-amazon.com/images/M/MV5BNmJjOGY4YjYtZGNlZi00NGUwLWE5YTMtY2ViNzA2NTI5ZGM4XkEyXkFqcGc@._V1_SX300.jpg,"[{'Source': 'Internet Movie Database', 'Value': '7.2/10'}]",,7.2,223,tt6951568,series,,,,,True,1.0,Edge of the Universe
444,G.O.R.A.,2004,,10 Mar 2017,127 min,"Adventure, Comedy, Sci-Fi",Ömer Faruk Sorak,Cem Yilmaz,"Cem Yilmaz, Özge Özberk, Ozan Güven",A slick young Turk kidnapped by extraterrestrials shows his great « humanitarian spirit » by outwitting the evil commander-in-chief of the planet of G.O.R.A.,"Turkish, English",Turkey,1 win & 4 nominations,https://m.media-amazon.com/images/M/MV5BMjE0MTY2MDI3NV5BMl5BanBnXkFtZTcwNTc1MzEzMQ@@._V1_SX300.jpg,"[{'Source': 'Internet Movie Database', 'Value': '8.0/10'}]",,8.0,"68,285",tt0384116,movie,,,,,True,,G.O.R.A.
445,Guzaarish,2010,,19 Nov 2010,126 min,"Drama, Romance",Sanjay Leela Bhansali,"Sanjay Leela Bhansali, Bhavani Iyer, Vibhu Puri","Hrithik Roshan, Aishwarya Rai Bachchan, Shernaz Patel","Ethan, a magician rendered paralyzed in an accident, sets off a furor when he makes a petition to the court to end his own life.","Hindi, English",India,14 wins & 39 nominations,https://m.media-amazon.com/images/M/MV5BMTMzMzIzOTQwOF5BMl5BanBnXkFtZTcwMTI2MTYxNA@@._V1_SX300.jpg,"[{'Source': 'Internet Movie Database', 'Value': '7.4/10'}, {'Source': 'Rotten Tomatoes', 'Value': '60%'}]",,7.4,"19,992",tt1438298,movie,,"$1,017,335",,,True,,Guzaarish
446,Dreamworks Happy Holidays from Madagascar,2005,,,57 min,"Animation, Comedy, Family",,,Kim Jung-hyun,Madagascar goes wild with holiday spirit in this set of Valentine's Day and Christmas-themed tales featuring everyone's favorite animal characters.,English,United States,,https://m.media-amazon.com/images/M/MV5BNGNiYTgyNTUtN2RkMy00ZjZiLTkxY2UtZGU2NTc2MTAzMmUyXkEyXkFqcGc@._V1_SX300.jpg,"[{'Source': 'Internet Movie Database', 'Value': '6.8/10'}]",,6.8,153,tt6929194,series,,,,,True,1.0,Dreamworks Happy Holidays from Madagascar
447,Raajneeti,2010,Not Rated,04 Jun 2010,163 min,"Drama, Thriller",Prakash Jha,"Prakash Jha, Anjum Rajabali, Sameer","Ajay Devgn, Ranbir Kapoor, Nana Patekar","Sooraj, the abandoned child of Bharti Rai enters the dirty world of politics and to realise that he has to fight against his own brothers. The struggle of two political groups changes the course of his life.","Hindi, English",India,14 wins & 42 nominations total,https://m.media-amazon.com/images/M/MV5BMTkwMzE5NzE3Nl5BMl5BanBnXkFtZTcwMDMyODE1Mw@@._V1_SX300.jpg,"[{'Source': 'Internet Movie Database', 'Value': '7.1/10'}, {'Source': 'Rotten Tomatoes', 'Value': '22%'}]",,7.1,"19,414",tt1291465,movie,,"$1,514,558",,,True,,Raajneeti
448,Monty Python Conquers America,2008,,,55 min,Documentary,Will Yapp,,"Carol Cleveland, Jimmy Fallon, John Goldstone",,English,United Kingdom,,,[],,,25,tt19880958,movie,,,,,True,,Monty Python Conquers America
449,Jaane Tu... Ya Jaane Na,2008,,04 Jul 2008,155 min,"Comedy, Drama, Romance",Abbas Tyrewala,Abbas Tyrewala,"Imran Khan, Genelia Deshmukh, Manjari Fadnnis",Two best friends being convinced that they are not in love search for each other's love.,Hindi,India,14 wins & 29 nominations total,https://m.media-amazon.com/images/M/MV5BMWI1M2M3YTItMzRhNS00OWNhLThhOWMtMDA1NGZlMDBjMzg5XkEyXkFqcGc@._V1_SX300.jpg,"[{'Source': 'Internet Movie Database', 'Value': '7.4/10'}]",,7.4,"28,752",tt0473367,movie,,"$604,037",,,True,,Jaane Tu... Ya Jaane Na
450,Accident,1967,Not Rated,18 May 1967,105 min,Drama,Joseph Losey,"Nicholas Mosley, Harold Pinter","Dirk Bogarde, Stanley Baker, Jacqueline Sassard","A beautiful Austrian coed attending Oxford University is betrothed to a fellow student, but she ends up getting involved with two unhappily married professors instead.",English,United Kingdom,Nominated for 4 BAFTA 5 wins & 9 nominations total,https://m.media-amazon.com/images/M/MV5BODk4NGRjZTgtYTgzYi00OWVlLWIzN2MtOGNjMjZiOTEyYjBmXkEyXkFqcGc@._V1_SX300.jpg,"[{'Source': 'Internet Movie Database', 'Value': '6.8/10'}, {'Source': 'Rotten Tomatoes', 'Value': '76%'}]",,6.8,"5,125",tt0061328,movie,,"$17,161",,,True,,Accident
451,Jeff Dunham: Arguing with Myself,2006,Not Rated,11 Apr 2006,76 min,Comedy,Manny Rodriguez,Jeff Dunham,Jeff Dunham,"Jeff and his characters Walter, Peanut, José Jalapeño, Bubba J, and Sweet Daddy Dee for a live show.",English,United States,,https://m.media-amazon.com/images/M/MV5BMjI3ODQxOTYxMV5BMl5BanBnXkFtZTgwMzU5MDk3MDE@._V1_SX300.jpg,"[{'Source': 'Internet Movie Database', 'Value': '7.9/10'}]",,7.9,"4,287",tt0806102,movie,,,,,True,,Jeff Dunham: Arguing with Myself
452,Chalte Chalte,2003,Not Rated,13 Jun 2003,167 min,"Drama, Romance",Aziz Mirza,"Aziz Mirza, Robin Bhatt, Pramod Sharma","Shah Rukh Khan, Rani Mukerji, Jas Arora",A man pursues a woman who is already engaged and eventually gets married to her. Differences between the two lead to a bitter separation that threatens to destroy their relationship forever.,Hindi,India,3 wins & 17 nominations,https://m.media-amazon.com/images/M/MV5BYmU2OGNiMjktMmY0OS00MjNhLWIwZWMtNGY1NjgwNjA5MTRhXkEyXkFqcGc@._V1_SX300.jpg,"[{'Source': 'Internet Movie Database', 'Value': '6.5/10'}]",,6.5,"16,993",tt0346723,movie,,"$836,225",,,True,,Chalte Chalte
453,Taxi No. 9 2 11: Nau Do Gyarah,2006,Not Rated,24 Feb 2006,116 min,"Comedy, Drama, Thriller",Milan Luthria,Rajat Arora,"John Abraham, Nana Patekar, Sonali Kulkarni",A cabbie (Patekar) and businessman (Abraham) both in need of big money partake in a two-hour adventure together.,Hindi,"India, United States, Canada",1 win & 6 nominations total,https://m.media-amazon.com/images/M/MV5BMTlkYjIxNGUtZjk1ZC00MmU1LWEzMDUtMWNhNDBkNDI5NDRkXkEyXkFqcGc@._V1_SX300.jpg,"[{'Source': 'Internet Movie Database', 'Value': '7.3/10'}]",,7.3,"11,149",tt0476884,movie,,"$292,794",,,True,,Taxi No. 9 2 11: Nau Do Gyarah
454,Yuva,2004,Not Rated,21 May 2004,161 min,"Action, Drama, Thriller",Mani Ratnam,"Anurag Kashyap, Mani Ratnam","Ajay Devgn, Abhishek Bachchan, Vivek Oberoi","Michael, Arjun and Lallan, three men from three different strata of society, cross paths one morning in Calcutta and change one another's lives forever.","Hindi, Bengali",India,17 wins & 20 nominations,https://m.media-amazon.com/images/M/MV5BNzFlM2M4MDgtZWU3NC00Y2UwLTg3ZGItYjI1ZTMzOWZkYTU1XkEyXkFqcGc@._V1_SX300.jpg,"[{'Source': 'Internet Movie Database', 'Value': '7.3/10'}, {'Source': 'Metacritic', 'Value': '63/100'}]",63.0,7.3,"9,490",tt0382383,movie,,"$331,166",,,True,,Yuva
455,Cocaine,2005,,16 Jan 2005,149 min,Documentary,,,"David Morrissey, Maria Cristina Chirolla, Gustavo Petro","A three-part documentary series investigating the cocaine trafficking, distribution, usage and state control.","English, Spanish, Portuguese",United Kingdom,Nominated for 1 BAFTA Award1 nomination total,https://m.media-amazon.com/images/M/MV5BMTY0NjAzNDgtNGM0NS00ODFhLWE2MjktZTQwM2EwZDFjOWI3XkEyXkFqcGdeQXVyMjc2Nzg5OTQ@._V1_SX300.jpg,"[{'Source': 'Internet Movie Database', 'Value': '7.1/10'}]",,7.1,66,tt0907286,series,,,,,True,,Cocaine
456,The Cartel,2014,,27 Feb 2014,100 min,"Crime, Drama",Charlotte Sachs Bostrup,"Charlotte Sachs Bostrup, Henrik Kristensen","Anders W. Berthelsen, Lene Maria Christensen, Leif Sylvester","The successful entrepreneur Lars Halbo returns to Denmark when he inherits the family firm, but when he refuses to cooperate in illegal cartel pricing, his little company comes under heavy pressure.",Danish,Denmark,1 nomination,https://m.media-amazon.com/images/M/MV5BMTUzNDEwOTc1MV5BMl5BanBnXkFtZTgwMzE5MTUzMTE@._V1_SX300.jpg,"[{'Source': 'Internet Movie Database', 'Value': '6.2/10'}]",,6.2,935,tt3479624,movie,,,,,True,,The Cartel
457,Wake Up Sid,2009,Not Rated,02 Oct 2009,138 min,"Comedy, Drama, Romance",Ayan Mukerji,"Ayan Mukerji, Niranjan Iyengar","Ranbir Kapoor, Konkona Sen Sharma, Supriya Pathak","The story of a lazy Mumbai college student who does absolutely nothing, with a turn of events will Sid realize his potential in this world and become a success in the fast-paced life of Mumbai.",Hindi,India,10 wins & 28 nominations,https://m.media-amazon.com/images/M/MV5BNWRjZTZiNTMtZTkwNi00MDIxLTgyYjAtODE5Y2Y2ZGRiYjRlXkEyXkFqcGc@._V1_SX300.jpg,"[{'Source': 'Internet Movie Database', 'Value': '7.6/10'}, {'Source': 'Rotten Tomatoes', 'Value': '83%'}]",,7.6,"35,031",tt1324059,movie,,"$718,766",,,True,,Wake Up Sid
458,Awara Paagal Deewana,2002,Not Rated,21 Jun 2002,158 min,"Action, Comedy, Crime",Vikram Bhatt,"Anand S. Vardhan, Mangesh Kulkarni, Neeraj Vora","Akshay Kumar, Suniel Shetty, Aftab Shivdasani",A dentist's life turns into a roller coaster ride when he is unknowingly embroiled in gang wars.,Hindi,India,6 wins & 7 nominations total,https://m.media-amazon.com/images/M/MV5BNzU4MTdhZGUtYWE4Mi00ZGE3LTgxMjgtNGJiMGUwMmY1MzA5XkEyXkFqcGc@._V1_SX300.jpg,"[{'Source': 'Internet Movie Database', 'Value': '6.3/10'}]",,6.3,"9,622",tt0319020,movie,,,,,True,,Awara Paagal Deewana
459,Kabhi Alvida Naa Kehna,2006,Not Rated,11 Aug 2006,193 min,"Drama, Romance",Karan Johar,"Karan Johar, Shibani Bathija, Niranjan Iyengar","Shah Rukh Khan, Rani Mukerji, Amitabh Bachchan","Dev, a former football player is married to Rhea, a successful fashion editor. Maya is a kindergarten teacher who is married to Rishi, an outgoing event planner. These couples' lives intersect and they each question their own marr...","Hindi, English",India,15 wins & 40 nominations total,https://m.media-amazon.com/images/M/MV5BYmRkOWQ1NDItYTk2ZC00YWM2LWE4ZWEtNjIwNTczMmRmZjc3XkEyXkFqcGc@._V1_SX300.jpg,"[{'Source': 'Internet Movie Database', 'Value': '6.1/10'}, {'Source': 'Rotten Tomatoes', 'Value': '58%'}]",,6.1,"22,834",tt0449999,movie,,"$3,275,444",,,True,,Kabhi Alvida Naa Kehna
460,The Blue Umbrella,2013,G,21 Jun 2013,7 min,"Animation, Short, Drama",Saschka Unseld,Saschka Unseld,Sarah Jaffe,"Amidst the rain in a singing city, two umbrellas - one blue, one not - fall eternally in love.",English,United States,1 nomination total,https://m.media-amazon.com/images/M/MV5BNmI2MzZiNGEtYTljZi00M2RjLTljNTQtZGMzYzYxYmZmYzJmXkEyXkFqcGc@._V1_SX300.jpg,"[{'Source': 'Internet Movie Database', 'Value': '7.5/10'}]",,7.5,"11,473",tt2616880,movie,,,,,True,,The Blue Umbrella
461,Ishqiya,2010,Not Rated,29 Jan 2010,118 min,"Comedy, Drama, Romance",Abhishek Chaubey,"Vishal Bhardwaj, Sabrina Dhawan, Abhishek Chaubey","Vidya Balan, Naseeruddin Shah, Arshad Warsi","While on the run from goons, a man and his nephew fall for a kidnapper's seductive widow.",Urdu,India,20 wins & 28 nominations,https://m.media-amazon.com/images/M/MV5BNGU5ZTRlYjAtNDE2OC00NzM5LWE1YmEtOWRkYTcyOTNiMWQ1XkEyXkFqcGc@._V1_SX300.jpg,"[{'Source': 'Internet Movie Database', 'Value': '7.3/10'}]",,7.3,"11,059",tt1345777,movie,,,,,True,,Ishqiya
462,Life in a Metro,2007,,11 May 2007,132 min,"Comedy, Drama, Musical",Anurag Basu,"Anurag Basu, Sanjeev Dutta","Dharmendra, Gautam Kapur, Irrfan Khan","Six different stories, about nine people, each with different issues and problems, all occurring within one place: the METRO.",Hindi,India,12 wins & 24 nominations,https://m.media-amazon.com/images/M/MV5BNDBiYmM4NzUtZTBiOS00OWMzLWI2YjQtZWVkMGNiNGJhYTM5XkEyXkFqcGc@._V1_SX300.jpg,"[{'Source': 'Internet Movie Database', 'Value': '7.4/10'}]",,7.4,"13,242",tt0800956,movie,,"$150,212",,,True,,Life in a Metro
463,"Nuevo rico, nuevo pobre",2007–,TV-MA,06 Jun 2021,,Comedy,,Claudia Sánchez Morales,"Martín Karpan, Carolina Acevedo, Jhon Álex Toro","Brayan and Andrés lives turn upside down when a nurse about to die decides to confess to Antonia, a woman from high society, that when she assisted her in the birth of her son she made a very small mistake: she exchanged her baby.",,Colombia,,https://m.media-amazon.com/images/M/MV5BY2JiZDExNDAtNTU3My00OTk0LWE5N2MtYWJkODY1YmJlMTcyXkEyXkFqcGc@._V1_SX300.jpg,"[{'Source': 'Internet Movie Database', 'Value': '7.1/10'}]",,7.1,292,tt1233451,series,,,,,True,1.0,"Nuevo rico, nuevo pobre"
464,Monty Python's Personal Best,2006,,22 Feb 2006,,Comedy,,,"John Cleese, Terry Gilliam, Eric Idle","The actors from ""Monty Python's Flying Circus"" each share their favorite and memorable moments from the series.",English,"United States, United Kingdom",,https://m.media-amazon.com/images/M/MV5BYTIwOTUyM2YtYzNhNS00NDg5LTgxZDEtZWFmOTRmY2Y0YmQ2XkEyXkFqcGdeQXVyNTM3MDMyMDQ@._V1_SX300.jpg,"[{'Source': 'Internet Movie Database', 'Value': '7.8/10'}]",,7.8,475,tt0795156,series,,,,,True,1.0,Monty Python's Personal Best
465,I Hate Luv Storys,2010,Not Rated,02 Jul 2010,129 min,"Comedy, Drama, Romance",Punit Malhotra,Punit Malhotra,"Imran Khan, Sonam Kapoor, Sammir Dattani","Jay doesn't believe in love Stories, and Simran, is a girl who's in love with the idea of Love itself.",Hindi,India,1 win & 12 nominations,https://m.media-amazon.com/images/M/MV5BZTRlMTAyNmQtZjA2Zi00MmMzLThlZjItODRmZWJhNTNiYWYxXkEyXkFqcGdeQXVyODE5NzE3OTE@._V1_SX300.jpg,"[{'Source': 'Internet Movie Database', 'Value': '5.7/10'}]",,5.7,"8,751",tt1667838,movie,,"$847,993",,,True,,I Hate Luv Storys
466,Main Hoon Na,2004,Not Rated,30 Apr 2004,182 min,"Action, Comedy, Drama",Farah Khan,"Farah Khan, Abbas Tyrewala, Rajesh Saathi","Shah Rukh Khan, Sushmita Sen, Suniel Shetty","An army major goes undercover as a college student. His mission is both professional and personal: to protect his general's daughter from a radical militant, and to find his estranged half-brother.",Hindi,India,17 wins & 41 nominations,https://m.media-amazon.com/images/M/MV5BMDcwZDJhOGQtNWI5NS00MmI3LWFkYjMtNTY3OGUxMjgwMjZiXkEyXkFqcGc@._V1_SX300.jpg,"[{'Source': 'Internet Movie Database', 'Value': '7.1/10'}]",,7.1,"41,437",tt0347473,movie,,"$1,747,060",,,True,,Main Hoon Na
467,Billu,2009,Not Rated,13 Feb 2009,137 min,"Comedy, Drama",Priyadarshan,"Manisha Korde, Priyadarshan, Mushtaq Shiekh","Irrfan Khan, Lara Dutta, Om Puri","In an Indian village, a struggling barber sees his luck begin to turn when residents learn that a famous actor he once knew is coming to town.","Hindi, Awadhi",India,3 nominations total,https://m.media-amazon.com/images/M/MV5BY2M4M2Y0NTEtMTU4ZS00OTA5LWE1YmMtMzViNmY3ZDc5NmRkXkEyXkFqcGc@._V1_SX300.jpg,"[{'Source': 'Internet Movie Database', 'Value': '6.4/10'}, {'Source': 'Rotten Tomatoes', 'Value': '60%'}]",,6.4,"13,974",tt1230448,movie,,"$754,928",,,True,,Billu
468,Paheli,2005,Not Rated,24 Jun 2005,140 min,"Comedy, Drama, Fantasy",Amol Palekar,"Vijayadan Detha, Sandhya Gokhale, Amol Palekar","Shah Rukh Khan, Rani Mukerji, Anupam Kher",A folk tale - supernatural love story about a ghost who falls in love with a newlywed woman.,Hindi,India,5 wins & 14 nominations,https://m.media-amazon.com/images/M/MV5BN2Y5YzliMDctZDNlYy00YmVmLWJhOGEtYTcyNGNlMTc0NGJkXkEyXkFqcGc@._V1_SX300.jpg,"[{'Source': 'Internet Movie Database', 'Value': '6.4/10'}, {'Source': 'Rotten Tomatoes', 'Value': '63%'}]",,6.4,"14,491",tt0451850,movie,,"$1,409,499",,,True,,Paheli
469,Rock On!!,2008,Not Rated,29 Aug 2008,145 min,"Drama, Music",Abhishek Kapoor,"Farhan Akhtar, Pubali Chaudhuri, Abhishek Kapoor","Arjun Rampal, Farhan Akhtar, Luke Kenny",Four friends reunite to relive their moments of glory as a rock band.,Hindi,India,21 wins & 37 nominations,https://m.media-amazon.com/images/M/MV5BMTM2NjIwODc4N15BMl5BanBnXkFtZTcwMDgwMzM4MQ@@._V1_SX300.jpg,"[{'Source': 'Internet Movie Database', 'Value': '7.7/10'}]",,7.7,"23,015",tt1230165,movie,,,,,True,,Rock On!!
470,"LSD: Love, Sex Aur Dhokha",2010,Not Rated,19 Mar 2010,155 min,"Comedy, Crime, Drama",Dibakar Banerjee,"Dibakar Banerjee, Kanu Behl","Nushrratt Bharuccha, Anshuman Jha, Neha Chauhan","A video camcorder, a store security camera, and concealed cameras candidly expose lives in three loosely-linked tales.","Hindi, Punjabi, English",India,7 wins & 10 nominations,https://m.media-amazon.com/images/M/MV5BZmEyMjMyNWYtMmRkOC00NzE3LWE3ZDgtZjNmMjk3YmJjNDAyXkEyXkFqcGc@._V1_SX300.jpg,"[{'Source': 'Internet Movie Database', 'Value': '7.1/10'}]",,7.1,"6,310",tt1608777,movie,,,,,True,,"LSD: Love, Sex Aur Dhokha"
471,Break Ke Baad,2010,TV-14,26 Nov 2010,118 min,"Comedy, Drama, Romance",Danish Aslam,"Danish Aslam, Vishal Dadlani, Prasoon Joshi","Imran Khan, Deepika Padukone, Namit Shah","Aaliya is not ready for commitment even after a decade-long friendship with Abhay. She remains indifferent when he follows her to Australia, but is finally shaken when he announces his marriage.","Hindi, English",India,3 nominations,https://m.media-amazon.com/images/M/MV5BMTA1Nzg5NjI2NDZeQTJeQWpwZ15BbWU3MDY4OTgyMTQ@._V1_SX300.jpg,"[{'Source': 'Internet Movie Database', 'Value': '5.2/10'}, {'Source': 'Rotten Tomatoes', 'Value': '17%'}]",,5.2,"4,641",tt1578261,movie,,"$427,628",,,True,,Break Ke Baad
472,Kaminey,2009,Not Rated,14 Aug 2009,130 min,"Action, Crime, Drama",Vishal Bhardwaj,"Cajetan Boy, Supratik Sen, Abhishek Chaubey","Shahid Kapoor, Priyanka Chopra Jonas, Deb Mukherjee","The desperate lives of two estranged twin brothers converge over missing drugs, politics, racial prejudice, corrupt cops and an unplanned pregnancy.","Hindi, Marathi, Bengali, English, Portuguese",India,11 wins & 48 nominations,https://m.media-amazon.com/images/M/MV5BMTM2MTQ4NTY1Nl5BMl5BanBnXkFtZTcwMDI3NTU2Mg@@._V1_SX300.jpg,"[{'Source': 'Internet Movie Database', 'Value': '7.4/10'}, {'Source': 'Rotten Tomatoes', 'Value': '100%'}]",,7.4,"18,336",tt1274295,movie,,"$1,291,827",,,True,,Kaminey
473,Fuga,2006,,27 Mar 2006,110 min,"Drama, Music, Thriller",Pablo Larraín,"Hernan Rodriguez Matte, Mateo Iribarren, Pablo Larraín","Benjamín Vicuña, Gastón Pauls, Francisca Imboden",A film about a classical composer who goes insane.,Spanish,"Argentina, Chile",5 wins & 2 nominations,https://m.media-amazon.com/images/M/MV5BNDA1OGQxMGUtMzc2My00NzExLTk1MTgtNmZiYWE5MDQ3ZjJjXkEyXkFqcGdeQXVyMTcxNTYyMjM@._V1_SX300.jpg,"[{'Source': 'Internet Movie Database', 'Value': '6.3/10'}]",,6.3,"1,228",tt0442236,movie,,,,,True,,Fuga
474,Zozo,2005,,02 Sep 2005,105 min,"Drama, Family, War",Josef Fares,Josef Fares,"Imad Creidi, Antoinette Turk, Elias Gergi",A Lebanese boy gets separated from his family during the civil war and ends up in Sweden.,"Arabic, Swedish","Sweden, Czech Republic, United Kingdom, Denmark, Netherlands",6 wins & 3 nominations,https://m.media-amazon.com/images/M/MV5BNzgwZWY4ODItMjQzZS00MmUxLTliYWUtMTg5YjBjOTAxNTUwXkEyXkFqcGc@._V1_SX300.jpg,"[{'Source': 'Internet Movie Database', 'Value': '6.5/10'}]",,6.5,"3,405",tt0448267,movie,,,,,True,,Zozo
475,Luck by Chance,2009,Not Rated,30 Jan 2009,156 min,Drama,Zoya Akhtar,"Zoya Akhtar, Javed Akhtar, Athar Nawaaz","Farhan Akhtar, Konkona Sen Sharma, Rishi Kapoor","When Vikram gets tapped to play the male lead in a Bollywood film, he can't believe his luck. But it may ruin his relationship with his girlfriend.","Hindi, English",India,8 wins & 21 nominations,https://m.media-amazon.com/images/M/MV5BMTY4NjIxNDc3Nl5BMl5BanBnXkFtZTcwNDc4NTk5Mw@@._V1_SX300.jpg,"[{'Source': 'Internet Movie Database', 'Value': '7.1/10'}, {'Source': 'Rotten Tomatoes', 'Value': '83%'}, {'Source': 'Metacritic', 'Value': '58/100'}]",58.0,7.1,"11,220",tt0886539,movie,,"$356,019",,,True,,Luck by Chance
476,Chhota Bheem,2008–,TV-PG,06 Apr 2008,15 min,"Animation, Action, Adventure",,,"Sabina Malik Mausam, Rajesh Kava, Kaustav Ghosh",Chhota Bheem is an Indian animated series adventures about a boy named Bheem and his friends in fictional village of Dholakpur.Bheem and his friends are usually involved in protecting the village from various evil forces.,Hindi,India,2 wins & 6 nominations,https://m.media-amazon.com/images/M/MV5BMjFhNzU4NmItOTczMC00YTMyLTkzZjgtNTJjZDA0YmRkZTc4XkEyXkFqcGc@._V1_SX300.jpg,"[{'Source': 'Internet Movie Database', 'Value': '4.7/10'}]",,4.7,"1,264",tt4570986,series,,,,,True,10.0,Chhota Bheem
477,Honeymoon Travels Pvt. Ltd.,2007,Not Rated,23 Feb 2007,118 min,"Comedy, Drama, Romance",Reema Kagti,"Reema Kagti, Anurag Kashyap","Abhay Deol, Minissha Lamba, Boman Irani","Six newly-married, diverse, honeymooning couples face marital bliss and discord, finding out more about themselves, their significant others and life in this happy-go-lucky, quirky drama.","Hindi, English, Bengali, Urdu, Bhojpuri",India,1 win & 6 nominations total,https://m.media-amazon.com/images/M/MV5BOTNiNjY5NTgtNzkyZC00NDVhLTkzOGQtMDI1NmMyNWY1Mzc3XkEyXkFqcGc@._V1_SX300.jpg,"[{'Source': 'Internet Movie Database', 'Value': '6.1/10'}]",,6.1,"3,010",tt0808306,movie,,,,,True,,Honeymoon Travels Pvt. Ltd.
478,Manorama: Six Feet Under,2007,Not Rated,21 Sep 2007,137 min,"Crime, Drama, Mystery",Navdeep Singh,"Devika Bhagat, Navdeep Singh, Manoj Tapadia","Abhay Deol, Gul Panag, Raima Sen","Manorama, wife of an irrigation minister, tasks Satyaveer to find if her husband is cheating. As Satyaveer starts investigating, he gets trapped in a web of lies and must uncover the entire truth.",Hindi,India,2 nominations total,https://m.media-amazon.com/images/M/MV5BMzdhMjI4NWItOWMwMy00ZWYzLWI3ODItNzNlNTNjNTkwZmZjXkEyXkFqcGc@._V1_SX300.jpg,"[{'Source': 'Internet Movie Database', 'Value': '7.5/10'}]",,7.5,"8,953",tt0920464,movie,,,,,True,,Manorama: Six Feet Under
479,Untold Indore and Beyond - Dhobi Ghat,2017,,15 Mar 2017,,"Documentary, Short","Anushtha Agrawal, Pranjal Joshi",Anushtha Agrawal,,"To know someone's life better, it is important to be among them. Taking a closer look into a community's lifestyle and culture, helps us to explore magnificent angles which otherwise remain unseen. That is why we have travelled to...","English, Hindi",India,,https://m.media-amazon.com/images/M/MV5BMmY2ZGFiMGEtMGMyMS00MjViLWI4OTgtZjJkMzBlNTFjODFlXkEyXkFqcGdeQXVyOTA5OTA2NDY@._V1_SX300.jpg,[],,,,tt8843396,movie,,,,,True,,Untold Indore and Beyond - Dhobi Ghat
480,Inuyasha the Movie 4: Fire on the Mystic Island,2004,Not Rated,20 Jul 2006,89 min,"Animation, Action, Adventure",Toshiya Shinohara,"Rumiko Takahashi, Katsuyuki Sumizawa","Kappei Yamaguchi, Satsuki Yukino, Kôji Tsujitani",The past catches up with the world of Inuyasha and Kagome's present in a form they could never have anticipated.,Japanese,Japan,,https://m.media-amazon.com/images/M/MV5BMTIwOTEwODQ2Nl5BMl5BanBnXkFtZTcwMTkzODQzMQ@@._V1_SX300.jpg,"[{'Source': 'Internet Movie Database', 'Value': '7.2/10'}]",,7.2,"2,058",tt0473658,movie,,,,,True,,Inuyasha the Movie 4: Fire on the Mystic Island
481,Fated to Love You,2014,TV-14,02 Jul 2014,60 min,"Comedy, Romance",,,"Jang Hyuk, Jang Na-ra, Choi Jin-hyuk","A touching Korean drama filled with comedy about a girl who finds happiness, friendship and love in the most unexpected way!",Korean,South Korea,1 win & 8 nominations total,https://m.media-amazon.com/images/M/MV5BNjdhNjdmNjUtZjNjNy00NWUxLTkwODUtYTk1YTUzY2FiZDI1XkEyXkFqcGc@._V1_SX300.jpg,"[{'Source': 'Internet Movie Database', 'Value': '7.9/10'}]",,7.9,"3,530",tt3865722,series,,,,,True,1.0,Fated to Love You
482,Dev.D,2009,Not Rated,06 Feb 2009,144 min,"Comedy, Drama, Romance",Anurag Kashyap,"Sarat Chandra Chattopadhyay, Abhay Deol, Vikramaditya Motwane","Abhay Deol, Mahie Gill, Kalki Koechlin","After breaking up with his childhood sweetheart, a young man finds solace in drugs. Meanwhile, a teenage girl is caught in the world of prostitution. Will they be destroyed, or will they find redemption?",Hindi,India,12 wins & 27 nominations,https://m.media-amazon.com/images/M/MV5BZThhZjhiNGItOWM5ZS00ODM2LWI0OWItYWIzYzc1MWQyMzNlXkEyXkFqcGc@._V1_SX300.jpg,"[{'Source': 'Internet Movie Database', 'Value': '7.9/10'}]",,7.9,"32,649",tt1327035,movie,,"$18,613",,,True,,Dev.D
483,Karthik Calling Karthik,2010,Not Rated,26 Feb 2010,135 min,"Drama, Mystery, Romance",Vijay Lalwani,Vijay Lalwani,"Farhan Akhtar, Deepika Padukone, Ram Kapoor","A much abused loner achieves success, and even wins the heart of his gorgeous co-worker, after getting early morning mysterious phone calls from someone.","Hindi, Urdu",India,8 nominations total,https://m.media-amazon.com/images/M/MV5BMTg4NzUyNDExMl5BMl5BanBnXkFtZTcwOTg3NTk5Mw@@._V1_SX300.jpg,"[{'Source': 'Internet Movie Database', 'Value': '7.1/10'}, {'Source': 'Rotten Tomatoes', 'Value': '80%'}]",,7.1,"14,429",tt1373156,movie,,"$286,409",,,True,,Karthik Calling Karthik
484,Dostana,2008,Not Rated,14 Nov 2008,145 min,"Comedy, Drama, Romance","Tarun Mansukhani, Punit Malhotra","Anvita Dutt, Tarun Mansukhani","Abhishek Bachchan, John Abraham, Priyanka Chopra Jonas","Two straight guys pretend to be gay in order to secure a Miami apartment. When both of them fall for their roommate Neha, hilarity ensues as they strive to convince one and all that they're gay whilst secretly trying to win her he...","Hindi, English","India, United States",5 wins & 22 nominations total,https://m.media-amazon.com/images/M/MV5BMDhhYjUyNGEtMmY2My00ZDE2LWIyNjMtMTNkNzVmZGFmMmE0XkEyXkFqcGc@._V1_SX300.jpg,"[{'Source': 'Internet Movie Database', 'Value': '6.4/10'}, {'Source': 'Rotten Tomatoes', 'Value': '81%'}]",,6.4,"16,563",tt1185420,movie,,"$1,243,910",,,True,,Dostana
485,Behind Enemy Lines,2001,PG-13,30 Nov 2001,106 min,"Action, Drama, Thriller",John Moore,"Jim Thomas, John Thomas, David Veloz","Gene Hackman, Owen Wilson, Gabriel Macht","A disillusioned navigator, shot down over war-torn Bosnia, goes on the run from the local military as well as an assassin, while his commanding officer risks all to save him.","English, Serbo-Croatian, Spanish, Czech",United States,1 win & 2 nominations total,https://m.media-amazon.com/images/M/MV5BNTBjYjM3MTQtNmIxMi00MDY0LWExMGItYzY5MWI2MjU4YWNhXkEyXkFqcGc@._V1_SX300.jpg,"[{'Source': 'Internet Movie Database', 'Value': '6.4/10'}, {'Source': 'Rotten Tomatoes', 'Value': '36%'}, {'Source': 'Metacritic', 'Value': '49/100'}]",49.0,6.4,"117,437",tt0159273,movie,,"$58,856,790",,,True,,Behind Enemy Lines
486,A Lion in the House,2006,Not Rated,28 Jul 2006,225 min,Documentary,"Steven Bognar, Julia Reichert",,"Justin Ashcraft, Adam Ashcraft, Dale Ashcraft",Five families struggle with the ups and downs of cancer treatment over the course of six years.,English,United States,Won 1 Primetime Emmy. 1 win & 3 nominations total,https://m.media-amazon.com/images/M/MV5BMjEyNzY2MDQ5NV5BMl5BanBnXkFtZTgwMjc5OTkwMzE@._V1_SX300.jpg,"[{'Source': 'Internet Movie Database', 'Value': '8.8/10'}, {'Source': 'Rotten Tomatoes', 'Value': '100%'}]",,8.8,400,tt0492472,movie,,,,,True,,A Lion in the House
487,Romantik Komedi,2010,,05 Feb 2010,95 min,"Comedy, Romance",Ketche,"Ceren Aslan, Asli Zengin","Sedef Avci, Cemal Hünal, Begüm Kütük","At her friend Zeynep's wedding, Esra, who works in logistics and lives with friend Didem, realizes she's unhappy with her life. She decides to make changes, quitting her job and breaking up with her boyfriend.",Turkish,Turkey,1 win & 1 nomination total,https://m.media-amazon.com/images/M/MV5BNTI2OTYxNTczMF5BMl5BanBnXkFtZTgwNzMwODc0NDE@._V1_SX300.jpg,"[{'Source': 'Internet Movie Database', 'Value': '5.3/10'}]",,5.3,"5,566",tt1587263,movie,,,,,True,,Romantik Komedi
488,Kurbaan,2009,Not Rated,20 Nov 2009,161 min,"Action, Crime, Drama",Renzil D'Silva,"Renzil D'Silva, Niranjan Iyengar, Karan Johar","John McKeever, Lewis Tan, Kareena Kapoor","A woman finds that her neighbors are terrorists, and her husband is not who he claims to be.","Hindi, Urdu, English",India,6 wins & 16 nominations total,https://m.media-amazon.com/images/M/MV5BNTk2MDExMjAtMzNhNi00MzZjLWJmODAtZjI1YWU1MzQ2YTA1XkEyXkFqcGc@._V1_SX300.jpg,"[{'Source': 'Internet Movie Database', 'Value': '5.7/10'}]",,5.7,"5,685",tt1185442,movie,,"$754,268",,,True,,Kurbaan
489,Pecados capitales,2002–,TV-MA,14 Oct 2002,,"Comedy, Drama, Romance",,,"María José Martínez, Frank Ramírez, Patricia Castañeda",Evaristo Salinas is a successful businessman in his old age but knows he will die and decides to build a game between his family to see who is worthy of his inheritance. Each member of the Salinas family will be a cardinal sin.,Spanish,Colombia,,https://m.media-amazon.com/images/M/MV5BODEwOGVkM2YtZTM3NS00Y2E4LWFiYWMtZTQzOTkwMjYwNWE3XkEyXkFqcGc@._V1_SX300.jpg,"[{'Source': 'Internet Movie Database', 'Value': '8.4/10'}]",,8.4,250,tt0355119,series,,,,,True,1.0,Pecados capitales
490,Once Upon a Time in Mumbaai,2010,Not Rated,30 Jul 2010,134 min,"Action, Crime, Drama",Milan Luthria,Rajat Arora,"Ajay Devgn, Emraan Hashmi, Kangana Ranaut","As a smuggler rises to power in in 1970s Mumbai, a younger gangster seeks to overthrow him and a police officer is caught in the middle.",Hindi,India,19 wins & 54 nominations total,https://m.media-amazon.com/images/M/MV5BNWZjODlkNWItMTc1ZC00YWQ5LTg0OWYtZDQ3ZTQ2NzcxMWNmXkEyXkFqcGc@._V1_SX300.jpg,"[{'Source': 'Internet Movie Database', 'Value': '7.4/10'}, {'Source': 'Rotten Tomatoes', 'Value': '60%'}]",,7.4,"19,291",tt1395054,movie,,,,,True,,Once Upon a Time in Mumbaai
491,Delhi-6,2009,Not Rated,20 Feb 2009,141 min,Drama,Rakeysh Omprakash Mehra,"Rakeysh Omprakash Mehra, Prasoon Joshi, Kamlesh Pandey","Waheeda Rehman, Abhishek Bachchan, Sonam Kapoor","In the ancient walled city of Delhi, an American-born Indian finds himself on an unexpected inner journey as he learns about himself and his roots.","Hindi, English","India, United States",11 wins & 26 nominations total,https://m.media-amazon.com/images/M/MV5BMTMyMTE4MTMyOV5BMl5BanBnXkFtZTcwNTU5OTkyMg@@._V1_SX300.jpg,"[{'Source': 'Internet Movie Database', 'Value': '6.2/10'}, {'Source': 'Rotten Tomatoes', 'Value': '36%'}, {'Source': 'Metacritic', 'Value': '45/100'}]",45.0,6.2,"8,765",tt1043451,movie,,"$879,913",,,True,,Delhi-6
492,InuYasha the Movie 3: Swords of an Honorable Ruler,2003,Not Rated,01 May 2006,99 min,"Animation, Action, Adventure",Toshiya Shinohara,"Rumiko Takahashi, Katsuyuki Sumizawa","Kappei Yamaguchi, Satsuki Yukino, Kôji Tsujitani","After 700 years the sword Sounga, who belonged to the Great Dog Demon, is unleashed, tearing a rift in the barrier between the underworld and the earth and stirring the restless souls.",Japanese,Japan,,https://m.media-amazon.com/images/M/MV5BMzI3Mzk1Mjg5OV5BMl5BanBnXkFtZTcwNzMzNjAzMQ@@._V1_SX300.jpg,"[{'Source': 'Internet Movie Database', 'Value': '7.6/10'}]",,7.6,"2,472",tt0396659,movie,,,,,True,,InuYasha the Movie 3: Swords of an Honorable Ruler
493,Bluffmaster,2005,Not Rated,16 Dec 2005,137 min,"Comedy, Crime, Drama",Rohan Sippy,"Rajat Arora, Shridhar Raghavan","Abhishek Bachchan, Priyanka Chopra Jonas, Riteish Deshmukh","A conman Roy, gets dumped by his girl-friend. Then he finds out he has a fatal disease. On the verge of death, he resolves to do some good, by helping his apprentice Dittu hoodwink the mobster who hurt his (Dittu's) family.",Hindi,India,1 win & 4 nominations total,https://m.media-amazon.com/images/M/MV5BMjE4MGEzMmItZDIzYy00YmY0LTgzNjAtODY0MDc4OGM3MGJiXkEyXkFqcGc@._V1_SX300.jpg,"[{'Source': 'Internet Movie Database', 'Value': '6.6/10'}]",,6.6,"6,831",tt0476527,movie,,"$718,956",,,True,,Bluffmaster
494,Golmaal Returns,2008,Not Rated,29 Oct 2008,135 min,"Comedy, Crime, Mystery",Rohit Shetty,"Indie, Rumi Jaffery, Ashiesh Pandit","Ajay Devgn, Kareena Kapoor, Arshad Warsi","A man is sandwiched between his over possessive wife and a police inspector, where he is suspected for adultery and murder.",Hindi,India,3 wins & 6 nominations total,https://m.media-amazon.com/images/M/MV5BZjdlYjIyZmQtODdjNC00ZmU1LTkxMjctZDI2ODhiMGQ3YWMzXkEyXkFqcGc@._V1_SX300.jpg,"[{'Source': 'Internet Movie Database', 'Value': '5.3/10'}, {'Source': 'Rotten Tomatoes', 'Value': '0%'}]",,5.3,"10,094",tt1092005,movie,,,,,True,,Golmaal Returns
495,Oye Lucky! Lucky Oye!,2008,Not Rated,28 Nov 2008,125 min,"Comedy, Crime, Drama",Dibakar Banerjee,"Dibakar Banerjee, Urmi Juvekar, Manu Rishi Chadha","Abhay Deol, Paresh Rawal, Nitu Chandra","Lovinder Singh, a thief now in custody and facing trial, reflects on his life of crime while the press reflect on how he managed to get away with so much before being arrested.",Hindi,India,7 wins & 6 nominations,https://m.media-amazon.com/images/M/MV5BNjA1MjM2NTM3MV5BMl5BanBnXkFtZTcwODIyMjk5MQ@@._V1_SX300.jpg,"[{'Source': 'Internet Movie Database', 'Value': '7.7/10'}]",,7.7,"18,339",tt1292703,movie,,"$80,037",,,True,,Oye Lucky! Lucky Oye!
496,Kaal,2005,Not Rated,29 Apr 2005,126 min,"Adventure, Horror, Mystery",Soham Shah,Soham Shah,"Ajay Devgn, Vivek Oberoi, John Abraham","A tiger expert, his wife, two tourists and a village chief engage in a battle for survival against supernatural beasts within Jim Corbett National Wildlife Park.",Hindi,India,2 nominations,https://m.media-amazon.com/images/M/MV5BZmQyNmQ4MTgtMTUyYS00ZjE0LTk2ODItZTdjMDJkYmNjNDZlXkEyXkFqcGc@._V1_SX300.jpg,"[{'Source': 'Internet Movie Database', 'Value': '4.7/10'}]",,4.7,"6,140",tt0415908,movie,,"$345,091",,,True,,Kaal
497,Shootout at Lokhandwala,2007,Not Rated,25 May 2007,122 min,"Action, Crime, Drama",Apoorva Lakhia,"Apoorva Lakhia, Suresh Nair, Raj Vasant","Amitabh Bachchan, Sanjay Dutt, Suniel Shetty","An account of the gangster Maya Dolas and his gang which terrorized Mumbai City, and the ensuing standoff between Mumbai Police and the gang on 16 November 1991.",Hindi,India,3 wins & 8 nominations,https://m.media-amazon.com/images/M/MV5BYjUwNGIwNWYtNjY2OS00ZjAyLWFlMDUtNzM1ZDZkMmQwNGI1XkEyXkFqcGc@._V1_SX300.jpg,"[{'Source': 'Internet Movie Database', 'Value': '7.1/10'}]",,7.1,"11,047",tt0811066,movie,,"$289,232",,,True,,Shootout at Lokhandwala
498,Kannathil Muthamittal,2022–,,11 Apr 2022,,Drama,,,"Manishajith, Divya Padmini, Ammu Ramachandran",,Tamil,India,,,[],,,,tt19403194,series,,,,,True,1.0,Kannathil Muthamittal
499,Madness in the Desert: Paris to Dakar Rally,2013,,24 Feb 2013,59 min,"Documentary, Sport","Richard Heap, John L Matthews, John L. Matthews","Richard Heap, John L. Matthews","Thierry Sabine, Mark Thatcher",The story of the Paris to Dakar Rally started by Thiery Sabine,English,United Kingdom,,https://m.media-amazon.com/images/M/MV5BMjY1M2UwMTUtNTEzNi00MDU0LWFlYzYtNmEyY2MwODBjODE0L2ltYWdlXkEyXkFqcGdeQXVyNTM0MTIyMjQ@._V1_SX300.jpg,"[{'Source': 'Internet Movie Database', 'Value': '7.7/10'}]",,7.7,56,tt3278006,movie,,,,,True,,Madness in the Desert: Paris to Dakar Rally
500,What's Your Raashee?,2009,Not Rated,02 Oct 2009,195 min,"Comedy, Drama, Romance",Ashutosh Gowariker,"Tapan Bhatt, Ashutosh Gowariker, Naushil Mehta","Harman Baweja, Priyanka Chopra Jonas, Anjan Srivastav","A young man has only ten days to locate his soulmate as dictated by the stars, otherwise he could lose a fortune. He thus embarks on a journey through love, looking through twelve girls to find the one who fits his horoscope.",Hindi,India,3 nominations,https://m.media-amazon.com/images/M/MV5BYTAxODZiZGItODgwNC00OGY0LThlNmItM2I5OTFjODUyZmQ1XkEyXkFqcGc@._V1_SX300.jpg,"[{'Source': 'Internet Movie Database', 'Value': '4.8/10'}]",,4.8,"2,901",tt1242530,movie,,"$257,868",,,True,,What's Your Raashee?
501,Kyaa Kool Hai Hum,2005,Unrated,06 May 2005,172 min,"Comedy, Mystery",Sangeeth Sivan,"Sachin Yardi, Pankaj Trivedi","Tusshar Kapoor, Riteish Deshmukh, Isha Koppikar",Karan and Rahul are fashion designers and surives on food of others functions. But some twists and confusion changes their life.,Hindi,India,1 win & 6 nominations total,https://m.media-amazon.com/images/M/MV5BMjA4MzM3ODE5MF5BMl5BanBnXkFtZTgwMzI1MDA2MDE@._V1_SX300.jpg,"[{'Source': 'Internet Movie Database', 'Value': '6.1/10'}]",,6.1,"3,997",tt0456500,movie,,,,,True,,Kyaa Kool Hai Hum
502,My Führer,2007,,11 Jan 2007,89 min,"Comedy, Drama, War",Dani Levy,Dani Levy,"Helge Schneider, Ulrich Mühe, Sylvester Groth",This action comedy is set in 1944. Hitler appears in it as a physically and mentally destroyed person who takes the advice of Goebbels and goes to a Jewish concentration camp to receive lessons in eloquence to inspire the German p...,"German, Hebrew, Yiddish",Germany,2 wins & 2 nominations total,https://m.media-amazon.com/images/M/MV5BMWUyZGZhYTEtNTAzMS00YjlkLWJmNWUtYjNmZWNhMDAwZTZiXkEyXkFqcGc@._V1_SX300.jpg,"[{'Source': 'Internet Movie Database', 'Value': '5.5/10'}]",,5.5,"4,640",tt0780568,movie,,"$2,465",,,True,,My Führer
503,Splatter,2009,TV-14,30 Oct 2009,29 min,"Comedy, Horror",,,"Corey Feldman, Tony Todd, Erin Way","After self-righteous rock star Jonny Splatter puts a bullet in his own head, only five people are chosen to attend the reading of Splatter's will: the manager, the shrink, the guitarist, the lover, and the groupie. Will they get w...",English,United States,,https://m.media-amazon.com/images/M/MV5BYzZhYjUyNDYtZTdkZi00OTczLTkwZDktMjIyMmM5MGFiZjljXkEyXkFqcGc@._V1_SX300.jpg,"[{'Source': 'Internet Movie Database', 'Value': '3.1/10'}]",,3.1,736,tt1576464,series,,,,,True,1.0,Splatter
504,Eternal Summer,2006,Not Rated,13 Oct 2006,95 min,"Drama, Romance",Leste Chen,"Leste Chen, Cheng-Ping Hsu, Chi-yao Wang","Hsiao-chuan Chang, Ray Chang, Kate Yeung",Inseparable childhood friends Shou-heng and Cheng-shing have their world thrown into chaos when a new girl comes to town and falls for Shou-heng. Director Leste Chen's sensitive tale of friendship and yearning.,Mandarin,Taiwan,1 win & 7 nominations,https://m.media-amazon.com/images/M/MV5BMDQ3ZGNlZjMtMjM1Yy00OTg3LThhNTItZTQxMDQ5OTJkYTNiXkEyXkFqcGc@._V1_SX300.jpg,"[{'Source': 'Internet Movie Database', 'Value': '6.9/10'}]",,6.9,"3,325",tt0885520,movie,,,,,True,,Eternal Summer
505,The Ultimatum,2009,,27 May 2009,45 min,Drama,,,"Zoe Tay, Fann Wong, Nan Xing Li","Love and intrigue swirl around two women -- one a champion of human rights, the other an ambitious businesswoman -- who were switched at birth.","Mandarin, Chinese",Singapore,,https://m.media-amazon.com/images/M/MV5BZTIzMjA3MGEtMjAwOS00NjJjLWFjMjktZTRkM2U4MDQyNTQwXkEyXkFqcGdeQXVyMjg0MTI5NzQ@._V1_SX300.jpg,[],,,9,tt1682704,series,,,,,True,1.0,The Ultimatum
506,Jim Gaffigan: Beyond the Pale,2006,TV-14,15 Nov 2023,72 min,Comedy,Michael Drumm,Jim Gaffigan,"Jim Gaffigan, Jeannie Gaffigan","In this brand-new comedy performance, he's more hilarious than ever with his unique style of self-deprecating observations and catty audience commentary.",English,United States,,https://m.media-amazon.com/images/M/MV5BMTk3NjU2ODY5NF5BMl5BanBnXkFtZTgwNTEyODkwMzE@._V1_SX300.jpg,"[{'Source': 'Internet Movie Database', 'Value': '7.8/10'}]",,7.8,"4,345",tt0815456,movie,,,,,True,,Jim Gaffigan: Beyond the Pale
507,Mumbai Meri Jaan,2008,Not Rated,22 Aug 2008,134 min,Drama,Nishikant Kamat,"Yogesh Vinayak Joshi, Upendra Sidhaye","Paresh Rawal, Kay Kay Menon, Irrfan Khan","A moving portrayal of the 2006 train bombings in Mumbai, this Indian drama follows the interconnected stories of several strangers.",Hindi,India,5 wins & 6 nominations,https://m.media-amazon.com/images/M/MV5BNTMwMmQ3YmYtODU3MS00NzRhLTkyZGEtM2Q5OWRlMGQxMzIyXkEyXkFqcGdeQXVyODE5NzE3OTE@._V1_SX300.jpg,"[{'Source': 'Internet Movie Database', 'Value': '7.7/10'}]",,7.7,"6,610",tt1266583,movie,,"$16,407",,,True,,Mumbai Meri Jaan
508,Spookley the Square Pumpkin,2005,G,19 Oct 2005,45 min,"Animation, Family",Bernie Denk,"Joe Troiano (based on the book by), Joe Troiano, Tom Hughes","Sonja Ball, Craig Francis, Rick Jones, Michel Perron",Poor Spookley is a pumpkin who's shape is square rather then round. He's teased and taunted by other mean round pumpkins. But he receives help from a Scarecrow and his 2 bat side-kicks and 3 very funny spiders.,English,USA,,https://m.media-amazon.com/images/M/MV5BOTA0MTg1ODY1NV5BMl5BanBnXkFtZTcwMzExMzcyMQ@@._V1_SX300.jpg,"[{'Source': 'Internet Movie Database', 'Value': '4.9/10'}]",,4.9,283,tt0426581,movie,,,,,True,,Spookley the Square Pumpkin
509,Kevin James: Sweat the Small Stuff,2001,TV-PG,23 Jul 2001,60 min,"Documentary, Comedy",Paul Miller,Kevin James,Kevin James,"Kevin James. The big, sweaty, funny man from the hit sitcom The King of Queens performs his talents on stage.",English,United States,,https://m.media-amazon.com/images/M/MV5BMTI0NzQwNjA0Ml5BMl5BanBnXkFtZTcwMDY4NTgxMQ@@._V1_SX300.jpg,"[{'Source': 'Internet Movie Database', 'Value': '7.4/10'}]",,7.4,"1,172",tt0305727,movie,,,,,True,,Kevin James: Sweat the Small Stuff
510,Mukhsin,2006,,08 Mar 2007,95 min,"Comedy, Drama, Family",Yasmin Ahmad,Yasmin Ahmad,"Mohd Syafie Naswip, Sharifah Aryana, Salehuddin Abu Bakar","An endearing coming-of-age film - riding a bike, flying a kite, climbing trees, being raised by goofy yet loving parents and a friendship that lasts a lifetime. Written and directed by the late Yasmin Ahmad.","Malay, English, Mandarin",Malaysia,5 wins & 5 nominations,https://m.media-amazon.com/images/M/MV5BNzM1NjY4ODItYzIzYi00NWM3LWFjYWEtZjE5ZmVhNDk4Njc4XkEyXkFqcGc@._V1_SX300.jpg,"[{'Source': 'Internet Movie Database', 'Value': '7.3/10'}]",,7.3,501,tt0863091,movie,,,,,True,,Mukhsin
511,This Is the Life,2008,,09 Feb 2008,97 min,Documentary,Ava DuVernay,Ava DuVernay,"2Mex, Chali 2na, Cut Chemist","A feature-length documentary that chronicles ""The Good Life"" emcees, the alternative music movement they developed, and their worldwide influence on the art form.",English,United States,5 wins & 1 nomination,https://m.media-amazon.com/images/M/MV5BMTI2MTM4NTUzMV5BMl5BanBnXkFtZTcwNjAzOTEzMg@@._V1_SX300.jpg,"[{'Source': 'Internet Movie Database', 'Value': '6.9/10'}]",,6.9,298,tt1178658,movie,,,,,True,,This Is the Life
512,The Unjust,2010,Not Rated,28 Oct 2010,119 min,"Action, Crime, Drama",Ryoo Seung-wan,Park Hoon-jung,"Hwang Jung-min, Ryu Seung-beom, Yoo Hae-jin","When the most probable serial killer suspect dies and the case looks like it's reached a dead end, police brass decide to create a killer - and anyone will do.",Korean,South Korea,3 wins & 15 nominations total,https://m.media-amazon.com/images/M/MV5BMTY2MTI5ODIzMl5BMl5BanBnXkFtZTgwNzI3MDE0MjE@._V1_SX300.jpg,"[{'Source': 'Internet Movie Database', 'Value': '6.6/10'}]",,6.6,"2,748",tt1843120,movie,,,,,True,,The Unjust
513,C Kkompany,2008,Not Rated,29 Aug 2008,127 min,"Comedy, Drama, Thriller",Sachin Yardi,"Shabbir Ahmed, Anand Raj Anand, Rahul Awate","Tusshar Kapoor, Anupam Kher, Rajpal Naurang Yadav","Three down on their luck men adapts a strategical idea of extortion, only to find themselves in deep trouble.",Hindi,India,,https://m.media-amazon.com/images/M/MV5BNzE4ZWNmYWUtNDFhNC00MWEzLWIyZDEtNWMyMDAxMjY4NTA5XkEyXkFqcGc@._V1_SX300.jpg,"[{'Source': 'Internet Movie Database', 'Value': '5.5/10'}]",,5.5,"1,361",tt1170399,movie,,,,,True,,C Kkompany
514,Bosta,2005,,15 Mar 2006,142 min,"Musical, War",Philippe Aractingi,Philippe Aractingi,"Rodney El Haddad, Nadine Labaki, Nada Abou Farhat","Fifteen years after a traumatic explosion in his native Beirut, Kamal Maf'ouss returns from France, where he was nationalized and become a composer-choreographer. He reassembles youth friends from his late pa's multicultural schoo...",Arabic,Lebanon,,https://m.media-amazon.com/images/M/MV5BMTI2MTQzMjMyNl5BMl5BanBnXkFtZTcwNDk3NDc0MQ@@._V1_SX300.jpg,"[{'Source': 'Internet Movie Database', 'Value': '6.4/10'}]",,6.4,628,tt0497335,movie,,,,,True,,Bosta
515,Osuofia in London,2003,,,105 min,"Comedy, Drama",Kingsley Ogoro,"Kola Munis, Kingsley Ogoro","Nkem Owoh, Sebastian Hall, Mara Ashton, Charles Angiama","'Osuofia in London' offers a variation on an old story: a country bumpkin comes to town, where city slickers try -- and ultimately fail -- to take advantage of him and steal his money....",English,Nigeria,,,"[{'Source': 'Internet Movie Database', 'Value': '7.3/10'}]",,7.3,86,tt0493828,movie,,,,,True,,Osuofia in London
516,Linewatch,2008,R,21 Oct 2008,90 min,"Crime, Drama, Thriller",Kevin Bray,David W. Warfield,"Cuba Gooding Jr., Omari Hardwick, Evan Ross",A US Border Patrol agent is recognized by members of the vicious LA gang he used to be a part of and is forced to help them smuggle drugs.,"English, Spanish",United States,,https://m.media-amazon.com/images/M/MV5BNWIzNzc4MjctNTViZi00MzgwLWEwM2ItYjBmMmQzNTE3YTY0XkEyXkFqcGc@._V1_SX300.jpg,"[{'Source': 'Internet Movie Database', 'Value': '5.5/10'}]",,5.5,"3,087",tt1047832,movie,,,,,True,,Linewatch
517,We Are Family,2010,Not Rated,10 Sep 2010,115 min,"Comedy, Drama, Family",Siddharth P Malhotra,"Venita Coelho, Niranjan Iyengar, Gigi Levangie","Kareena Kapoor, Kajol, Arjun Rampal",A divorced mother of three children runs a happy household - until her former husband brings his new career-oriented girlfriend into the picture.,Hindi,India,3 wins & 5 nominations,https://m.media-amazon.com/images/M/MV5BMTk1NTE3ODc4Ml5BMl5BanBnXkFtZTcwMDIwNjM3Mw@@._V1_SX300.jpg,"[{'Source': 'Internet Movie Database', 'Value': '5.6/10'}]",,5.6,"3,476",tt1428459,movie,,"$638,144",,,True,,We Are Family
518,Love in a Puff,2010,,25 Mar 2010,104 min,"Comedy, Drama, Romance",Ho-Cheung Pang,"Heiward Mak, Ho-Cheung Pang","Miriam Yeung, Shawn Yue, Singh Hartihan Bitto","Hong Kong health authorities have implemented a law that bans indoor smoking. As office smokers now take their cigarette breaks outside, a mild-mannered advertising executive meets a cosmetics salesgirl as an awkward flirtation en...",Cantonese,Hong Kong,3 wins & 14 nominations total,https://m.media-amazon.com/images/M/MV5BYTdkZTliMWUtNDMwNi00MTEzLWIxNmQtNTExNjQ5YTIxYWVkXkEyXkFqcGc@._V1_SX300.jpg,"[{'Source': 'Internet Movie Database', 'Value': '7.1/10'}]",,7.1,"3,005",tt1602479,movie,,,,,True,,Love in a Puff
519,The Qin Empire,2009–,TV-MA,18 Dec 2009,,"Drama, History, War",,,"Zhifei Wang, Yong Hou, Yuanyuan Gao","During the Warring States period, Qin state ruler Duke Xiao recruits statesman Shang Yang to help enact bold reforms that transform western China.","Mandarin, Chinese",China,15 wins & 1 nomination total,https://m.media-amazon.com/images/M/MV5BYWU4Y2NjMzMtNzMzZS00ZDQ5LWI4ZGMtMzZlNWMzZTNmOTU4XkEyXkFqcGc@._V1_SX300.jpg,"[{'Source': 'Internet Movie Database', 'Value': '8.0/10'}]",,8.0,169,tt5293462,series,,,,,True,4.0,The Qin Empire
520,Lakshya,2004,Not Rated,18 Jun 2004,186 min,"Action, Drama, Romance",Farhan Akhtar,"Javed Akhtar, Karan Kashyap, Karan Vishwanath Kashyap","Hrithik Roshan, Preity G Zinta, Amitabh Bachchan","An aimless, jobless, irresponsible grown man joins the army and matures into a battlefield hero.",Hindi,India,6 wins & 14 nominations total,https://m.media-amazon.com/images/M/MV5BNzJhOWIzZjUtYzhhOS00MjcwLTkxOGQtYTgwMWU0MzA3NDQ0XkEyXkFqcGc@._V1_SX300.jpg,"[{'Source': 'Internet Movie Database', 'Value': '7.8/10'}]",,7.8,"27,075",tt0323013,movie,,"$753,600",,,True,,Lakshya
521,El cartel 2 - La guerra total,2010–,TV-MA,17 May 2010,,"Action, Crime, Horror",,,"Diego Cadavid, Robinson Díaz, Patricia Manterola",Now Pepe Cadena finishes telling the story in which the most powerful drug traffickers in Colombia are strengthened but later fall while he and others dedicate themselves to the dangerous task of exposing them to collaborate with ...,"Spanish, English, Portuguese",Colombia,,https://m.media-amazon.com/images/M/MV5BMWQ4MzAxZGUtZDllNC00YTUyLTk0NjktNzEwOGRiNTQzOTBkXkEyXkFqcGdeQXVyNDUzNzExOTE@._V1_SX300.jpg,"[{'Source': 'Internet Movie Database', 'Value': '6.7/10'}]",,6.7,284,tt1667724,series,,,,,True,2.0,El cartel 2 - La guerra total
522,Cocomong,2008–,,27 Feb 2008,,Animation,,,,"A little sausage becomes a monkey, an egg becomes a rabbit, a radish becomes a hippo, a cucumber becomes a crocodile and a carrot becomes a donkey. These unique characters express the fun of being a kid. Acceptance and friendship ...",English,United States,,https://m.media-amazon.com/images/M/MV5BMGJhYjJjZGEtZGQ5ZS00ZGY4LWJlMmEtOWU4NDYyNjBlMTUyXkEyXkFqcGc@._V1_SX300.jpg,"[{'Source': 'Internet Movie Database', 'Value': '5.8/10'}]",,5.8,16,tt9892608,series,,,,,True,1.0,Cocomong
523,Agyaat,2009,Not Rated,07 Aug 2009,130 min,"Adventure, Drama, Horror",Ram Gopal Varma,"Puneet Gandhi, Nilesh Girkar","Nithiin, Priyanka Kothari, Rasika Dugal",A film crew shooting in a remote forested location begins losing members one by one to a mysterious entity that they cannot see or hear.,Hindi,India,1 nomination,https://m.media-amazon.com/images/M/MV5BZGZmM2MyYTUtMWRiYi00ZDM1LWFmNmEtMjhkNDk1ZjU2OThhXkEyXkFqcGdeQXVyNDAzNDk0MTQ@._V1_SX300.jpg,"[{'Source': 'Internet Movie Database', 'Value': '3.0/10'}]",,3.0,720,tt1415252,movie,,,,,True,,Agyaat
524,Vizontele,2001,,02 Feb 2001,110 min,"Comedy, Drama, History","Yilmaz Erdogan, Ömer Faruk Sorak",Yilmaz Erdogan,"Yilmaz Erdogan, Demet Akbag, Altan Erkekli","Lives of residents in a small, Anatolian village change when television is introduced to them.",Turkish,Turkey,7 wins & 5 nominations,https://m.media-amazon.com/images/M/MV5BZjVmYTAwYjUtNWI3ZC00YTQzLWE5NmMtYTk3YjExOTI1ZjJmXkEyXkFqcGc@._V1_SX300.jpg,"[{'Source': 'Internet Movie Database', 'Value': '8.0/10'}]",,8.0,"39,587",tt0270053,movie,,,,,True,,Vizontele
525,Do Dooni Chaar,2010,PG,08 Oct 2010,112 min,"Comedy, Crime, Drama",Habib Faisal,"Habib Faisal, Rahil Qazi","Rishi Kapoor, Neetu Singh, Aditi Vasudev",A middle class family in India tries to buy a new car.,Hindi,India,8 wins & 8 nominations,https://m.media-amazon.com/images/M/MV5BZmYyM2I5ZjktMjJiMC00NWQzLWFlNDAtYzA0ZWQwMzE0OTJhXkEyXkFqcGc@._V1_SX300.jpg,"[{'Source': 'Internet Movie Database', 'Value': '7.5/10'}]",,7.5,"6,022",tt1714832,movie,,,,,True,,Do Dooni Chaar
526,Welcome to Sajjanpur,2008,Not Rated,19 Sep 2008,133 min,"Comedy, Drama",Shyam Benegal,"Ashok Mishra, Shyam Benegal","Shreyas Talpade, Amrita Rao, Ravi Kishan","An educated man spends his days writing letters for the varied inhabitants of his small, poor, and illiterate village, in this political and social satire.",Hindi,India,1 win & 7 nominations,https://m.media-amazon.com/images/M/MV5BOTVjMTc2N2QtMWM4ZS00ZWExLTgyMGMtMjViMDQxOWEzMjI3XkEyXkFqcGc@._V1_SX300.jpg,"[{'Source': 'Internet Movie Database', 'Value': '6.9/10'}]",,6.9,"3,372",tt1221139,movie,,,,,True,,Welcome to Sajjanpur
527,Peepli [Live],2010,Not Rated,13 Aug 2010,95 min,"Comedy, Drama","Anusha Rizvi, Mahmood Farooqui","Bhadwai, Swanand Kirkire, Noon Meem Rashet","Onkar Das Manikpuri, Raghubir Yadav, Shalini Vatsa",An impoverished farmer's threat to end his life invites attention from politicians and media.,"Hindi, English",India,4 wins & 24 nominations total,https://m.media-amazon.com/images/M/MV5BNDc1YTEwYmUtYTIxMC00Mjg4LWJmODctNGNiYjNjMTA3NjY5XkEyXkFqcGc@._V1_SX300.jpg,"[{'Source': 'Internet Movie Database', 'Value': '7.4/10'}, {'Source': 'Rotten Tomatoes', 'Value': '86%'}, {'Source': 'Metacritic', 'Value': '69/100'}]",69.0,7.4,"12,960",tt1447508,movie,,"$757,951",,,True,,Peepli [Live]
528,The Legend of Bhagat Singh,2002,Not Rated,07 Jun 2002,155 min,"Action, Biography, Drama",Rajkumar Santoshi,"Ranjit Kapoor, Piyush Mishra, Anjum Rajabali","Ajay Devgn, Sushant Singh, D. Santosh",The story of a young revolutionary who raised an armed resistance against the British rule in India.,Hindi,India,15 wins & 11 nominations,https://m.media-amazon.com/images/M/MV5BNmNjN2VmZGUtOTFkNi00Mzg1LWFhYTUtYzEzZDg1MjkzODNkXkEyXkFqcGc@._V1_SX300.jpg,"[{'Source': 'Internet Movie Database', 'Value': '8.1/10'}]",,8.1,"17,518",tt0319736,movie,,,,,True,,The Legend of Bhagat Singh
529,Khawatir,2005–2015,TV-14,04 Oct 2005,25 min,"Documentary, Family, Reality-TV",,,Ahmad Al Shugairi,"A TV show devoted to help young people to be mature in their faith, work, and knowledge.",Arabic,Saudi Arabia,,https://m.media-amazon.com/images/M/MV5BODQ0MmUzNDctOWUyNS00YTI2LTkzNjMtZmFmZDA5ZDM1MTQxXkEyXkFqcGdeQXVyNTc4NDg0MTU@._V1_SX300.jpg,"[{'Source': 'Internet Movie Database', 'Value': '9.1/10'}]",,9.1,"4,477",tt3062514,series,,,,,True,11.0,Khawatir
530,Ishq Vishk,2003,,09 May 2003,134 min,"Comedy, Romance",Ken Ghosh,"Ken Ghosh, Kiran Kotrial, Vinod Ranganathan","Shahid Kapoor, Amrita Rao, Shenaz Treasury","A collegian (Shahid Kapoor) woos a beautiful girl, then falls in love with his childhood friend (Amrita Rao).",Hindi,India,10 wins & 5 nominations,https://m.media-amazon.com/images/M/MV5BOTE5ZGE2MDUtMmI2Mi00MTdkLTlmMTktOTQzOTUwYmNiNGY1XkEyXkFqcGdeQXVyODE5NzE3OTE@._V1_SX300.jpg,"[{'Source': 'Internet Movie Database', 'Value': '6.1/10'}]",,6.1,"4,664",tt0362771,movie,,,,,True,,Ishq Vishk
531,Kismat Konnection,2008,,18 Jul 2008,153 min,"Comedy, Drama, Romance",Aziz Mirza,"Sanjay Chhel, Sai Kabir, Ashish Kariya","Shahid Kapoor, Vidya Balan, Vishal Malhotra","A luckless architect discovers a social activist to be his lucky charm. Unfortunately, she's protecting the community center he's aiming to win a contract to tear down.",Hindi,India,2 nominations,https://m.media-amazon.com/images/M/MV5BNTU2MTUwMjU2NV5BMl5BanBnXkFtZTcwOTE5NTk5Mw@@._V1_SX300.jpg,"[{'Source': 'Internet Movie Database', 'Value': '5.3/10'}]",,5.3,"6,195",tt1105733,movie,,"$490,154",,,True,,Kismat Konnection
532,Twins Mission,2007,Not Rated,15 Feb 2007,99 min,"Action, Comedy, Crime",To-Hoi Kong,"Siu-Ming Tsui, Sai-Keung Fong","Sammo Kam-Bo Hung, Gillian Chung, Charlene Choi","When a precious Tibetan bead is stolen by rogue members of the mysterious Gemini Clan, the protectors of the bead enlist the help of some righteous former Gemini Clan members to retrieve the bead and bring the evil disciples to ju...","Cantonese, English, Filipino, Afrikaans","Hong Kong, China",2 nominations,https://m.media-amazon.com/images/M/MV5BMTczOTk2OTgtMjExYy00NzA2LThlZGEtMWZmYTZlM2Q3ZmIzXkEyXkFqcGc@._V1_SX300.jpg,"[{'Source': 'Internet Movie Database', 'Value': '5.2/10'}]",,5.2,759,tt0934949,movie,,,,,True,,Twins Mission
533,Salt of This Sea,2008,Unrated,03 Sep 2008,109 min,"Drama, Romance",Annemarie Jacir,Annemarie Jacir,"Suheir Hammad, Saleh Bakri, Riyad Ideis",A romantic drama about a working-class woman and her experiences traveling back home.,"Arabic, English, Hebrew","Occupied Palestinian Territory, Belgium, France, Spain, Switzerland",6 wins & 3 nominations,https://m.media-amazon.com/images/M/MV5BMjEwODc3MzMyM15BMl5BanBnXkFtZTcwNDE5MjM3Mw@@._V1_SX300.jpg,"[{'Source': 'Internet Movie Database', 'Value': '6.8/10'}, {'Source': 'Rotten Tomatoes', 'Value': '54%'}, {'Source': 'Metacritic', 'Value': '43/100'}]",43.0,6.8,"1,540",tt1090680,movie,,"$11,662",,,True,,Salt of This Sea
534,Apaharan,2005,Not Rated,02 Dec 2005,173 min,"Action, Crime, Drama",Prakash Jha,"Prakash Jha, Shridhar Raghavan, Manoj Tyagi","Ajay Devgn, Nana Patekar, Bipasha Basu","Story of a tumultuous and complex relationship between a father (Mohan Agashe) and son (Ajay Devgan), set against the backdrop of a thriving kidnapping industry in the Hindi heartland of Bihar.",Hindi,India,6 wins & 12 nominations,https://m.media-amazon.com/images/M/MV5BZGQxY2NhYzMtZWE3My00NTBlLWFhY2QtNDVhMjdiYTVjMTY5XkEyXkFqcGc@._V1_SX300.jpg,"[{'Source': 'Internet Movie Database', 'Value': '7.4/10'}]",,7.4,"5,304",tt0451631,movie,,"$44,133",,,True,,Apaharan
535,Gangaajal,2003,Not Rated,29 Aug 2003,157 min,"Action, Crime, Drama",Prakash Jha,Prakash Jha,"Ajay Devgn, Gracy Singh, Mohan Joshi","An IPS officer motivates and leads a dysfunctional, corrupt police force of Tezpur to fight against the corrupt politician.",Hindi,India,5 wins & 31 nominations total,https://m.media-amazon.com/images/M/MV5BOGQxZTU3MTUtYTFhYS00YmUxLWJmOTQtZTg3ZmU5Yzk5NzY3XkEyXkFqcGc@._V1_SX300.jpg,"[{'Source': 'Internet Movie Database', 'Value': '7.8/10'}]",,7.8,"18,507",tt0373856,movie,,,,,True,,Gangaajal
536,Laugh Out Loud,2003,,01 Jan 2003,60 min,Comedy,"Cecil Barry, Bevan Cullinan","Mark Banks, Bevan Cullinan, Chris Forrest","Mark Banks, Bevan Cullinan, Chris Forrest",The biggest stand-up comedy event ever in South Africa.,English,South Africa,2 wins & 1 nomination,https://m.media-amazon.com/images/M/MV5BMTM5NDQ2MTA1N15BMl5BanBnXkFtZTgwNjEyMDA2MDE@._V1_SX300.jpg,"[{'Source': 'Internet Movie Database', 'Value': '6.9/10'}]",,6.9,13,tt0401575,movie,,,,,True,,Laugh Out Loud
537,The Fierce Wife,2010–2011,,05 Nov 2010,,Drama,,,"Sonia Sui, Sheng-hao Wen, Amanda Chu",Beautiful housewife Xie An Zhen seems to be living the perfect life but finds her world crumbling after learning that her husband is cheating on her.,Mandarin,Taiwan,2 wins & 5 nominations,https://m.media-amazon.com/images/M/MV5BMjg1NjcyYmUtY2RmOS00YzViLTk4NDEtNzUyYmU3NTU4OWNiXkEyXkFqcGc@._V1_SX300.jpg,"[{'Source': 'Internet Movie Database', 'Value': '7.1/10'}]",,7.1,140,tt4304720,series,,,,,True,1.0,The Fierce Wife
538,Ijé: The Journey,2010,,30 Jul 2010,107 min,Drama,Chineze Anyaene Abonyi,"Chineze Anyaene Abonyi, Samuel Tilsen","Genevieve Nnaji, Omotola Jalade-Ekeinde, Larry Ulrich","Unprecedented in scope, ""Ijé"" tells a tale of Chioma, a child growing up in the Nigerian countryside, who warns her restless sister Anya about the trappings of the American dream. Ten years later, Anya is accused of killing three ...","English, Ibo, Yoruba","United States, Nigeria",7 wins & 4 nominations,https://m.media-amazon.com/images/M/MV5BMTU3Mjk1NTQ1NV5BMl5BanBnXkFtZTgwMzgzNDA2MDE@._V1_SX300.jpg,"[{'Source': 'Internet Movie Database', 'Value': '6.2/10'}]",,6.2,117,tt1578582,movie,,,,,True,,Ijé: The Journey
539,Wedding Planner,2002,,10 Apr 2002,,Drama,,,"Yûsuke Santamaria, Naoko Iijima, Yoshino Kimura","This is a love comedy that takes you behind the scenes of the latest bridal businesses, as well as the human drama of engaged couples, seen through the wedding planners' eyes, as they help to put on weddings. Toru Oomori works in ...",Japanese,Japan,,https://m.media-amazon.com/images/M/MV5BOTRkNjdkZGEtN2Y1YS00MzM5LWI4NjYtOTIyMzU4YTRlNDQyXkEyXkFqcGdeQXVyNjIzODk2Mzg@._V1_SX300.jpg,[],,,,tt7885290,series,,,,,True,1.0,Wedding Planner
540,Harishchandrachi Factory,2009,Not Rated,29 Jan 2010,96 min,"Biography, Comedy, Drama",Paresh Mokashi,Paresh Mokashi,"Nandu Madhav, Vibhawari Deshpande, Atharva Karve","In 1913 India's cinema industry is born from Dadasaheb Phalke's efforts to make Raja Harishchandra (1913), India's first feature-length B&amp;W silent film.",Marathi,India,1 win & 2 nominations,https://m.media-amazon.com/images/M/MV5BOTA5YmIxNDgtNzVlZS00OTljLWEyNzItMmI4YmNlY2JlYTA4XkEyXkFqcGdeQXVyMzA5NzAyMDU@._V1_SX300.jpg,"[{'Source': 'Internet Movie Database', 'Value': '8.4/10'}]",,8.4,"2,716",tt1524539,movie,,,,,True,,Harishchandrachi Factory
541,Gina Yashere: Skinny B*tch,2008,,18 Aug 2008,58 min,"Documentary, Comedy",Paul M. Green,Gina Yashere,Gina Yashere,"Live DVD from Last Comic Standing star, Gina Yashere.",English,United Kingdom,,https://m.media-amazon.com/images/M/MV5BMTU5MDA0MDM1MF5BMl5BanBnXkFtZTcwOTQxMTg4Mw@@._V1_SX300.jpg,"[{'Source': 'Internet Movie Database', 'Value': '6.5/10'}]",,6.5,99,tt1722436,movie,,,,,True,,Gina Yashere: Skinny B*tch
542,Sergio,2020,R,17 Apr 2020,118 min,"Biography, Drama, History",Greg Barker,"Craig Borten, Samantha Power","Wagner Moura, Ana de Armas, Brían F. O'Byrne","A sweeping drama set in the chaotic aftermath of the US invasion of Iraq, where the life of top UN diplomat Sergio Vieira de Mello hangs in the balance during the most treacherous mission of his career.","English, Portuguese, Spanish, French",United States,1 win & 1 nomination total,https://m.media-amazon.com/images/M/MV5BMzQ1MGM3Y2YtYTNlNS00YjQ5LTk5NTEtM2RlOWVlYzVkZGM2XkEyXkFqcGc@._V1_SX300.jpg,"[{'Source': 'Internet Movie Database', 'Value': '6.2/10'}, {'Source': 'Rotten Tomatoes', 'Value': '44%'}, {'Source': 'Metacritic', 'Value': '55/100'}]",55.0,6.2,"11,489",tt8750570,movie,,,,,True,,Sergio
543,The Kite,2003,Not Rated,18 Feb 2004,80 min,Drama,Randa Chahal Sabag,Randa Chahal Sabag,"Flavia Bechara, Maher Bsaibes, Randa Asmar","A young 15 year old girl, Lamia, lives in a southern Lebanese village on the border with Israel. She is given in marriage to her cousin on the other side of the border. As Lamia crosses the barbed wire she also passes from childho...",Arabic,"Lebanon, France",4 wins & 3 nominations,https://m.media-amazon.com/images/M/MV5BMTY5MDEyMDA3N15BMl5BanBnXkFtZTcwNjkyMTUyMg@@._V1_SX300.jpg,"[{'Source': 'Internet Movie Database', 'Value': '6.4/10'}]",,6.4,785,tt0377610,movie,,,,,True,,The Kite
544,Beast Stalker,2008,Not Rated,27 Nov 2008,109 min,"Action, Thriller",Dante Lam,"Dante Lam, Wai-Lun Ng","Nicholas Tse, Jingchu Zhang, Nick Cheung","A traffic accident changed their lives forever. In capturing wanted criminal Zhang Yidong, Sergeant Tang Fei (Nicholas Tse) was involved in a gunfight and car accident that put the criminal in a coma. But in the process he also cr...",Cantonese,Hong Kong,10 wins & 12 nominations,https://m.media-amazon.com/images/M/MV5BYTA5ZjhiZmEtMDBjNi00MmE1LTlhZWQtMTU2M2FkNzkxZWQzXkEyXkFqcGc@._V1_SX300.jpg,"[{'Source': 'Internet Movie Database', 'Value': '6.8/10'}, {'Source': 'Rotten Tomatoes', 'Value': '100%'}]",,6.8,"2,426",tt1330525,movie,,,,,True,,Beast Stalker
545,Aamir,2008,Not Rated,06 Jun 2008,99 min,"Action, Crime, Drama",Raj Kumar Gupta,Raj Kumar Gupta,"Rajeev Khandelwal, Mukesh Agrohari, Supavitra Babul",A doctor of Indian origin returning to Mumbai from London is forced to participate in a terrorist plot.,Hindi,India,3 nominations total,https://m.media-amazon.com/images/M/MV5BMzkzMjY1MmUtNmExMy00MjRlLTljOTktNTRiY2QyNzA5MzI3XkEyXkFqcGc@._V1_SX300.jpg,"[{'Source': 'Internet Movie Database', 'Value': '7.6/10'}]",,7.6,"11,788",tt1241195,movie,,,,,True,,Aamir
546,The Hospital,1971,PG-13,11 May 1972,103 min,"Comedy, Drama, Mystery",Arthur Hiller,Paddy Chayefsky,"George C. Scott, Diana Rigg, Barnard Hughes",A hospital's chief-of-staff struggles to find meaning in his life during a spate of staff deaths.,English,United States,Won 1 Oscar. 7 wins & 5 nominations total,https://m.media-amazon.com/images/M/MV5BMzM1NmJmNjktYjc4Yi00NzlhLWFlZjUtNDUwMTMxYTMyM2IyXkEyXkFqcGc@._V1_SX300.jpg,"[{'Source': 'Internet Movie Database', 'Value': '7.1/10'}, {'Source': 'Rotten Tomatoes', 'Value': '100%'}, {'Source': 'Metacritic', 'Value': '72/100'}]",72.0,7.1,"7,571",tt0067217,movie,,"$19,711,560",,,True,,The Hospital
547,Chhota Bheem Aur Krishna,2008,G,24 Aug 2008,69 min,"Animation, Action, Adventure",Rajiv Chilaka,,Sachin Yadav Iamsyrs,"Centuries after the end of a conqueror's rule, he is mysteriously back from the dead. It's up to Bheem to save Dholakpur from being taken over.","Hindi, English, Telugu, Tamil",India,,https://m.media-amazon.com/images/M/MV5BOTYyMDQyNjUyOV5BMl5BanBnXkFtZTgwMTAzMTU2NDE@._V1_SX300.jpg,"[{'Source': 'Internet Movie Database', 'Value': '6.8/10'}]",,6.8,583,tt2827516,movie,,,,,True,,Chhota Bheem Aur Krishna
548,Palermo Hollywood,2004,,14 Oct 2004,113 min,Drama,Eduardo Pinto,"Federico Finkielstain, Brian Maya","Brian Maya, Matías Desiderio, Manuela Pal",Two petty criminal party boys get in over their heads when a kidnapping goes awry.,Spanish,Argentina,1 nomination,https://m.media-amazon.com/images/M/MV5BZTJhOThmNTQtYmZhYy00N2U0LWIxYTItNDgzYWIzODAwM2Q1XkEyXkFqcGdeQXVyMzU0NzkwMDg@._V1_SX300.jpg,"[{'Source': 'Internet Movie Database', 'Value': '5.3/10'}]",,5.3,220,tt0422907,movie,,,,,True,,Palermo Hollywood
549,Connected,2008,Not Rated,25 Sep 2008,110 min,"Action, Adventure, Crime",Benny Chan,"Alan Yuen, Benny Chan, Bing Xu","Louis Koo, Barbie Hsu, Nick Cheung",A man receives a distressing phone call from a woman who has been kidnapped.,"Cantonese, Mandarin, English","China, Hong Kong",4 wins & 5 nominations total,https://m.media-amazon.com/images/M/MV5BNGE0ZDJmZTctMzZiNy00NmZiLTk5ODYtZDg3ZTlhMzIyZThkXkEyXkFqcGc@._V1_SX300.jpg,"[{'Source': 'Internet Movie Database', 'Value': '6.6/10'}]",,6.6,"2,675",tt1156506,movie,,,,,True,,Connected
550,Emi,2025,,04 Apr 2025,126 min,"Drama, Family",Sadasivam Chinnaraj,Sadasivam Chinnaraj,"Aadhavan, Mohan Babu, Sadasivam Chinnaraj","A diverse group of people navigate the harsh realities of debt, loans, and financial hardship in modern society, as their personal lives and relationships face mounting pressure from monetary struggles.",Tamil,India,,https://m.media-amazon.com/images/M/MV5BNjdhZDdkZTMtMDAzZi00OGFmLThlMzQtZjM1MDdjNTAzZTAwXkEyXkFqcGc@._V1_SX300.jpg,[],,,566,tt36153671,movie,,,,,True,,Emi
551,Kucch To Hai,2003,Not Rated,24 Jan 2003,143 min,"Horror, Mystery, Romance","Anurag Basu, Anil v Kumar","Rajeev Jhaveri, Anurag Prapanna, Umesh Shukla","Tusshar Kapoor, Esha Deol, Anita Hassanandani Reddy","A group of friends accidentally throw professor Bakshi off a cliff after seeing a corpse in his house. Years later, during a reunion, they are stalked by a mysterious killer.",Hindi,India,2 nominations total,https://m.media-amazon.com/images/M/MV5BMTU3NjU2MTEzNF5BMl5BanBnXkFtZTcwMjYwMDQzMg@@._V1_SX300.jpg,"[{'Source': 'Internet Movie Database', 'Value': '4.3/10'}]",,4.3,"1,040",tt0348662,movie,,,,,True,,Kucch To Hai
552,Fida,2004,Not Rated,20 Aug 2004,122 min,"Action, Crime, Drama",Ken Ghosh,"Lalit Mahajan, Sunny Mahajan, Kiran Kotrial","Kareena Kapoor, Fardeen Khan, Shahid Kapoor","A young man is hellbent to destroy his arch enemy and his lover, who destroyed his life.",Hindi,India,5 nominations,https://m.media-amazon.com/images/M/MV5BMWIwOWZkZjYtMmZkMy00OTk1LTg4ZWMtNmE3YTJiYzA2NjU5XkEyXkFqcGdeQXVyODE5NzE3OTE@._V1_SX300.jpg,"[{'Source': 'Internet Movie Database', 'Value': '5.4/10'}]",,5.4,"2,922",tt0422236,movie,,"$98,297",,,True,,Fida
553,Breakout,1975,PG,07 Mar 1975,96 min,"Action, Adventure, Drama",Tom Gries,"Howard B. Kreitsek, Marc Norman, Elliott Baker","Charles Bronson, Robert Duvall, Jill Ireland",A bush pilot is hired for fifty thousand dollars to go to Mexico to free an innocent prisoner.,English,United States,1 win,https://m.media-amazon.com/images/M/MV5BNDc1NmZmZGEtYmRjMy00YTg5LTlmMTMtMjkxZTFlN2YyNWEwXkEyXkFqcGc@._V1_SX300.jpg,"[{'Source': 'Internet Movie Database', 'Value': '6.1/10'}, {'Source': 'Rotten Tomatoes', 'Value': '62%'}, {'Source': 'Metacritic', 'Value': '44/100'}]",44.0,6.1,"4,778",tt0072737,movie,,,,,True,,Breakout
554,My Amnesia Girl,2010,,24 Nov 2010,110 min,"Comedy, Drama, Romance",Cathy Garcia-Sampana,"Jade Castro, Carmi Raymundo, Juan Miguel Sevilla","John Lloyd Cruz, Toni Gonzaga, Carlos Agassi","Apollo wants to redeem himself to Irene, a girl who he leaves on the day of their wedding, but a big problem occurs, Irene has amnesia.","Filipino, Tagalog, English",Philippines,3 nominations,https://m.media-amazon.com/images/M/MV5BMWE2OTgwMDAtOGQ2NC00NjlkLWE2YjItNDZhMjI3ZmM5NTJhXkEyXkFqcGc@._V1_SX300.jpg,"[{'Source': 'Internet Movie Database', 'Value': '6.6/10'}]",,6.6,478,tt1783350,movie,,,,,True,,My Amnesia Girl
555,Pink Zone,2014,Not Rated,19 Jul 2016,90 min,"Drama, Romance, Sci-Fi",Benjamin J. Walter,Benjamin J. Walter,"Jayna Sweet, Matt Cooper, Julian Brand","When a group of young delinquents carrying a virus deadly for women attacks a girls' high school, the spoiled reckless daughter of a powerful local man must collaborate with her cruel schoolmates to get out before she gets infected.",English,United States,1 win & 2 nominations,https://m.media-amazon.com/images/M/MV5BMTUxMjQ4MDU2M15BMl5BanBnXkFtZTgwOTI0NjQzOTE@._V1_SX300.jpg,"[{'Source': 'Internet Movie Database', 'Value': '2.1/10'}]",,2.1,546,tt3133718,movie,,,,,True,,Pink Zone
556,Krishna Cottage,2004,Not Rated,02 Apr 2004,124 min,"Horror, Mystery, Romance",Santram Varma,Abhigyan Jha,"Sohail Khan, Isha Koppikar, Anita Hassanandani Reddy",An incomplete book containing nine-and-a-half stories is revealed to be cursed and endangers the life of a bunch of college friends after one of them ends up reading it.,Hindi,India,,https://m.media-amazon.com/images/M/MV5BNDIzZGM3OGEtZDkwOS00ZTUyLTkzZjctNmQzMTcxYjkyNTRjXkEyXkFqcGc@._V1_SX300.jpg,"[{'Source': 'Internet Movie Database', 'Value': '5.2/10'}]",,5.2,"1,510",tt0408976,movie,,,,,True,,Krishna Cottage
557,The Little Nyonya,2020–,,12 Jun 2020,41 min,Drama,,,"Yun Xiang, Xiangyu Dai, Yan Xiao",A look at the lives of mixed-race Chinese immigrants living in South East Asia.,Chinese,China,2 wins,https://m.media-amazon.com/images/M/MV5BMzUzN2I0NzYtZDYzMy00NDg4LWI5OTMtOThiN2VhMTMyM2ZhXkEyXkFqcGdeQXVyMTE2NTQ3MTAz._V1_SX300.jpg,"[{'Source': 'Internet Movie Database', 'Value': '6.9/10'}]",,6.9,20,tt9148104,series,,,,,True,1.0,The Little Nyonya
558,Jeff Dunham's Very Special Christmas Special,2008,Not Rated,16 Nov 2008,85 min,Comedy,Michael Simon,Jeff Dunham,"Jeff Dunham, Brian Haner",The multi-platinum selling comedian performs his first holiday-themed stand-up special with his friends.,English,United States,,https://m.media-amazon.com/images/M/MV5BODllNzFlYmEtNGQ3MC00YmY4LWI3NDAtMDg5ZTE4ZDc4NzAyXkEyXkFqcGc@._V1_SX300.jpg,"[{'Source': 'Internet Movie Database', 'Value': '7.4/10'}]",,7.4,"3,265",tt1295909,movie,,,,,True,,Jeff Dunham's Very Special Christmas Special
559,Mission Istaanbul: Darr Ke Aagey Jeet Hai!,2008,,25 Jul 2008,130 min,"Action, Adventure, Drama",Apoorva Lakhia,"Shabbir Ahmed, Chirantan Bhatt, Ege","Vivek Oberoi, Zayed Khan, Shriya Saran",A news reporter must uncover the secret on the 13th floor of a News Station.,"Hindi, English",India,1 nomination,https://m.media-amazon.com/images/M/MV5BZjUxNTk4MjctYTc5OC00MjBhLTg3OGUtOWY0MDlmOWIyMWUwXkEyXkFqcGc@._V1_SX300.jpg,"[{'Source': 'Internet Movie Database', 'Value': '3.5/10'}]",,3.5,"1,276",tt1179781,movie,,,,,True,,Mission Istaanbul: Darr Ke Aagey Jeet Hai!
560,Black & White,1999,R,05 Apr 2000,98 min,"Crime, Drama, Music",James Toback,James Toback,"Ben Stiller, Allan Houston, Claudia Schiffer",A group of white high school teens become involved with Harlem's black hip-hop crowd.,English,United States,,https://m.media-amazon.com/images/M/MV5BODc1YWRhMzgtYjhjYy00ODFiLWJjNWUtZTgzODg4NzA2MzZlXkEyXkFqcGc@._V1_SX300.jpg,"[{'Source': 'Internet Movie Database', 'Value': '4.9/10'}, {'Source': 'Rotten Tomatoes', 'Value': '20%'}, {'Source': 'Metacritic', 'Value': '47/100'}]",47.0,4.9,"6,111",tt0165643,movie,,"$5,277,299",,,True,,Black & White
561,Under the Bombs,2007,TV-14,21 Mar 2008,98 min,"Drama, Romance, War",Philippe Aractingi,"Philippe Aractingi, Michel Léviant","Nada Abou Farhat, Georges Khabbaz, Rawia Elchab","In the wake of Israel's 2006 bombardment of Lebanon, a determined woman finds her way into the country convincing a taxi cab driver to take a risky journey around the scarred region in search of her sister and her son.","Arabic, English, French","France, Lebanon, United Kingdom",8 wins & 4 nominations,https://m.media-amazon.com/images/M/MV5BMjA0ODczNTg2Nl5BMl5BanBnXkFtZTcwNjU4MzkzMg@@._V1_SX300.jpg,"[{'Source': 'Internet Movie Database', 'Value': '7.0/10'}, {'Source': 'Rotten Tomatoes', 'Value': '83%'}]",,7.0,"1,782",tt1094275,movie,,,,,True,,Under the Bombs
562,Kyo Kii... Main Jhuth Nahin Bolta,2001,Not Rated,21 Sep 2001,131 min,"Comedy, Drama, Fantasy",David Dhawan,"David Dhawan, Imtiaz Patel, Yunus Sajawal","Govinda, Sushmita Sen, Rambha","Raj is a successful lawyer due to constant cheating and dishonesty. When his wife comes to know about this, she threatens to leave him. Fearful of his parents' divorce, Raj's son wishes that his father become unable to lie.",Hindi,India,1 nomination,https://m.media-amazon.com/images/M/MV5BM2M3MzRhM2UtNDY0Ni00MDgzLTg0NmYtYjU2YTg1OTJhOGRiXkEyXkFqcGc@._V1_SX300.jpg,"[{'Source': 'Internet Movie Database', 'Value': '5.4/10'}]",,5.4,"2,670",tt0297241,movie,,,,,True,,Kyo Kii... Main Jhuth Nahin Bolta
563,The Prince Who Turns Into A Frog,2005–,,05 Jun 2005,70 min,"Comedy, Drama, Romance",,,"Joe Chen, Ming-Dow, Shao-wei Wang",A ruthless and wealthy heir becomes a kindhearted person after he lost his memory and falls in love with a poor girl with wealthy aspirations.,Mandarin,Taiwan,,https://m.media-amazon.com/images/M/MV5BYTU5OTRjNDYtZjAxOC00YTgwLWJiMzctYTFhOGUxNTMyMmM5XkEyXkFqcGc@._V1_SX300.jpg,"[{'Source': 'Internet Movie Database', 'Value': '7.0/10'}]",,7.0,191,tt1454440,series,,,,,True,1.0,The Prince Who Turns Into A Frog
564,Stray Bullet,2010,Not Rated,01 Nov 2010,75 min,Drama,Georges Hachem,Jorj Hashem,"Dana Abed, Badih Bou Chakra, Takla Chamoun","Noha is about to get married. Her family is relieved to see her take advantage of this last chance before officially becoming a spinster just like her sister. Everything seems to be going well. However, on this special Sunday of A...",Arabic,Lebanon,2 nominations,https://m.media-amazon.com/images/M/MV5BMzY3OTQ4OTQ0N15BMl5BanBnXkFtZTcwMTI2MDMzNw@@._V1_SX300.jpg,"[{'Source': 'Internet Movie Database', 'Value': '6.3/10'}]",,6.3,417,tt1726871,movie,,,,,True,,Stray Bullet
565,Well Done Abba!,2009,,26 Mar 2010,144 min,Comedy,Shyam Benegal,"Jayant Kripalani, Sanjeev, Jeelani Bano","Boman Irani, Minissha Lamba, Sammir Dattani","A mild mannered chauffeur finds that the government in his parched village is giving loans to dig one's own well. After fudged photographs and bribes, he has no loan amount left to build his well. Aggrieved, he protests by abjurin...",Hindi,India,2 wins & 5 nominations,https://m.media-amazon.com/images/M/MV5BZWM1YzEzZjItMzI5OS00NWRkLTgwZDYtMzMxZGEzNzc4MDliXkEyXkFqcGc@._V1_SX300.jpg,"[{'Source': 'Internet Movie Database', 'Value': '7.2/10'}]",,7.2,"2,019",tt1397492,movie,,,,,True,,Well Done Abba!
566,Kisaan,2009,Not Rated,20 Mar 2009,100 min,"Action, Crime, Drama",Puneet Sira,"S.R. Bharti, Salim Bijnori, Vekeana Dhillon","Jackie Shroff, Sohail Khan, Arbaaz Khan",A bitter family battle ensues between a father and his sons when a businessman makes a deal that entices farmers to sell off their properties.,Hindi,India,1 win & 1 nomination,https://m.media-amazon.com/images/M/MV5BZDgyN2Y0ZmItNjg2Zi00ZDExLWJmNWMtMDNhMTY1MWI5ZDM5XkEyXkFqcGc@._V1_SX300.jpg,"[{'Source': 'Internet Movie Database', 'Value': '5.5/10'}]",,5.5,337,tt1372266,movie,,,,,True,,Kisaan
567,Once a Gangster,2010,Not Rated,20 May 2010,95 min,"Action, Comedy, Crime",Felix Chong,Felix Chong,"Ekin Cheng, Jordan Chan, Alex Fong","Two former triad members are forced to run an election to become the successor of their old gang. However, neither covets the position as both wish to maintain their current idyllic life in society. Now they must outwit the other ...",Cantonese,Hong Kong,1 win & 1 nomination total,https://m.media-amazon.com/images/M/MV5BMTUyNTE4MTE0OF5BMl5BanBnXkFtZTgwMjM1NDA2MDE@._V1_SX300.jpg,"[{'Source': 'Internet Movie Database', 'Value': '5.7/10'}]",,5.7,574,tt1611840,movie,,,,,True,,Once a Gangster
568,Perazhagan,2004,Not Rated,12 Oct 2021,143 min,"Comedy, Drama, Romance",Sasi Shankar,"Sasi Shankar, Singampuli","Suriya, Jyotika, Vivek","Chinna, a hunchbacked phone booth operator, loves a blind street dancer and wants to help her regain her sight. Kartik, his lookalike, is a constable in love with the commissioner's daughter.",Tamil,India,3 wins & 1 nomination,https://m.media-amazon.com/images/M/MV5BNGEyMjY4ZDQtNDBiMy00OGY1LTk2ZjAtZjExOTViM2RmMDA4XkEyXkFqcGdeQXVyMTY1MzAyNjU4._V1_SX300.jpg,"[{'Source': 'Internet Movie Database', 'Value': '6.4/10'}]",,6.4,"1,671",tt0422934,movie,,,,,True,,Perazhagan
569,Together,2025,R,30 Jul 2025,102 min,"Horror, Romance",Michael Shanks,Michael Shanks,"Dave Franco, Alison Brie, Damon Herriman","Years into their relationship, Tim and Millie find themselves at a crossroads as they move to the country. With tensions already flaring, an encounter with an unnatural force threatens to corrupt their lives, their love and their ...",English,"Australia, United States",4 nominations total,https://m.media-amazon.com/images/M/MV5BOWI1Mzg0OWUtNDYxYy00Mzk3LTgxMjMtYWYxZjJhMjI4NDcyXkEyXkFqcGc@._V1_SX300.jpg,"[{'Source': 'Internet Movie Database', 'Value': '6.8/10'}, {'Source': 'Rotten Tomatoes', 'Value': '90%'}, {'Source': 'Metacritic', 'Value': '75/100'}]",75.0,6.8,"39,638",tt31184028,movie,,"$21,273,159",,,True,,Together
570,"Do Paise Ki Dhoop, Chaar Aane Ki Baarish",2009,,12 Dec 2016,121 min,Drama,Deepti Naval,Deepti Naval,"Rajit Kapoor, Manisha Koirala, Sanaj Naval","When a sex worker hires a gay songwriter to care for her disabled son, the ensuing bonds that form offer a complex portrayal of love and family.",Hindi,India,1 win,https://m.media-amazon.com/images/M/MV5BZWI1YTY4ZmEtN2QyZC00YTFiLWI4MzUtM2VhOWMwNjNlZjIyXkEyXkFqcGdeQXVyMTMxODk2OTU@._V1_SX300.jpg,"[{'Source': 'Internet Movie Database', 'Value': '6.7/10'}]",,6.7,292,tt1935782,movie,,,,,True,,"Do Paise Ki Dhoop, Chaar Aane Ki Baarish"
571,Kuselan,2008,,01 Aug 2008,165 min,"Comedy, Drama, Family",P. Vasu,"Sreenivasan, Srinivasan, P. Vasu","Rajinikanth, Pasupathy, Meena","Story related to old friends ,after one being a popular actor and other being a barber and managing family.","Telugu, Tamil",India,1 nomination,https://m.media-amazon.com/images/M/MV5BOGIzZTdmNGMtM2Y0My00ZmE5LTlhNGUtNWZkMzc5MTVjYjY3XkEyXkFqcGc@._V1_SX300.jpg,"[{'Source': 'Internet Movie Database', 'Value': '4.9/10'}]",,4.9,"1,203",tt1273218,movie,,,,,True,,Kuselan
572,Chance Pe Dance,2010,,15 Jan 2010,122 min,"Comedy, Drama, Music",Ken Ghosh,"Nupur Asthana, Manu Rishi Chadha, Ken Ghosh","Shahid Kapoor, Genelia Deshmukh, Mohnish Behl",New love convinces a struggling actor and dancer to enter a talent competition that could make him a superstar.,"Hindi, Urdu",India,,https://m.media-amazon.com/images/M/MV5BNmFiNGI3NjktZjFmOC00OGY2LWE3MjYtY2RjYjc3ODE4MjQ3XkEyXkFqcGdeQXVyODE5NzE3OTE@._V1_SX300.jpg,"[{'Source': 'Internet Movie Database', 'Value': '4.8/10'}]",,4.8,"3,124",tt1392744,movie,,"$168,643",,,True,,Chance Pe Dance
573,Dhan Dhana Dhan Goal,2007,,23 Nov 2007,167 min,"Drama, Sport, Thriller",Vivek Agnihotri,"Anurag Kashyap, Rohit Malhotra, Vikramaditya Motwane","John Abraham, Arshad Warsi, Bipasha Basu",Asian Southall Football Club was once a reputed club until 1984 now being used as wedding venue.Few Asians still practice out there but find the clubs lease will expire soon and will shut forever who then team up to save the club.,"Hindi, English","United Kingdom, India",,https://m.media-amazon.com/images/M/MV5BNjJlM2RkOTUtOGQ4NC00MzQxLThlZjItNWNkNmNkN2JiODRmXkEyXkFqcGc@._V1_SX300.jpg,"[{'Source': 'Internet Movie Database', 'Value': '5.1/10'}]",,5.1,"3,037",tt1120897,movie,,"$125,547",,,True,,Dhan Dhana Dhan Goal
574,Aagey Se Right,2009,Not Rated,04 Sep 2009,117 min,"Comedy, Crime, Drama","Indrajit Nattoji, Inderjeet Singh","Abhijeet Shirish Deshpande, Hitesh Kewalya, Indrajit Nattoji","Shreyas Talpade, Mahie Gill, Karanveer Mehra","Spurred on by his pushy mother, Kanta, slacker Dinkar Waghmare, infatuated with TV Reporter, Soniya Bhatt, is compelled to join the Mumbai Police Force as a Sub-Inspector and follow in his late father's footsteps. On his way to Mu...",Hindi,India,,https://m.media-amazon.com/images/M/MV5BYzhkNzdhNGMtOTFmZi00Nzk4LThlYzYtMTk5MmJjYjUyMWYxXkEyXkFqcGc@._V1_SX300.jpg,"[{'Source': 'Internet Movie Database', 'Value': '5.2/10'}]",,5.2,429,tt1479667,movie,,,,,True,,Aagey Se Right
575,Falafel,2006,,30 Jul 2008,83 min,Drama,Michel Kammoun,Michel Kammoun,"Elie Mitri, Gabrielle Bou Rached, Caroline Azzam",Everything bad that can happen on the way to a party happens to young Tou on this nighttime trip through Beirut.,"Arabic, French","France, Lebanon",7 wins & 6 nominations,https://m.media-amazon.com/images/M/MV5BMjExODgzMDUyNl5BMl5BanBnXkFtZTcwMjk4OTk1MQ@@._V1_SX300.jpg,"[{'Source': 'Internet Movie Database', 'Value': '6.4/10'}]",,6.4,291,tt0922424,movie,,,,,True,,Falafel
576,Hattrick,2018,,13 Feb 2019,93 min,"Drama, Thriller",Ramtin Lavafipour,Ramtin Lavafipour,"Amir Jadidi, Parinaz Izadyar, Saber Abar","Four friends run over something after a party in this psychological thriller set in Iran of the empty lives of the middle class when they get together in groups, emotional explosions start happening along moral fault lines.",Persian,Iran,2 nominations,https://m.media-amazon.com/images/M/MV5BOTI2M2MxYTItNjdmNC00MTI1LWI3MTAtZDEwNGE0YzIyNTVmXkEyXkFqcGdeQXVyMTAxODQ2NDU1._V1_SX300.jpg,"[{'Source': 'Internet Movie Database', 'Value': '5.8/10'}]",,5.8,755,tt8116612,movie,,,,,True,,Hattrick
577,My MVP Valentine,2002,,21 Jul 2002,46 min,Drama,,,"Hsing-shu Yen, Angela Shao-Han Chang, Tony Sun","A young man whose life revolves around basketball must give up what he loves the most to repent for a horrible tragedy. Tuan Chen-Feng (Hsing-shu Yen), a talented high school basketball player, is on the way to the most important ...",Mandarin,Taiwan,,https://m.media-amazon.com/images/M/MV5BN2I1YTBmODMtZDZjMi00MDI5LWI5ZTYtOTM2YTRmNDAwNTJkXkEyXkFqcGdeQXVyMTMxODk2OTU@._V1_SX300.jpg,"[{'Source': 'Internet Movie Database', 'Value': '6.6/10'}]",,6.6,30,tt6286390,series,,,,,True,1.0,My MVP Valentine
578,Like Twenty Impossibles,2003,,01 Oct 2003,17 min,"Drama, Short",Annemarie Jacir,"Annemarie Jacir, Kamran Rastegar","Tarek Abu Assab, Ashraf Abu Moch, Reem Abu-Sbaih","Occupied Palestine: A serene landscape now pockmarked by military checkpoints. When a Palestinian film crew decides to avert a closed checkpoint by taking a remote side road, the political landscape unravels, and the passengers ar...","English, Hebrew, Arabic",Occupied Palestinian Territory,6 wins,https://m.media-amazon.com/images/M/MV5BNGI5YjJjNDItNTEzZS00MjFlLWJmM2QtM2JkYTQxOTY3NjNjXkEyXkFqcGdeQXVyNTM3MDMyMDQ@._V1_SX300.jpg,"[{'Source': 'Internet Movie Database', 'Value': '7.2/10'}]",,7.2,167,tt0387353,movie,,,,,True,,Like Twenty Impossibles
579,Look for a Star,2009,,23 Jan 2009,117 min,"Comedy, Romance",Wai Keung Lau,"Cindy Tang, James Yuen, Koon-Nam Lui","Andy Lau, Shu Qi, Hanyu Zhang","Inspired by the relationship between Stanly Ho and his fourth wife, Angela, it's a romantic comedy about a billonaire who falls in love with a feisty casino dealer. Rated PG","Cantonese, Mandarin, English",Hong Kong,3 nominations total,https://m.media-amazon.com/images/M/MV5BZGQwNzcyZTAtZTA3MC00MjQ0LWE2YTMtN2FlM2Q2OGY4ODFhXkEyXkFqcGc@._V1_SX300.jpg,"[{'Source': 'Internet Movie Database', 'Value': '5.6/10'}]",,5.6,844,tt1312156,movie,,,,,True,,Look for a Star
580,Koi Aap Sa: But Lovers Have to Be Friends,2005,,14 Oct 2005,142 min,"Comedy, Drama, Romance",Partho Mitra,"Mahesh Pandey, Sameer, Dheeraj Sarna","Aftab Shivdasani, Anita Hassanandani Reddy, Dipannita Sharma","An emotional Mumbai-based football player, Rohan, seeks the assistance of childhood friend, Simran, to successfully woo fellow-collegian, Preeti. Simran herself is about to be engaged to U.S.-based Vicky. After the engagement cere...",Hindi,India,,https://m.media-amazon.com/images/M/MV5BMzdiNTA4ZDMtZDNjMi00N2NkLWJlZDItMjM2MTFjODc4MTkxXkEyXkFqcGc@._V1_SX300.jpg,"[{'Source': 'Internet Movie Database', 'Value': '5.6/10'}]",,5.6,309,tt0488840,movie,,,,,True,,Koi Aap Sa: But Lovers Have to Be Friends
581,Unriddle,2010–2012,,04 Aug 2010,60 min,"Action, Adventure, Drama",,,"Rui En, Li Ping Chen, Sora Ma","Detective Hu Xiaoman meets low level criminal Da Bao during an investigation of a missing heiress. Inspite of being on opposite sides of the law, the two work together to solve cases.",Chinese,Singapore,1 win & 1 nomination,https://m.media-amazon.com/images/M/MV5BMzlkMzQ1YmEtNTEzMS00N2UzLTk1ZTQtMTIxMDUzZjI1ZDliL2ltYWdlL2ltYWdlXkEyXkFqcGdeQXVyMzM4MjM0Nzg@._V1_SX300.jpg,"[{'Source': 'Internet Movie Database', 'Value': '7.6/10'}]",,7.6,35,tt3819614,series,,,,,True,2.0,Unriddle
582,Talentime,2009,,26 Mar 2009,120 min,Drama,Yasmin Ahmad,Yasmin Ahmad,"Mahesh Jug al Kishor, Pamela Chong, Amelia Henderson",A Malay-mixed pianist and an Indian guitarist are partnered in a talent show competition.,"Malay, Tamil, English, Cantonese, Sign ",Malaysia,5 wins & 5 nominations,https://m.media-amazon.com/images/M/MV5BN2UxOGM5ODAtYjgyOS00YWVlLTk0OTQtYzRhZTI1ZGE4NWMwXkEyXkFqcGc@._V1_SX300.jpg,"[{'Source': 'Internet Movie Database', 'Value': '7.5/10'}]",,7.5,262,tt1351669,movie,,,,,True,,Talentime
583,The Family Court,2010,TV-MA,01 Sep 2010,45 min,Drama,,,"Ping Hui Tay, Yuwu Qi, Chris Tong","Shu Ya (Chris Tong), Guan Ying (San Yow), Xi Ping (Ping Hui Tay), Le Shan (Yuwu Qi) and Zhao Ning (Eelyn Kok) are lawyers from two different law firms but are in fact close friends. They meet frequently after work at Xi Ping's pub...",Mandarin,Singapore,,https://m.media-amazon.com/images/M/MV5BYTZiNzAwNzItNmNkZS00M2Q4LTg4MGUtMTllODNmYzFlMDI0XkEyXkFqcGc@._V1_SX300.jpg,[],,,,tt9184102,series,,,,,True,1.0,The Family Court
584,Dhoondte Reh Jaaoge!,1998,,,,"Comedy, Drama, Family, Romance",Kumar Bhatia,"Kumar Bhatia (screenplay), Kumar Bhatia (story)","Amar Upadhyay, Antara Mali, Tinnu Anand, Prem Chopra","A hitman, an evil priest, two thieves, college students, et al gather at a hotel to witness the auction of a priceless diamond.",Hindi,India,,,"[{'Source': 'Internet Movie Database', 'Value': '5.0/10'}]",,5.0,38,tt0317355,movie,,,,,True,,Dhoondte Reh Jaaoge!
585,A Very Special Love,2008,TV-PG,30 Jul 2008,106 min,"Comedy, Romance",Cathy Garcia-Sampana,Raz de la Torre,"John Lloyd Cruz, Sarah Geronimo, Dante Rivero","Laida Magtalas is a modern-day Belle. ""Miggy"" is the youngest member of the Montenegro clan, a well-established family in the business world. She applies as Editorial Assistant at Miggy's newly launched men's magazine, ""Bachelor,""...","Tagalog, Filipino",Philippines,19 nominations,https://m.media-amazon.com/images/M/MV5BMTVjOGE0NTctNWI5ZS00MTUxLWI4YjYtNTM3MWMzZTRlNDA2XkEyXkFqcGdeQXVyNTI5NjIyMw@@._V1_SX300.jpg,"[{'Source': 'Internet Movie Database', 'Value': '6.5/10'}]",,6.5,441,tt1243381,movie,,,,,True,,A Very Special Love
586,Chhota Bheem & Krishna: Pataliputra- City of the Dead,2010,,,65 min,Animation,Rajiv Chilaka,Nidhi Anand,"Vatsal Dubey, Rupa Bhimani, Julie Tejwani",Krishna needs Bheem's help: The ruined city of Pataliputra has been cursed. Can the friends do what it takes to bring light back into this town?,Hindi,India,,https://m.media-amazon.com/images/M/MV5BZjJkMzIxYzUtYzViOS00NzIzLWI5OWUtMDNlYTNjZDgzNTU2XkEyXkFqcGc@._V1_SX300.jpg,"[{'Source': 'Internet Movie Database', 'Value': '8.2/10'}]",,8.2,143,tt6543110,movie,,,,,True,,Chhota Bheem & Krishna: Pataliputra- City of the Dead
587,Ezra,2023,R,30 May 2024,101 min,"Comedy, Drama",Tony Goldwyn,Tony Spiridakis,"Bobby Cannavale, Rose Byrne, Vera Farmiga",A stand-up comedy writer navigates the complexities of living with his father while co-parenting his autistic son with his former spouse. He grapples with hurdles as he balances family responsibilities and his career.,English,United States,4 wins & 4 nominations total,https://m.media-amazon.com/images/M/MV5BZTZjMTc0MjAtY2ZmMC00ZDM1LTk3MmItMmQ4NzQwZDM3MTgzXkEyXkFqcGc@._V1_SX300.jpg,"[{'Source': 'Internet Movie Database', 'Value': '6.4/10'}, {'Source': 'Rotten Tomatoes', 'Value': '69%'}, {'Source': 'Metacritic', 'Value': '57/100'}]",57.0,6.4,"5,195",tt20315818,movie,,"$2,631,460",,,True,,Ezra
588,Mighty Raju,2010–,Not Rated,01 Jan 2014,,Animation,,,"Julie Tejwani, Rajesh Kava, Jigna Bhardwaj",A four-year-old Raju receives super human strength when his then pregnant mother accidentally consumes a compound created by his scientist father.,,,,https://m.media-amazon.com/images/M/MV5BNDliYjY5ZGItNmQzNC00YTE4LWIwZmYtOTQyMjFhM2M3MzE3XkEyXkFqcGdeQXVyMTAzOTAxNjIw._V1_SX300.jpg,"[{'Source': 'Internet Movie Database', 'Value': '5.1/10'}]",,5.1,95,tt6491030,series,,,,,True,3.0,Mighty Raju
589,Frontiers of Dreams and Fears,2001,,08 Oct 2001,56 min,"Documentary, History",Mai Masri,,"Manar Faraj, Mona Zaaroura","Offering a rare glimpse into one side of the Middle East conflict, Frontiers of Dreams and Fears explores the lives of a group of Palestinian children growing up in refugee camps. The film focuses on two teenage girls, Mona and Ma...",Arabic,"Occupied Palestinian Territory, Lebanon, United States",1 nomination,https://m.media-amazon.com/images/M/MV5BNjJkYTQ3MDItYzhlNy00NzllLWEyOTEtMjQ3NDU4YjNhNzBjXkEyXkFqcGdeQXVyNDM1Mjc2NDY@._V1_SX300.jpg,"[{'Source': 'Internet Movie Database', 'Value': '8.3/10'}]",,8.3,105,tt0477653,movie,,,,,True,,Frontiers of Dreams and Fears
590,A Love Story,1970,,24 Apr 1970,115 min,"Drama, Romance",Roy Andersson,Roy Andersson,"Ann-Sofie Kylin, Rolf Sohlman, Anita Lindblom","Two teenagers fall in love over the summer, in spite of cynical and disapproving adults who dismiss their relationship as being nothing but young love.","Swedish, Spanish",Sweden,5 wins & 2 nominations,https://m.media-amazon.com/images/M/MV5BNmIxMjhiZjAtN2E5OC00ZmI4LWEwMGMtNjcyYjYzMjZlNDE5XkEyXkFqcGc@._V1_SX300.jpg,"[{'Source': 'Internet Movie Database', 'Value': '7.3/10'}]",,7.3,"7,731",tt0065955,movie,,,,,True,,A Love Story
591,Chhota Bheem: Bheem vs Aliens,2010,,,69 min,"Animation, Action, Adventure",Rajiv Chilaka,Darsana Radhakrishnan,"Vatsal Dubey, Rupa Bhimani, Julie Tejwani","Aliens from a planet called Zeake attack Dholakpur. They destroy the palace and take King Indravarma and Princess Indumati captive. The aliens then proceed to Pehalwanpur. Kyto, the alien leader challenges Bheem to a game to relea...",,,,https://m.media-amazon.com/images/M/MV5BOWYyZDYwZjItZWIxMS00NzRlLTljN2MtODBlN2M1Y2Y1YjM3XkEyXkFqcGc@._V1_SX300.jpg,"[{'Source': 'Internet Movie Database', 'Value': '7.6/10'}]",,7.6,158,tt6442436,movie,,,,,True,,Chhota Bheem: Bheem vs Aliens
592,The Truth,2019,PG,03 Jul 2020,106 min,"Comedy, Drama",Hirokazu Koreeda,"Hirokazu Koreeda, Ken Liu","Catherine Deneuve, Juliette Binoche, Ethan Hawke","A stormy reunion between scriptwriter Lumir with her famous mother and actress, Fabienne, against the backdrop of Fabienne's autobiographic book and her latest role in a Sci-Fi picture as a daughter of a mother who never grows old.","French, English, Mandarin","France, Japan, Switzerland",1 win & 7 nominations,https://m.media-amazon.com/images/M/MV5BNDdiZmZlYzItMTAzMS00OTM1LTk0ZDktMWIxNGUzM2JmMmVhXkEyXkFqcGc@._V1_SX300.jpg,"[{'Source': 'Internet Movie Database', 'Value': '6.5/10'}, {'Source': 'Rotten Tomatoes', 'Value': '87%'}, {'Source': 'Metacritic', 'Value': '76/100'}]",76.0,6.5,"8,197",tt8323120,movie,,"$9,619",,,True,,The Truth
593,Tango with Me,2010,,17 Apr 2011,104 min,"Drama, Family, Romance",Mahmood Ali-Balogun,"Mahmood Ali-Balogun, Femi Kayode","Sunday Afolabi, Queen Ahune, Bimbo Akintola",,English,Nigeria,6 nominations,https://m.media-amazon.com/images/M/MV5BNjlkNWZiYzQtYjQyNy00ZDQ1LTllZTAtZjZkNzM2NGNmYmIxXkEyXkFqcGdeQXVyNzMxMjA0OTg@._V1_SX300.jpg,"[{'Source': 'Internet Movie Database', 'Value': '6.3/10'}]",,6.3,47,tt1686795,movie,,,,,True,,Tango with Me
594,To and from New York,2006,Unrated,12 Aug 2006,82 min,"Drama, Romance",Sorin Dan Mihalcescu,"Sorin Dan Mihalcescu, Raluca Pencu","Barbara King, Yoriko Haraguchi, Shaana Levy, Lyudmila Polupanova","While covering a story in New York City, a Seattle-based reporter (Barbara King) uncovers a link between two missing women that changes her lead entirely. Now, with her editor breathing ...",English,USA,,https://m.media-amazon.com/images/M/MV5BMjcyNjcwMjE1OV5BMl5BanBnXkFtZTcwMDI4OTY0MQ@@._V1_SX300.jpg,"[{'Source': 'Internet Movie Database', 'Value': '5.6/10'}]",,5.6,37,tt0889225,movie,,,,,True,,To and from New York
595,Osuofia in London 2,2004,,,72 min,Comedy,Kingsley Ogoro,Kingsley Ogoro,"Charles Angiama, Mara Ashton, Francis Odega, Cynthia Okereke",,English,Nigeria,,,"[{'Source': 'Internet Movie Database', 'Value': '7.1/10'}]",,7.1,17,tt0493829,movie,,,,,True,,Osuofia in London 2
596,Brother's Shadow,2006,,29 Apr 2006,91 min,Drama,Todd S. Yellin,"Ivan Krim, Todd S. Yellin","Scott Cohen, Katie Danziger, Lisa Emery","Jake Groden is the black sheep of his family. Ankle deep in fish guts, he serves out his parole in Alaska. Then, after a decade of self-imposed exile, he is forced to return to his Brooklyn family. He soon discovers that his perfe...",English,United States,1 nomination total,https://m.media-amazon.com/images/M/MV5BMTI2NzczNDMxOV5BMl5BanBnXkFtZTcwNjM2ODIzMQ@@._V1_SX300.jpg,"[{'Source': 'Internet Movie Database', 'Value': '6.1/10'}]",,6.1,170,tt0468458,movie,,,,,True,,Brother's Shadow
597,Rabun,2003,,24 Jan 2004,90 min,"Drama, Family, Romance",Yasmin Ahmad,Yasmin Ahmad,"M. Rajoli, Kartina Aziz, Yuhang Ho","An elderly couple move out of the city to a village, but this exuberant and affectionate pair find that life in the countryside isn't all that pleasant after all.",Malay,Malaysia,1 nomination,https://m.media-amazon.com/images/M/MV5BMGFhNzVlNGEtZGY5NC00YTBmLTk1NzAtODU4MjUxYWM1NmZiXkEyXkFqcGdeQXVyMTIwODA5Mjg@._V1_SX300.jpg,"[{'Source': 'Internet Movie Database', 'Value': '7.6/10'}]",,7.6,96,tt0368190,movie,,,,,True,,Rabun
598,Shameless,2011–2021,TV-MA,09 Jan 2011,46 min,"Comedy, Drama",,"Paul Abbott, John Wells","Emmy Rossum, William H. Macy, Ethan Cutkosky","A scrappy, feisty, fiercely loyal Chicago family makes no apologies.",English,United States,Won 4 Primetime Emmys. 17 wins & 68 nominations total,https://m.media-amazon.com/images/M/MV5BMWUwZjJmYjctYTY3MC00ZTVlLWI1ZGEtNWQzMTFlMTcwMTY2XkEyXkFqcGc@._V1_SX300.jpg,"[{'Source': 'Internet Movie Database', 'Value': '8.5/10'}]",,8.5,"317,361",tt1586680,series,,,,,True,11.0,Shameless
599,Project X,2012,R,02 Mar 2012,88 min,Comedy,Nima Nourizadeh,"Matt Drake, Michael Bacall","Thomas Mann, Oliver Cooper, Jonathan Daniel Brown","Three high-school seniors throw a birthday party to make a name for themselves. As the night progresses, things spiral out of control as word of the party spreads.",English,United States,5 nominations total,https://m.media-amazon.com/images/M/MV5BMTc1MTk0Njg4OF5BMl5BanBnXkFtZTcwODc0ODkyNw@@._V1_SX300.jpg,"[{'Source': 'Internet Movie Database', 'Value': '6.7/10'}, {'Source': 'Rotten Tomatoes', 'Value': '29%'}, {'Source': 'Metacritic', 'Value': '46/100'}]",46.0,6.7,"249,857",tt1636826,movie,,"$54,731,865",,,True,,Project X
600,Zero Dark Thirty,2012,R,11 Jan 2013,157 min,"Drama, History, Thriller",Kathryn Bigelow,Mark Boal,"Jessica Chastain, Joel Edgerton, Chris Pratt","A chronicle of the decade-long hunt for al-Qaeda terrorist leader Osama bin Laden after the September 2001 attacks, and his death at the hands of the Navy S.E.A.L.s Team 6 in May 2011.","English, Arabic, Urdu, Pashtu, French","United States, India, Jordan",Won 1 Oscar. 85 wins & 174 nominations total,https://m.media-amazon.com/images/M/MV5BMTQ4OTUyNzcwN15BMl5BanBnXkFtZTcwMTQ1NDE3OA@@._V1_SX300.jpg,"[{'Source': 'Internet Movie Database', 'Value': '7.4/10'}, {'Source': 'Rotten Tomatoes', 'Value': '91%'}, {'Source': 'Metacritic', 'Value': '95/100'}]",95.0,7.4,"332,998",tt1790885,movie,,"$95,720,716",,,True,,Zero Dark Thirty
601,The Amazing Spider-Man,2012,PG-13,03 Jul 2012,136 min,"Action, Sci-Fi",Marc Webb,"James Vanderbilt, Alvin Sargent, Steve Kloves","Andrew Garfield, Emma Stone, Rhys Ifans","After Peter Parker is bitten by a genetically altered spider, he gains newfound, spider-like powers and ventures out to save the city from the machinations of a mysterious reptilian foe.",English,United States,2 wins & 33 nominations total,https://m.media-amazon.com/images/M/MV5BMjMyOTM4MDMxNV5BMl5BanBnXkFtZTcwNjIyNzExOA@@._V1_SX300.jpg,"[{'Source': 'Internet Movie Database', 'Value': '6.9/10'}, {'Source': 'Rotten Tomatoes', 'Value': '71%'}, {'Source': 'Metacritic', 'Value': '66/100'}]",66.0,6.9,"743,057",tt0948470,movie,,"$262,782,352",,,True,,The Amazing Spider-Man
602,Teenage Mutant Ninja Turtles,2014,PG-13,08 Aug 2014,101 min,"Action, Adventure, Comedy",Jonathan Liebesman,"Josh Appelbaum, André Nemec, Evan Daugherty","Megan Fox, Will Arnett, William Fichtner","When a kingpin threatens New York City, a group of mutated turtle warriors must emerge from the shadows to protect their home.","English, Japanese",United States,1 win & 11 nominations total,https://m.media-amazon.com/images/M/MV5BNjUzODQ5MDY5NV5BMl5BanBnXkFtZTgwOTc1NzcyMjE@._V1_SX300.jpg,"[{'Source': 'Internet Movie Database', 'Value': '5.8/10'}, {'Source': 'Rotten Tomatoes', 'Value': '20%'}, {'Source': 'Metacritic', 'Value': '31/100'}]",31.0,5.8,"226,061",tt1291150,movie,,"$191,204,754",,,True,,Teenage Mutant Ninja Turtles
603,The Dark Knight Rises,2012,PG-13,20 Jul 2012,164 min,"Action, Crime, Drama",Christopher Nolan,"Jonathan Nolan, Christopher Nolan, David S. Goyer","Christian Bale, Tom Hardy, Anne Hathaway","Bane, an imposing terrorist, attacks Gotham City and disrupts its eight-year-long period of peace. This forces Bruce Wayne to come out of hiding and don the cape and cowl of Batman again.","English, Arabic","United States, United Kingdom",Nominated for 1 BAFTA Award45 wins & 103 nominations total,https://m.media-amazon.com/images/M/MV5BMTk4ODQzNDY3Ml5BMl5BanBnXkFtZTcwODA0NTM4Nw@@._V1_SX300.jpg,"[{'Source': 'Internet Movie Database', 'Value': '8.4/10'}, {'Source': 'Rotten Tomatoes', 'Value': '87%'}, {'Source': 'Metacritic', 'Value': '78/100'}]",78.0,8.4,"1,942,437",tt1345836,movie,,"$448,149,584",,,True,,The Dark Knight Rises
604,Mission: Impossible - Ghost Protocol,2011,PG-13,21 Dec 2011,132 min,"Action, Adventure, Thriller",Brad Bird,"Bruce Geller, Josh Appelbaum, André Nemec","Tom Cruise, Jeremy Renner, Simon Pegg","The IMF is shut down when it's implicated in the bombing of the Kremlin, causing Ethan Hunt and his new team to go rogue to clear their organization's name.","English, Russian, French, Arabic, Swedish","United States, United Arab Emirates, Russia, Canada, Czech Republic, India",5 wins & 30 nominations total,https://m.media-amazon.com/images/M/MV5BMTY4MTUxMjQ5OV5BMl5BanBnXkFtZTcwNTUyMzg5Ng@@._V1_SX300.jpg,"[{'Source': 'Internet Movie Database', 'Value': '7.4/10'}, {'Source': 'Rotten Tomatoes', 'Value': '94%'}, {'Source': 'Metacritic', 'Value': '73/100'}]",73.0,7.4,"555,260",tt1229238,movie,,"$209,397,903",,,True,,Mission: Impossible - Ghost Protocol
605,New Girl,2011–2018,TV-14,20 Sep 2011,22 min,"Comedy, Romance",,Elizabeth Meriwether,"Zooey Deschanel, Jake Johnson, Max Greenfield","After a bad break-up, Jess, an offbeat young woman, moves into an apartment loft with three single men. Although they find her behavior very unusual, the men support her - most of the time.",English,United States,Nominated for 5 Primetime Emmys. 11 wins & 85 nominations total,https://m.media-amazon.com/images/M/MV5BMTQ5MzM1NzMwMl5BMl5BanBnXkFtZTgwNjQ2MzI2NzE@._V1_SX300.jpg,"[{'Source': 'Internet Movie Database', 'Value': '7.8/10'}]",,7.8,"258,052",tt1826940,series,,,,,True,7.0,New Girl
606,Call the Midwife,2012–,TV-PG,15 Jan 2012,60 min,"Drama, History",,Heidi Thomas,"Vanessa Redgrave, Laura Main, Jenny Agutter",Chronicles the lives of a group of midwives living in East London in the late 1950s to early 1970s.,English,United Kingdom,Won 2 BAFTA 21 wins & 27 nominations total,https://m.media-amazon.com/images/M/MV5BMTAzMjAwNzc1MzVeQTJeQWpwZ15BbWU4MDQzODgzMjEx._V1_SX300.jpg,"[{'Source': 'Internet Movie Database', 'Value': '8.6/10'}]",,8.6,"34,017",tt1983079,series,,,,,True,14.0,Call the Midwife
607,Black Mirror,2011–,TV-MA,04 Dec 2011,60 min,"Crime, Drama, Mystery",,Charlie Brooker,"Anjana Vasan, Cristin Milioti, Jimmi Simpson","Featuring stand-alone dramas -- sharp, suspenseful, satirical tales that explore techno-paranoia -- ""Black Mirror"" is a contemporary reworking of ""The Twilight Zone"" with stories that tap into the collective unease about the moder...",English,United Kingdom,Won 6 Primetime Emmys. 48 wins & 155 nominations total,https://m.media-amazon.com/images/M/MV5BODcxMWI2NDMtYTc3NC00OTZjLWFmNmUtM2NmY2I1ODkxYzczXkEyXkFqcGc@._V1_SX300.jpg,"[{'Source': 'Internet Movie Database', 'Value': '8.7/10'}]",,8.7,"708,105",tt2085059,series,,,,,True,7.0,Black Mirror
608,Margin Call,2011,R,29 Sep 2011,107 min,"Drama, Thriller",J.C. Chandor,J.C. Chandor,"Zachary Quinto, Stanley Tucci, Kevin Spacey",Follows the key people at an investment bank over a 24-hour period during the early stages of the 2008 financial crisis.,English,United States,Nominated for 1 Oscar. 8 wins & 24 nominations total,https://m.media-amazon.com/images/M/MV5BMjE5NzkyNDI2Nl5BMl5BanBnXkFtZTcwMTYzNDc2Ng@@._V1_SX300.jpg,"[{'Source': 'Internet Movie Database', 'Value': '7.1/10'}, {'Source': 'Rotten Tomatoes', 'Value': '87%'}, {'Source': 'Metacritic', 'Value': '76/100'}]",76.0,7.1,"155,284",tt1615147,movie,,"$5,354,039",,,True,,Margin Call
609,Django Unchained,2012,R,25 Dec 2012,165 min,"Drama, Western",Quentin Tarantino,Quentin Tarantino,"Jamie Foxx, Christoph Waltz, Leonardo DiCaprio","With the help of a German bounty-hunter, a freed slave sets out to rescue his wife from a brutal plantation owner in Mississippi.","English, German, French, Italian",United States,Won 2 Oscars. 58 wins & 158 nominations total,https://m.media-amazon.com/images/M/MV5BMjIyNTQ5NjQ1OV5BMl5BanBnXkFtZTcwODg1MDU4OA@@._V1_SX300.jpg,"[{'Source': 'Internet Movie Database', 'Value': '8.5/10'}, {'Source': 'Rotten Tomatoes', 'Value': '87%'}, {'Source': 'Metacritic', 'Value': '81/100'}]",81.0,8.5,"1,817,589",tt1853728,movie,,"$162,805,434",,,True,,Django Unchained
610,Longmire,2012–2017,TV-14,03 Jun 2012,1 min,"Action, Crime, Drama",,"Hunt Baldwin, John Coveny","Robert Taylor, Katee Sackhoff, Lou Diamond Phillips","Walt Longmire is the dedicated and unflappable sheriff of Absaroka County, Wyoming. Widowed only a year, he is a man in psychic repair but buries his pain behind his brave face, unassuming grin and dry wit.","English, French",United States,7 wins & 9 nominations total,https://m.media-amazon.com/images/M/MV5BMTcxMzIwNzI3M15BMl5BanBnXkFtZTgwODgxMTU5OTE@._V1_SX300.jpg,"[{'Source': 'Internet Movie Database', 'Value': '8.3/10'}]",,8.3,"42,451",tt1836037,series,,,,,True,6.0,Longmire
611,Hunter x Hunter,2011–2014,TV-14,17 Apr 2016,24 min,"Animation, Action, Adventure",,Yoshihiro Togashi,"Issei Futamata, Megumi Han, Cristina Valenzuela","Gon Freecss aspires to become a Hunter, an exceptional being capable of greatness. With his friends and his potential, he seeks out his father, who left him when he was younger.",Japanese,Japan,2 wins & 1 nomination total,https://m.media-amazon.com/images/M/MV5BYzYxOTlkYzctNGY2MC00MjNjLWIxOWMtY2QwYjcxZWIwMmEwXkEyXkFqcGc@._V1_SX300.jpg,"[{'Source': 'Internet Movie Database', 'Value': '9.0/10'}]",,9.0,"174,712",tt2098220,series,,,,,True,1.0,Hunter x Hunter
612,Ink Master,2012–,TV-14,17 Jan 2012,60 min,"Game-Show, Reality-TV",,,"Dave Navarro, Oliver Peck, Chris Nunez","Ten of the country's most creative and skilled tattoo artists are judged by icons of the tattoo world. They compete for a hundred thousand dollars and the title of ""INK MASTER"".","Spanish, English",United States,2 nominations total,https://m.media-amazon.com/images/M/MV5BYTlkZWYzNGQtODdkNy00MDg5LWIyYzQtZjY0OTMwNjg4MGUyXkEyXkFqcGc@._V1_SX300.jpg,"[{'Source': 'Internet Movie Database', 'Value': '7.4/10'}]",,7.4,"5,197",tt1865740,series,,,,,True,16.0,Ink Master
613,Les Misérables,2012,PG-13,25 Dec 2012,158 min,"Drama, Musical, Romance",Tom Hooper,"William Nicholson, Alain Boublil, Claude-Michel Schönberg","Hugh Jackman, Russell Crowe, Anne Hathaway","In 19th-century France, Jean Valjean, who, for decades, has been hunted by the ruthless policeman Javert after breaking parole, agrees to care for a factory worker's daughter. The decision changes their lives forever.",English,"United Kingdom, United States",Won 3 Oscars. 85 wins & 177 nominations total,https://m.media-amazon.com/images/M/MV5BY2Q1YjIxZTAtZTU0YS00ZmE5LWEwODEtY2IyYWM2ZTJlOWE1XkEyXkFqcGc@._V1_SX300.jpg,"[{'Source': 'Internet Movie Database', 'Value': '7.5/10'}, {'Source': 'Rotten Tomatoes', 'Value': '70%'}, {'Source': 'Metacritic', 'Value': '63/100'}]",63.0,7.5,"356,945",tt1707386,movie,,"$149,260,140",,,True,,Les Misérables
614,Argo,2012,R,12 Oct 2012,120 min,"Biography, Drama, History",Ben Affleck,"Chris Terrio, Tony Mendez, Joshuah Bearman","Ben Affleck, Bryan Cranston, John Goodman","Acting under the cover of a Hollywood producer scouting a location for a science fiction film, a CIA agent launches a dangerous operation to rescue six Americans in Tehran during the U.S. hostage crisis in Iran in 1979.","English, Persian, German, Arabic","United Kingdom, United States",Won 3 Oscars. 96 wins & 156 nominations total,https://m.media-amazon.com/images/M/MV5BM2QyMGUyZTEtMjE4Yi00M2RiLTgwN2QtZDMxZDNiMTFkMTFjXkEyXkFqcGc@._V1_SX300.jpg,"[{'Source': 'Internet Movie Database', 'Value': '7.7/10'}, {'Source': 'Rotten Tomatoes', 'Value': '96%'}, {'Source': 'Metacritic', 'Value': '86/100'}]",86.0,7.7,"655,757",tt1024648,movie,,"$136,025,503",,,True,,Argo
615,Last Tango in Halifax,2012–2020,TV-14,08 Sep 2013,1 min,"Comedy, Drama, Romance",,Sally Wainwright,"Anne Reid, Derek Jacobi, Sarah Lancashire","After half a century apart, Celia (Anne Reid) and Alan (Derek Jacobi) are reunited and decide to marry.",English,"United Kingdom, United States",Won 3 BAFTA 4 wins & 18 nominations total,https://m.media-amazon.com/images/M/MV5BZmMxNDY5ODktZDA4OS00YWYyLTg5NzQtODI2Nzk4NTQ5Y2E1XkEyXkFqcGc@._V1_SX300.jpg,"[{'Source': 'Internet Movie Database', 'Value': '8.3/10'}]",,8.3,"9,454",tt2216156,series,,,,,True,5.0,Last Tango in Halifax
616,JoJo's Bizarre Adventure,2012–,TV-14,04 Oct 2012,30 min,"Animation, Action, Adventure",,,"David Vincent, Matthew Mercer, Daisuke Ono","The story of the Joestar family, who are possessed with intense psychic strength, and the adventures each member encounters throughout their lives.","Japanese, English",Japan,3 wins & 23 nominations total,https://m.media-amazon.com/images/M/MV5BMzIyNzY4NTMtNmVhYS00OWFhLTkwMWMtOGFkNTdmNWU2ZDdiXkEyXkFqcGc@._V1_SX300.jpg,"[{'Source': 'Internet Movie Database', 'Value': '8.5/10'}]",,8.5,"45,330",tt2359704,series,,,,,True,5.0,JoJo's Bizarre Adventure
617,Kung Fu Panda 2,2011,PG,26 May 2011,90 min,"Animation, Action, Adventure",Jennifer Yuh Nelson,"Jonathan Aibel, Glenn Berger, Ethan Reiff","Jack Black, Angelina Jolie, Jackie Chan","Po and his friends fight to stop a peacock villain from conquering China with a deadly new weapon, but first the Dragon Warrior must come to terms with his past.",English,"United States, Canada",Nominated for 1 Oscar. 5 wins & 47 nominations total,https://m.media-amazon.com/images/M/MV5BYmIxMGYzMTUtZDQzYy00ODc4LWE1YzQtZGMwYTc0YTYyYTE0XkEyXkFqcGc@._V1_SX300.jpg,"[{'Source': 'Internet Movie Database', 'Value': '7.3/10'}, {'Source': 'Rotten Tomatoes', 'Value': '82%'}, {'Source': 'Metacritic', 'Value': '67/100'}]",67.0,7.3,"344,896",tt1302011,movie,,"$165,249,063",,,True,,Kung Fu Panda 2
618,Contagion,2011,PG-13,09 Sep 2011,106 min,"Drama, Thriller",Steven Soderbergh,Scott Z. Burns,"Matt Damon, Kate Winslet, Jude Law","Healthcare professionals, government officials and everyday people find themselves in the midst of a pandemic as the CDC works to find a cure.","English, Mandarin, Cantonese","United Arab Emirates, United States",2 wins & 14 nominations total,https://m.media-amazon.com/images/M/MV5BMTY3MDk5MDc3OV5BMl5BanBnXkFtZTcwNzAyNTg0Ng@@._V1_SX300.jpg,"[{'Source': 'Internet Movie Database', 'Value': '6.8/10'}, {'Source': 'Rotten Tomatoes', 'Value': '85%'}, {'Source': 'Metacritic', 'Value': '70/100'}]",70.0,6.8,"326,346",tt1598778,movie,,"$75,658,097",,,True,,Contagion
619,Arrow,2012–2020,TV-14,10 Oct 2012,42 min,"Action, Adventure, Crime",,"Greg Berlanti, Marc Guggenheim, Andrew Kreisberg","Stephen Amell, Katie Cassidy, David Ramsey",Presumed-dead billionaire playboy Oliver Queen returns to Starling City and rights societal wrongs as Arrow.,"English, Greek, Arabic, Russian, Chinese, Spanish, Japanese",United States,22 wins & 89 nominations total,https://m.media-amazon.com/images/M/MV5BNjRlNjNlY2YtYzQxNS00ZTUzLTkwMTQtMjM0YjZlOWQwZmFkXkEyXkFqcGc@._V1_SX300.jpg,"[{'Source': 'Internet Movie Database', 'Value': '7.5/10'}]",,7.5,"456,824",tt2193021,series,,,,,True,8.0,Arrow
620,Ninjago: Masters of Spinjitzu,2011–2022,TV-Y7,02 Dec 2011,30 min,"Animation, Action, Adventure",,"Michael Hegner, Tommy Andreasen, Michael Svane Knap","Michael Adamthwaite, Brent Miller, Vincent Tong","When the fate of their world, Ninjago, is challenged by great threats, it's up to the ninja: Kai, Jay, Cole, Zane, Lloyd and Nya to save the world.","Danish, English","Denmark, Canada, Portugal, United States",7 wins & 9 nominations total,https://m.media-amazon.com/images/M/MV5BMzliMjU1YjAtMzM2OS00OGFjLWFjODktY2UwNGU0NTU0NjQ4XkEyXkFqcGc@._V1_SX300.jpg,"[{'Source': 'Internet Movie Database', 'Value': '7.8/10'}]",,7.8,"10,341",tt1871731,series,,,,,True,15.0,Ninjago: Masters of Spinjitzu
621,Sword Art Online,2012–,TV-14,08 Jul 2012,1 min,"Animation, Action, Adventure",,Reki Kawahara,"Yoshitsugu Matsuoka, Haruka Tomatsu, Bryce Papenbrook","In the year 2022, thousands of people get trapped in a new virtual MMORPG and the lone wolf player, Kirito, works to escape.","Japanese, English","Japan, Poland, United States",15 wins & 44 nominations total,https://m.media-amazon.com/images/M/MV5BN2NhYzU2NDEtYzI1NS00MjgzLThjZGUtOTYxNGJkZjZmNDdjXkEyXkFqcGc@._V1_SX300.jpg,"[{'Source': 'Internet Movie Database', 'Value': '7.5/10'}]",,7.5,"58,483",tt2250192,series,,,,,True,4.0,Sword Art Online
622,The Legend of Korra,2012–2014,TV-PG,14 Apr 2012,1 min,"Animation, Action, Adventure",,"Michael Dante DiMartino, Bryan Konietzko","Janet Varney, P.J. Byrne, David Faustino",Avatar Korra fights to keep Republic City safe from the evil forces of both the physical and spiritual worlds.,English,"United States, South Korea, Japan",27 wins & 42 nominations total,https://m.media-amazon.com/images/M/MV5BMWIyMDNmMGMtZTRjZi00ZWJkLWE2ZjAtMjYwOGFiZGVkZmYzXkEyXkFqcGc@._V1_SX300.jpg,"[{'Source': 'Internet Movie Database', 'Value': '8.3/10'}]",,8.3,"146,648",tt1695360,series,,,,,True,4.0,The Legend of Korra
623,Sherlock Holmes: A Game of Shadows,2011,PG-13,16 Dec 2011,129 min,"Action, Adventure, Mystery",Guy Ritchie,"Michele Mulroney, Kieran Mulroney, Arthur Conan Doyle","Robert Downey Jr., Jude Law, Jared Harris","Detective Sherlock Holmes is on the trail of criminal mastermind Professor Moriarty, who is carrying out a string of random crimes across Europe.","English, French, Italian, German, Romany",United States,3 wins & 10 nominations total,https://m.media-amazon.com/images/M/MV5BMTQwMzQ5Njk1MF5BMl5BanBnXkFtZTcwNjIxNzIxNw@@._V1_SX300.jpg,"[{'Source': 'Internet Movie Database', 'Value': '7.4/10'}, {'Source': 'Rotten Tomatoes', 'Value': '60%'}, {'Source': 'Metacritic', 'Value': '48/100'}]",48.0,7.4,"494,334",tt1515091,movie,,"$186,848,418",,,True,,Sherlock Holmes: A Game of Shadows
624,Contraband,2012,R,13 Jan 2012,109 min,"Action, Adventure, Crime",Baltasar Kormákur,"Aaron Guzikowski, Arnaldur Indriðason, Óskar Jónasson","Mark Wahlberg, Giovanni Ribisi, Kate Beckinsale","To protect his brother-in-law from a drug lord, a former smuggler heads to Panama to score millions of dollars in counterfeit bills.","English, Spanish","United Kingdom, France, United States",1 win total,https://m.media-amazon.com/images/M/MV5BMjE3NzY5NTg0OF5BMl5BanBnXkFtZTcwODk4MzgxNw@@._V1_SX300.jpg,"[{'Source': 'Internet Movie Database', 'Value': '6.4/10'}, {'Source': 'Rotten Tomatoes', 'Value': '50%'}, {'Source': 'Metacritic', 'Value': '51/100'}]",51.0,6.4,"128,247",tt1524137,movie,,"$66,528,000",,,True,,Contraband
625,Savages,2012,R,06 Jul 2012,131 min,"Crime, Drama, Thriller",Oliver Stone,"Shane Salerno, Don Winslow, Oliver Stone","Aaron Taylor-Johnson, Taylor Kitsch, Blake Lively",Pot growers Ben and Chon face off against the Mexican drug cartel who kidnapped their shared girlfriend.,"English, Spanish",United States,7 nominations total,https://m.media-amazon.com/images/M/MV5BMTk0ODIyNDAyMF5BMl5BanBnXkFtZTcwMTQ5Nzg3Nw@@._V1_SX300.jpg,"[{'Source': 'Internet Movie Database', 'Value': '6.4/10'}, {'Source': 'Rotten Tomatoes', 'Value': '50%'}, {'Source': 'Metacritic', 'Value': '59/100'}]",59.0,6.4,"136,031",tt1615065,movie,,"$47,382,068",,,True,,Savages
626,The Borgias,2011–2013,TV-MA,03 Apr 2011,3 min,"Crime, Drama, History",,Neil Jordan,"Jeremy Irons, François Arnaud, Holliday Grainger","In the fifteenth century, Pope Alexander VI tries to control all power in Italy with the help of his several sons, through murder, intrigue, war, and marriage alliances.",English,"United States, Hungary, Ireland, Canada",Won 3 Primetime Emmys. 16 wins & 55 nominations total,https://m.media-amazon.com/images/M/MV5BZWIxZDVmNmUtOGYzMC00YWU4LWEzMjQtODVmZDljMGZkNmM0XkEyXkFqcGc@._V1_SX300.jpg,"[{'Source': 'Internet Movie Database', 'Value': '7.9/10'}]",,7.9,"55,632",tt1582457,series,,,,,True,3.0,The Borgias
627,Comedians in Cars Getting Coffee,2012–2019,TV-14,19 Jul 2012,2 min,"Comedy, Family, Talk-Show",,Jerry Seinfeld,"Jerry Seinfeld, Michael Richards, Mario Joyner","Jerry Seinfeld is joined by friends for a cup of coffee and a drive in a classic car, sharing stories all along the way.",English,United States,Nominated for 5 Primetime Emmys. 11 wins & 10 nominations total,https://m.media-amazon.com/images/M/MV5BNWJlMzc1N2UtNmM0MS00YjgyLWExYTgtZWE5ZTliNDg4ODZiXkEyXkFqcGc@._V1_SX300.jpg,"[{'Source': 'Internet Movie Database', 'Value': '8.0/10'}]",,8.0,"14,016",tt2314952,series,,,,,True,11.0,Comedians in Cars Getting Coffee
628,Top Boy,2011–2023,TV-MA,31 Oct 2011,1 min,"Crime, Drama, Thriller",,Ronan Bennett,"Ashley Walters, Kano, Jasmine Jobson",A group of young people living on edge and out of sight in the crime-riddled area of East London today.,English,United Kingdom,Won 4 BAFTA 9 wins & 27 nominations total,https://m.media-amazon.com/images/M/MV5BNzIxNjNkYjctMzkyYy00ZGE0LTgzMTQtZDczZWY5NWEwNDdjXkEyXkFqcGc@._V1_SX300.jpg,"[{'Source': 'Internet Movie Database', 'Value': '8.4/10'}]",,8.4,"45,368",tt1830379,series,,,,,True,5.0,Top Boy
629,Dark Shadows,2012,PG-13,11 May 2012,113 min,"Comedy, Fantasy, Horror",Tim Burton,"Seth Grahame-Smith, John August, Dan Curtis","Johnny Depp, Michelle Pfeiffer, Eva Green","An imprisoned vampire, Barnabas Collins, is set free and returns to his ancestral home, where his dysfunctional descendants are in need of his protection.",English,"United States, Australia, United Kingdom",3 wins & 12 nominations total,https://m.media-amazon.com/images/M/MV5BMjNiYWMxZjctMzEyZS00NDZmLTgxYmYtM2NmOGI0MmY3ZTJiXkEyXkFqcGc@._V1_SX300.jpg,"[{'Source': 'Internet Movie Database', 'Value': '6.2/10'}, {'Source': 'Rotten Tomatoes', 'Value': '35%'}, {'Source': 'Metacritic', 'Value': '55/100'}]",55.0,6.2,"289,219",tt1077368,movie,,"$79,727,149",,,True,,Dark Shadows
630,Total Recall,1990,R,01 Jun 1990,113 min,"Action, Adventure, Sci-Fi",Paul Verhoeven,"Philip K. Dick, Ronald Shusett, Dan O'Bannon","Arnold Schwarzenegger, Sharon Stone, Michael Ironside","When a man goes in to have virtual vacation memories of the planet Mars implanted in his mind, an unexpected and harrowing series of events forces him to go to the planet for real - or is he?",English,"United States, Mexico",Nominated for 2 Oscars. 7 wins & 16 nominations total,https://m.media-amazon.com/images/M/MV5BZjRlMzBkOGMtMTA1Ny00ZWI4LTkzMDItOGVkNWJkN2E4ZTkwXkEyXkFqcGc@._V1_SX300.jpg,"[{'Source': 'Internet Movie Database', 'Value': '7.5/10'}, {'Source': 'Rotten Tomatoes', 'Value': '81%'}, {'Source': 'Metacritic', 'Value': '60/100'}]",60.0,7.5,"371,849",tt0100802,movie,,"$119,412,921",,,True,,Total Recall
631,Transformers: Rescue Bots,2011–2016,TV-Y7,17 Dec 2011,20 min,"Animation, Short, Action",,"Nicole Dubuc, Brian Hohlfeld, Jeff Kline","Lacey Chabert, Elan Garfias, Maurice LaMarche",The Rescue Bots are Transformers that work with a family of heroes to rescue humans from disasters. These non-violent Transformer stories were aimed at pre-school viewers.,English,"Canada, United States",2 wins & 8 nominations total,https://m.media-amazon.com/images/M/MV5BMTkwNTE2MzU1Nl5BMl5BanBnXkFtZTgwNjQ1MDgwMDE@._V1_SX300.jpg,"[{'Source': 'Internet Movie Database', 'Value': '6.6/10'}]",,6.6,"1,273",tt2139371,series,,,,,True,4.0,Transformers: Rescue Bots
632,Lilyhammer,2012–2014,TV-MA,15 Sep 2014,45 min,"Comedy, Crime, Drama",,"Eilif Skodvin, Anne Bjørnstad","Steven Van Zandt, Trond Fausa, Steinar Sagen",A New York mobster goes into hiding in rural Lillehammer in Norway after testifying against his former associates.,"Norwegian, English, Portuguese, Lithuanian, Nepali, Arabic","Norway, United States",5 wins & 1 nomination total,https://m.media-amazon.com/images/M/MV5BMTU5NjAyOTkyM15BMl5BanBnXkFtZTgwNzIzODAwMzE@._V1_SX300.jpg,"[{'Source': 'Internet Movie Database', 'Value': '7.9/10'}]",,7.9,"33,092",tt1958961,series,,,,,True,3.0,Lilyhammer
633,The Smurfs,2011,PG,29 Jul 2011,103 min,"Animation, Adventure, Comedy",Raja Gosnell,"J. David Stem, David N. Weiss, Jay Scherick","Hank Azaria, Katy Perry, Jonathan Winters","When the evil wizard Gargamel chases the tiny blue Smurfs out of their village, they tumble from their magical world into New York City.",English,"United States, Belgium, Canada",2 wins & 8 nominations total,https://m.media-amazon.com/images/M/MV5BNzQxNDYyNTQtYjg1OC00OGJiLTk2YjMtZjZjZDgwOWFlOTJjXkEyXkFqcGc@._V1_SX300.jpg,"[{'Source': 'Internet Movie Database', 'Value': '5.4/10'}, {'Source': 'Rotten Tomatoes', 'Value': '21%'}, {'Source': 'Metacritic', 'Value': '30/100'}]",30.0,5.4,"101,771",tt0472181,movie,,"$142,614,158",,,True,,The Smurfs
634,Soul Surfer,2011,PG,08 Apr 2011,112 min,"Biography, Drama, Family",Sean McNamara,"Sean McNamara, Deborah Schwartz, Douglas Schwartz","AnnaSophia Robb, Dennis Quaid, Helen Hunt","Bethany Hamilton, a professional surfer, loses her left arm in a shark attack. Unwilling to pay attention to the gravity of her situation, Bethany decides to get back into the ocean and surf again.",English,United States,2 wins & 12 nominations total,https://m.media-amazon.com/images/M/MV5BMTU2MDg0OTYyM15BMl5BanBnXkFtZTcwMjg5MjY0NA@@._V1_SX300.jpg,"[{'Source': 'Internet Movie Database', 'Value': '7.0/10'}, {'Source': 'Rotten Tomatoes', 'Value': '45%'}, {'Source': 'Metacritic', 'Value': '53/100'}]",53.0,7.0,"55,014",tt1596346,movie,,"$43,853,424",,,True,,Soul Surfer
635,LOL,2012,PG-13,01 Mar 2012,97 min,"Comedy, Drama, Romance",Lisa Azuelos,"Lisa Azuelos, Kamir Aïnouz, Nans Delgado","Miley Cyrus, Douglas Booth, Ashley Greene","As a new year at school begins, Lola's heart is broken by her boyfriend, though soon she's surprised by her best friend, promising musician Kyle, who reveals his feelings for her.","English, French, Ukrainian",United States,1 nomination,https://m.media-amazon.com/images/M/MV5BMTA0MjI5ODA3MjReQTJeQWpwZ15BbWU3MDI1NTE3Njc@._V1_SX300.jpg,"[{'Source': 'Internet Movie Database', 'Value': '4.4/10'}, {'Source': 'Rotten Tomatoes', 'Value': '14%'}]",,4.4,"58,645",tt1592873,movie,,,,,True,,LOL
636,Unknown,2011,PG-13,18 Feb 2011,113 min,"Action, Mystery, Thriller",Jaume Collet-Serra,"Oliver Butcher, Stephen Cornwell, Didier Van Cauwelaert","Liam Neeson, Diane Kruger, January Jones","When a man awakens from a coma only to discover that someone has taken on his identity, he teams up with a young woman to prove who he is.","English, German, Turkish, Arabic","United States, Germany, United Kingdom, France, Japan, Canada",3 nominations total,https://m.media-amazon.com/images/M/MV5BODA4NTk3MTQwN15BMl5BanBnXkFtZTcwNjUwMTMxNA@@._V1_SX300.jpg,"[{'Source': 'Internet Movie Database', 'Value': '6.8/10'}, {'Source': 'Rotten Tomatoes', 'Value': '56%'}, {'Source': 'Metacritic', 'Value': '56/100'}]",56.0,6.8,"274,528",tt1401152,movie,,"$63,686,397",,,True,,Unknown
637,Rise of the Guardians,2012,PG,21 Nov 2012,97 min,"Animation, Action, Adventure",Peter Ramsey,"David Lindsay-Abaire, William Joyce, Chris Appelhans","Hugh Jackman, Alec Baldwin, Isla Fisher","When the evil spirit Pitch launches an assault on Earth, the Immortal Guardians team up to protect the innocence of children all around the world.","English, French","United States, India",14 wins & 32 nominations total,https://m.media-amazon.com/images/M/MV5BMTkzMjgwMDg1M15BMl5BanBnXkFtZTcwMTgzNTI1OA@@._V1_SX300.jpg,"[{'Source': 'Internet Movie Database', 'Value': '7.2/10'}, {'Source': 'Rotten Tomatoes', 'Value': '74%'}, {'Source': 'Metacritic', 'Value': '58/100'}]",58.0,7.2,"203,325",tt1446192,movie,25 Nov 2015,"$103,412,758",,,True,,Rise of the Guardians
638,Teen Mom 2,2011–,TV-14,11 Jan 2011,60 min,"Documentary, Reality-TV",,,"Kailyn Lowry, Chelsea DeBoer, Jenelle Evans","Follows the cast of the second season of '16 and Pregnant', giving viewers an intimate look at the challenges Chelsea, Leah, Jenelle, and Kailyn face raising a child as a teenager.",English,United States,,https://m.media-amazon.com/images/M/MV5BMTg4Mzc3NzQyMV5BMl5BanBnXkFtZTgwMzg2OTcwMzE@._V1_SX300.jpg,"[{'Source': 'Internet Movie Database', 'Value': '4.4/10'}]",,4.4,"2,417",tt1821220,series,,,,,True,11.0,Teen Mom 2
639,Here Comes the Boom,2012,PG,12 Oct 2012,105 min,"Action, Comedy, Sport",Frank Coraci,"Allan Loeb, Kevin James, Rock Reuben","Kevin James, Salma Hayek, Henry Winkler",A high-school biology teacher looks to become a successful mixed martial arts fighter in an effort to raise money to prevent extracurricular activities from being axed at his cash-strapped school.,"English, Dutch",United States,3 nominations total,https://m.media-amazon.com/images/M/MV5BMTUxMzEzNDQ0Nl5BMl5BanBnXkFtZTcwMDI2NTY1OA@@._V1_SX300.jpg,"[{'Source': 'Internet Movie Database', 'Value': '6.4/10'}, {'Source': 'Rotten Tomatoes', 'Value': '42%'}, {'Source': 'Metacritic', 'Value': '40/100'}]",40.0,6.4,"97,295",tt1648179,movie,,"$45,290,318",,,True,,Here Comes the Boom
640,Berserk: The Golden Age Arc I - The Egg of the King,2012,TV-MA,26 Apr 2012,76 min,"Animation, Action, Adventure",Toshiyuki Kubooka,"Kentaro Miura, Ichirô Ôkouchi","Hiroaki Iwanaga, Carrie Keranen, Takahiro Sakurai","A lone sellsword named Guts gets recruited into a mercenary band and attempts to help the Band's leader, Griffith, on his rise to power.","Japanese, English, German",Japan,3 wins & 3 nominations total,https://m.media-amazon.com/images/M/MV5BYmYwZGE5OGItOGYzNC00OTM3LThhYjEtMmU4OGMwYmIxYjQxXkEyXkFqcGc@._V1_SX300.jpg,"[{'Source': 'Internet Movie Database', 'Value': '7.5/10'}]",,7.5,"15,334",tt2210479,movie,,,,,True,,Berserk: The Golden Age Arc I - The Egg of the King
641,Blue Exorcist,2011,TV-14,23 Feb 2014,30 min,"Animation, Action, Drama",,,"Nobuhiko Okamoto, Bryce Papenbrook, Jun Fukuyama","After discovering that he's the son of Satan, a young man must join the True Cross Academy in order to master his abilities and defeat Satan himself.","Japanese, English",Japan,2 wins & 4 nominations total,https://m.media-amazon.com/images/M/MV5BNWE2MmQxMmEtMzZjMi00NjcyLThlMjYtMmQ4ODc5ZTQxODE3XkEyXkFqcGc@._V1_SX300.jpg,"[{'Source': 'Internet Movie Database', 'Value': '7.4/10'}]",,7.4,"16,350",tt1799631,series,,,,,True,1.0,Blue Exorcist
642,MeatEater,2012–,TV-14,01 Jan 2012,1 min,Documentary,,,"Steven Rinella, Elias Argentiere, Joe Rogan","Founded on the belief that a deeper understanding of the natural world enriches our lives, MeatEater was established by writer and TV personality Steven Rinella.",English,United States,,https://m.media-amazon.com/images/M/MV5BMTcwNDMyMDM1OV5BMl5BanBnXkFtZTcwODczNTQ4OA@@._V1_SX300.jpg,"[{'Source': 'Internet Movie Database', 'Value': '7.6/10'}]",,7.6,"1,736",tt2169245,series,,,,,True,12.0,MeatEater
643,X-Men,2000,PG-13,14 Jul 2000,104 min,"Action, Adventure, Sci-Fi",Bryan Singer,"Tom DeSanto, Bryan Singer, David Hayter","Patrick Stewart, Hugh Jackman, Ian McKellen","In a world where mutants (evolved super-powered humans) exist and are discriminated against, two groups form for an inevitable clash: the supremacist Brotherhood, and the pacifist X-Men.",English,"United States, Canada",14 wins & 26 nominations total,https://m.media-amazon.com/images/M/MV5BNzNjZjQwOTAtNWQ3NC00MmJlLThlZDEtZmUyMWQ3NmE4Y2Y5XkEyXkFqcGc@._V1_SX300.jpg,"[{'Source': 'Internet Movie Database', 'Value': '7.3/10'}, {'Source': 'Rotten Tomatoes', 'Value': '82%'}, {'Source': 'Metacritic', 'Value': '64/100'}]",64.0,7.3,"679,820",tt0120903,movie,,"$157,299,718",,,True,,X-Men
644,Cuckoo,2024,R,09 Aug 2024,102 min,"Horror, Mystery, Thriller",Tilman Singer,Tilman Singer,"Hunter Schafer, Jan Bluthardt, Marton Csokas",A 17-year-old is forced to move with her family to a resort where things are not what they seem.,"English, German, French, American Sign ","Germany, United States",3 wins & 14 nominations total,https://m.media-amazon.com/images/M/MV5BMTBhMjVkOTQtYWUyOS00ZDVmLWJmMDMtYTg3MTBlMGIzNzkxXkEyXkFqcGc@._V1_SX300.jpg,"[{'Source': 'Internet Movie Database', 'Value': '5.7/10'}, {'Source': 'Rotten Tomatoes', 'Value': '78%'}, {'Source': 'Metacritic', 'Value': '62/100'}]",62.0,5.7,"31,135",tt12349832,movie,,"$6,217,733",,,True,,Cuckoo
645,Rurouni Kenshin Part I: Origins,2012,TV-MA,25 Aug 2012,134 min,"Action, Adventure, Drama",Keishi Otomo,"Nobuhiro Watsuki, Kiyomi Fujii, Keishi Otomo","Takeru Satoh, Emi Takei, Yû Aoi",A former assassin who has resolved to never kill again has his vow sorely tested.,Japanese,Japan,2 nominations total,https://m.media-amazon.com/images/M/MV5BNDgzODM2MjUyMF5BMl5BanBnXkFtZTgwMzg4MjA1OTE@._V1_SX300.jpg,"[{'Source': 'Internet Movie Database', 'Value': '7.4/10'}]",,7.4,"30,572",tt1979319,movie,,"$32,445",,,True,,Rurouni Kenshin Part I: Origins
646,Everything Must Go,2010,R,14 Oct 2011,97 min,"Comedy, Drama",Dan Rush,"Dan Rush, Raymond Carver","Will Ferrell, Rebecca Hall, Christopher Jordan Wallace","When an alcoholic relapses, causing him to lose his wife and his job, he holds a yard sale on his front lawn in an attempt to start over. A new neighbor might be the key to his return to form.",English,United States,1 nomination,https://m.media-amazon.com/images/M/MV5BMjEwMjI0NjU2NF5BMl5BanBnXkFtZTcwMDk5Mjc4NA@@._V1_SX300.jpg,"[{'Source': 'Internet Movie Database', 'Value': '6.4/10'}, {'Source': 'Rotten Tomatoes', 'Value': '73%'}, {'Source': 'Metacritic', 'Value': '65/100'}]",65.0,6.4,"53,709",tt1531663,movie,,"$2,711,643",,,True,,Everything Must Go
647,Silenced,2011,Not Rated,30 Nov 2016,125 min,"Crime, Drama, Thriller",Hwang Dong-hyuk,"Ji-young Gong, Hwang Dong-hyuk","Gong Yoo, Jung Yu-mi, Kim Hyeon-soo","Based on real events, this film depicts the story of a school for the hearing-impaired where young deaf students were sexually assaulted by the faculty members over a long period of time.","Korean, Korean Sign ",South Korea,4 wins & 10 nominations total,https://m.media-amazon.com/images/M/MV5BMTUyNTc3NTg3M15BMl5BanBnXkFtZTgwMzc1MTAzMjE@._V1_SX300.jpg,"[{'Source': 'Internet Movie Database', 'Value': '8.0/10'}, {'Source': 'Rotten Tomatoes', 'Value': '100%'}]",,8.0,"25,666",tt2070649,movie,,,,,True,,Silenced
648,Rita,2012–2020,TV-MA,15 Sep 2014,,"Comedy, Drama",,Christian Torpe,"Mille Dinesen, Lise Baastrup, Nikolaj Groth","Schoolteacher Rita is a very outspoken, rebellious woman who is competent in the classroom but needs her own advisor when it comes to her personal life.",Danish,Denmark,2 wins & 26 nominations,https://m.media-amazon.com/images/M/MV5BNGVhNWMwMjAtYTEzZi00ZjdhLTkxOTItODFlMGQxMjUwMDNlXkEyXkFqcGc@._V1_SX300.jpg,"[{'Source': 'Internet Movie Database', 'Value': '8.1/10'}]",,8.1,"10,308",tt1973692,series,,,,,True,4.0,Rita
649,Larva,2005,R,22 Jan 2005,96 min,"Horror, Sci-Fi",Abram Cox,"Kenneth M. Badish, Boaz Davidson, David Goodin","Vincent Ventresca, Rachel Hunter, William Forsythe","In Host, Missouri, the newcomer vet, Dr Eli Rudkus, is called by a farmer to look at one of his cows. The vet finds a strange parasite in the animal and sends it to the agriculture lab to be looked into. He soon finds another one ...",English,"Germany, United States",,https://m.media-amazon.com/images/M/MV5BMDlmNTAyMzEtMDYzOS00NmExLTgwZjAtNjU2N2RjNTNjYTAyXkEyXkFqcGc@._V1_SX300.jpg,"[{'Source': 'Internet Movie Database', 'Value': '4.3/10'}]",,4.3,"1,402",tt0393421,movie,,,,,True,,Larva
650,My Babysitter's a Vampire,2011–2012,TV-PG,27 Jun 2011,22 min,"Action, Comedy, Family",,"Jennifer Pertsch, Tom McGillis","Matthew Knight, Vanessa Morgan, Atticus Mitchell","Ethan Morgan, his half-vampire babysitter and pals battle against creatures from their nightmares.",English,Canada,3 wins & 3 nominations,https://m.media-amazon.com/images/M/MV5BMmVlMmY3ZDctNDA0ZC00ZWIzLWE4OGItYjY5NzZiYjQzMTBjXkEyXkFqcGc@._V1_SX300.jpg,"[{'Source': 'Internet Movie Database', 'Value': '7.1/10'}]",,7.1,"5,412",tt1727434,series,,,,,True,2.0,My Babysitter's a Vampire
651,Jackass 3.5,2011,Unrated,01 Apr 2011,84 min,"Documentary, Action, Comedy",Jeff Tremaine,"Bam Margera (concepts by), Steve-O (concepts by), Chris Pontius (concepts by), Ryan Dunn (concepts by), Jason 'Wee Man' Acuña (concepts by), Preston Lacy (concepts by), Ehren McGhehey (concepts by), Dave England (concepts by), Spike Jonze (concepts by), Loomis Fall (concepts by), Barry Owen Smoler (concepts by), The Dudesons (concepts by), Mike Kassak (concepts by), Madison Clapp (concepts by), Knate Lee (concepts by), Derek Freda (concepts by), Trip Taylor (concepts by), Sean Cliver (concepts by), Dimitry Elyashkevich (concepts by), J.P. Blackmon (concepts by), Rick Kosick (concepts by)","Johnny Knoxville, Ryan Dunn, Bam Margera, Preston Lacy","Because too much is never enough! The complete cast and crew of Jackass 3D return with an all-new UNRATED movie. Loaded with OVER AN HOUR of outrageous bonus footage, get all of the ...",English,USA,,https://m.media-amazon.com/images/M/MV5BOTkxZjlhYzAtNDExNy00NjQ4LWJiNGEtMTk5YzhhYjUwMDVhXkEyXkFqcGdeQXVyMTQxNzMzNDI@._V1_SX300.jpg,"[{'Source': 'Internet Movie Database', 'Value': '6.7/10'}, {'Source': 'Rotten Tomatoes', 'Value': '60%'}]",,6.7,"18,925",tt1753968,movie,,,,,True,,Jackass 3.5
652,Magi,2016,,29 Apr 2016,132 min,Horror,Hasan Karacadag,Hasan Karacadag,"Michael Madsen, Stephen Baldwin, Brianne Davis","Olivia, A New York-based journalist travels to Turkey when she receives news that her sister Marla is pregnant. Marla recently ended a relationship but decides to keep the baby and that's when sinister things begin to occur.",English,Turkey,,https://m.media-amazon.com/images/M/MV5BMTUwNjk2NzcwOV5BMl5BanBnXkFtZTgwNzM4NTM0MzE@._V1_SX300.jpg,"[{'Source': 'Internet Movie Database', 'Value': '5.2/10'}]",,5.2,"2,188",tt3551042,movie,,,,,True,,Magi
653,Barbie: Life in the Dreamhouse,2012–2015,TV-G,11 May 2012,3 min,"Animation, Short, Comedy",,,"Kate Higgins, Sean Hankinson, Haviland Stillwell",Barbie has various misadventures with her friends and sisters in a doll-sized version of Malibu.,English,"United States, Canada",,https://m.media-amazon.com/images/M/MV5BMTg0MDc4MzU4NF5BMl5BanBnXkFtZTgwNjM5MTgyMjE@._V1_SX300.jpg,"[{'Source': 'Internet Movie Database', 'Value': '7.6/10'}]",,7.6,"3,430",tt2644032,series,,,,,True,7.0,Barbie: Life in the Dreamhouse
654,Kuroko's Basketball,2012–2015,TV-14,07 Apr 2012,24 min,"Animation, Comedy, Sport",,,"Kenshô Ono, Yoshimasa Hosoya, Yuki Ono","Kagami meets Kuroko, the 6th member of the Miracle Generation, and they make a pact to defeat the other members of the team. A battle of light (Kagami) and shadow (Kuroko) begins.",Japanese,Japan,2 wins & 2 nominations total,https://m.media-amazon.com/images/M/MV5BYmI3NDAyZGUtYWZiZC00YWIwLTgyNDQtYjZmOGFmNTkzODYzXkEyXkFqcGc@._V1_SX300.jpg,"[{'Source': 'Internet Movie Database', 'Value': '8.2/10'}]",,8.2,"14,284",tt2348803,series,,,,,True,3.0,Kuroko's Basketball
655,Hostel: Part III,2011,R,27 Dec 2011,88 min,Horror,Scott Spiegel,"Michael D. Weiss, Eli Roth (characters)","Kip Pardue, Brian Hallisay, John Hensley, Sarah Habel","Four men attending a bachelor party in Las Vegas fall prey to the Elite Hunting Club, who are hosting a gruesome game show of torture.","English, Hungarian",USA,,https://m.media-amazon.com/images/M/MV5BZTkwZmFjNDMtMmIxMy00Y2I1LWJiMDUtMmJhOWQwNTcwNDk2XkEyXkFqcGdeQXVyMTQxNzMzNDI@._V1_SX300.jpg,"[{'Source': 'Internet Movie Database', 'Value': '4.6/10'}, {'Source': 'Rotten Tomatoes', 'Value': '67%'}]",,4.6,"29,489",tt1255916,movie,,,,,True,,Hostel: Part III
656,The Rite,2011,PG-13,28 Jan 2011,114 min,"Drama, Horror, Mystery",Mikael Håfström,"Michael Petroni, Matt Baglio","Colin O'Donoghue, Anthony Hopkins, Ciarán Hinds",American seminary student Michael Kovak travels to Italy to take an exorcism course.,"English, Welsh, Italian, Latin, Russian, Hungarian, Greek","United States, Hungary, Italy",1 win & 5 nominations total,https://m.media-amazon.com/images/M/MV5BMTcxNTAxMTMzNF5BMl5BanBnXkFtZTcwMjQ1MDAxNA@@._V1_SX300.jpg,"[{'Source': 'Internet Movie Database', 'Value': '6.0/10'}, {'Source': 'Rotten Tomatoes', 'Value': '22%'}, {'Source': 'Metacritic', 'Value': '38/100'}]",38.0,6.0,"104,694",tt1161864,movie,,"$33,047,633",,,True,,The Rite
657,Quartet,2012,PG-13,01 Mar 2013,98 min,"Comedy, Drama, Music",Dustin Hoffman,Ronald Harwood,"Maggie Smith, Michael Gambon, Billy Connolly","At a home for retired musicians, the annual concert to celebrate Composer Giuseppe Verdi's birthday is disrupted by the arrival of Jean (Dame Maggie Smith), an eternal diva and the former wife of one of the residents.","English, Italian, Polish, French","United Kingdom, Germany",4 wins & 5 nominations total,https://m.media-amazon.com/images/M/MV5BMTc2MTI0MzI5Ml5BMl5BanBnXkFtZTcwNzkzNjQ4OA@@._V1_SX300.jpg,"[{'Source': 'Internet Movie Database', 'Value': '6.8/10'}, {'Source': 'Rotten Tomatoes', 'Value': '80%'}, {'Source': 'Metacritic', 'Value': '64/100'}]",64.0,6.8,"21,680",tt1441951,movie,,"$18,390,117",,,True,,Quartet
658,Arthur Christmas,2011,PG,23 Nov 2011,97 min,"Animation, Adventure, Comedy","Sarah Smith, Barry Cook","Peter Baynham, Sarah Smith","James McAvoy, Jim Broadbent, Bill Nighy",Santa's clumsy son Arthur sets out on a mission with Grandsanta to give out a misplaced present to a young girl in less than two hours on Christmas Day.,English,"United Kingdom, United States",Nominated for 2 BAFTA 3 wins & 23 nominations total,https://m.media-amazon.com/images/M/MV5BNTczMjMwMTE2OV5BMl5BanBnXkFtZTcwNDU0NTAwNw@@._V1_SX300.jpg,"[{'Source': 'Internet Movie Database', 'Value': '7.1/10'}, {'Source': 'Rotten Tomatoes', 'Value': '93%'}, {'Source': 'Metacritic', 'Value': '69/100'}]",69.0,7.1,"70,891",tt1430607,movie,,"$46,462,469",,,True,,Arthur Christmas
659,John Mulaney: New in Town,2012,TV-MA,28 Jan 2012,60 min,Comedy,"Ryan Polito, Jake Szymanski",John Mulaney,"John Mulaney, Amy Schumer","Comedian John Mulaney talks about his milk toast boyish looks, his childhood, his Jewish girlfriend, his gayish charm, his favorite TV shows, Ice-T, a homeless person he met in N.Y., and a prostate exam with Batman.",English,United States,,https://m.media-amazon.com/images/M/MV5BMjIzNzg5NTA2M15BMl5BanBnXkFtZTgwOTY4NjA2MDE@._V1_SX300.jpg,"[{'Source': 'Internet Movie Database', 'Value': '8.2/10'}]",,8.2,"7,815",tt2246779,movie,,,,,True,,John Mulaney: New in Town
660,Wolverine,2011,Not Rated,23 Jul 2011,1 min,"Animation, Action, Sci-Fi",,,"Rikiya Koyama, Milo Ventimiglia, Vic Mignogna","Logan is asked by his old friend, a cop from Japan, to help him take down Shingen Yashida's crime syndicate and save Mariko, Logan's lost love, from forced marriage arranged by her father Shingen. Yukio, a female assassin, helps him.","Japanese, English","United States, Japan",,https://m.media-amazon.com/images/M/MV5BMzNjMzMwOTEtYWIyYS00OTQxLWI3ZmYtODdjNDFiZGE0NjU1XkEyXkFqcGc@._V1_SX300.jpg,"[{'Source': 'Internet Movie Database', 'Value': '6.1/10'}]",,6.1,"1,887",tt1847521,series,,,,,True,1.0,Wolverine
661,Hop,2011,PG,01 Apr 2011,95 min,"Animation, Adventure, Comedy",Tim Hill,"Cinco Paul, Ken Daurio, Brian Lynch","Russell Brand, James Marsden, Elizabeth Perkins","E.B., the Easter Bunny's teenage son, heads to Hollywood, determined to become a drummer in a rock 'n' roll band. In LA, he's taken in by Fred after the out-of-work slacker hits E.B. with his car.","English, Chinese, Spanish, French, Ukrainian","United States, Japan, United Kingdom, Canada",2 nominations total,https://m.media-amazon.com/images/M/MV5BMTY4MDcxNTkzNV5BMl5BanBnXkFtZTcwMTg2MDY2NA@@._V1_SX300.jpg,"[{'Source': 'Internet Movie Database', 'Value': '5.4/10'}, {'Source': 'Rotten Tomatoes', 'Value': '25%'}, {'Source': 'Metacritic', 'Value': '41/100'}]",41.0,5.4,"39,417",tt1411704,movie,,"$108,498,305",,,True,,Hop
662,Red Riding Hood,2011,PG-13,11 Mar 2011,100 min,"Fantasy, Horror, Mystery",Catherine Hardwicke,David Leslie Johnson-McGoldrick,"Amanda Seyfried, Lukas Haas, Gary Oldman",A teenage girl finds herself in deathly straits when her village sets out to hunt the werewolf that terrorizes it every full moon.,English,"United States, Canada",5 nominations total,https://m.media-amazon.com/images/M/MV5BMTc4NjYyMzQ5MV5BMl5BanBnXkFtZTcwNjE5Mjc3NA@@._V1_SX300.jpg,"[{'Source': 'Internet Movie Database', 'Value': '5.4/10'}, {'Source': 'Rotten Tomatoes', 'Value': '10%'}, {'Source': 'Metacritic', 'Value': '29/100'}]",29.0,5.4,"118,094",tt1486185,movie,,"$37,662,162",,,True,,Red Riding Hood
663,The History of Future Folk,2012,Not Rated,31 May 2013,86 min,"Comedy, Music, Sci-Fi","John Mitchell, Jeremy Kipp Walker",John Mitchell,"Nils d'Aulaire, Jay Klaitz, Julie Ann Emery","The possibly exaggerated origin story of the real life alien bluegrass band, Future Folk, that has been playing for NYC audiences for the better part of a decade.","English, Spanish",United States,2 wins & 2 nominations total,https://m.media-amazon.com/images/M/MV5BNzA3MDI3MzAxMl5BMl5BanBnXkFtZTcwNDY2Mjc0OQ@@._V1_SX300.jpg,"[{'Source': 'Internet Movie Database', 'Value': '7.1/10'}, {'Source': 'Rotten Tomatoes', 'Value': '93%'}, {'Source': 'Metacritic', 'Value': '67/100'}]",67.0,7.1,"3,739",tt2245195,movie,,"$17,646",,,True,,The History of Future Folk
664,A Very Harold & Kumar Christmas,2011,R,04 Nov 2011,90 min,"Adventure, Comedy",Todd Strauss-Schulson,"Jon Hurwitz, Hayden Schlossberg","Kal Penn, John Cho, Neil Patrick Harris","Six years after their Guantanamo Bay adventure, stoner buds Harold Lee and Kumar Patel cause a holiday fracas by inadvertently burning down Harold's father-in-law's prize Christmas tree.","English, Spanish",United States,1 nomination total,https://m.media-amazon.com/images/M/MV5BMzA1NTQzMjAyOV5BMl5BanBnXkFtZTcwNDcyMjY2Ng@@._V1_SX300.jpg,"[{'Source': 'Internet Movie Database', 'Value': '6.2/10'}, {'Source': 'Rotten Tomatoes', 'Value': '69%'}, {'Source': 'Metacritic', 'Value': '61/100'}]",61.0,6.2,"74,302",tt1268799,movie,,"$35,061,031",,,True,,A Very Harold & Kumar Christmas
665,Escape from Planet Earth,2012,PG,15 Feb 2013,89 min,"Animation, Adventure, Comedy",Cal Brunker,"Bob Barlen, Cal Brunker, Stephen Fry","Brendan Fraser, Sarah Jessica Parker, Jessica Alba","Astronaut Scorch Supernova finds himself caught in a trap when he responds to an SOS from a notoriously dangerous alien planet, Earth.",English,"United States, Canada, Netherlands, Japan, United Kingdom",1 win total,https://m.media-amazon.com/images/M/MV5BMTQyMTk4NjkyMl5BMl5BanBnXkFtZTcwMzA2OTY4OA@@._V1_SX300.jpg,"[{'Source': 'Internet Movie Database', 'Value': '5.8/10'}, {'Source': 'Rotten Tomatoes', 'Value': '35%'}, {'Source': 'Metacritic', 'Value': '35/100'}]",35.0,5.8,"27,658",tt0765446,movie,,"$57,012,977",,,True,,Escape from Planet Earth
666,La Reina del Sur,2011–,TV-MA,28 Feb 2011,378 min,"Action, Crime, Drama",,"Lina Uribe, Dario Vanegas, Roberto Stopello","Kate del Castillo, Humberto Zurita, Alejandro Calva",Teresa Mendoza returns to Mexico after 8 years to fight with Mexican drug dealers.,"Spanish, Arabic, Russian, English","Mexico, United States, Spain, Colombia",5 wins & 6 nominations total,https://m.media-amazon.com/images/M/MV5BMDY0ZTZkY2UtYzNmNC00YWNiLWEzMDYtNDQwNTA0MzczZDNiXkEyXkFqcGc@._V1_SX300.jpg,"[{'Source': 'Internet Movie Database', 'Value': '7.8/10'}]",,7.8,"3,629",tt1704637,series,,,,,True,3.0,La Reina del Sur
667,One Piece Film Z,2012,TV-14,15 Dec 2012,108 min,"Animation, Action, Adventure",Tatsuya Nagamine,"Eiichiro Oda, Osamu Suzuki","Mayumi Tanaka, Kazuya Nakai, Akemi Okamura",A former Marine stands in the way of the Straw Hat Pirates.,Japanese,Japan,4 nominations,https://m.media-amazon.com/images/M/MV5BNjY3ODNiZjgtY2RmNS00MjAyLWIwMzUtNTE0ZWIxNDU3YThhXkEyXkFqcGc@._V1_SX300.jpg,"[{'Source': 'Internet Movie Database', 'Value': '7.7/10'}]",,7.7,"10,157",tt2375379,movie,,,,,True,,One Piece Film Z
668,Tiger & Bunny,2011–2022,TV-14,08 Apr 2022,1 min,"Animation, Action, Adventure",,,"Hiroaki Hirata, Masakazu Morita, Wally Wingert","In a world where superheroes have corporate sponsors and are the stars of their own reality TV show, a new superhero team is born as the veteran hero Wild Tiger is assigned to be partners with rookie Barnaby Brooks Jr.",Japanese,Japan,4 wins & 3 nominations total,https://m.media-amazon.com/images/M/MV5BYzNjMGRhMzktM2M3Zi00NTVlLTk1NDYtYzRlZDM2YzAxOTc5XkEyXkFqcGc@._V1_SX300.jpg,"[{'Source': 'Internet Movie Database', 'Value': '7.4/10'}]",,7.4,"1,794",tt2061527,series,,,,,True,2.0,Tiger & Bunny
669,Bully,2001,TV-MA,12 Dec 2001,108 min,"Biography, Crime, Drama",Larry Clark,"Jim Schutze, David McKenna, Roger Pullis","Brad Renfro, Nick Stahl, Bijou Phillips","A pack of naïve teenagers conspire to murder a mutual friend, whose aggressive demeanour has proven too much.",English,"United States, France, United Kingdom",3 wins & 1 nomination total,https://m.media-amazon.com/images/M/MV5BOTZhYjYyZWYtMTZlZS00MTY1LWI3ZDEtYTI2Yjk1ZDIyNTM5XkEyXkFqcGc@._V1_SX300.jpg,"[{'Source': 'Internet Movie Database', 'Value': '6.9/10'}, {'Source': 'Rotten Tomatoes', 'Value': '54%'}, {'Source': 'Metacritic', 'Value': '45/100'}]",45.0,6.9,"42,342",tt0242193,movie,,"$480,811",,,True,,Bully
670,"Chaos, Disorder",2012,,11 Dec 2012,77 min,"Drama, Family, Fantasy",Nadine Khan,"Nadine Khan, Mohamed Nasser","Ayten Amer, Muhammad Farrag, Ramsi Lehner","This is the story of lost love in a controversial setting. Manal, Zaki and Mounir are in there twenties, living in a confined community where basic needs are met yet chaos and disorder brew. The two boys are in love with the same ...",Arabic,Egypt,2 wins & 1 nomination,https://m.media-amazon.com/images/M/MV5BMjMxNTE3NTYyMl5BMl5BanBnXkFtZTcwNDc0MDQwOQ@@._V1_SX300.jpg,"[{'Source': 'Internet Movie Database', 'Value': '6.2/10'}]",,6.2,150,tt2379987,movie,,,,,True,,"Chaos, Disorder"
671,Sebastian Maniscalco: What's Wrong with People?,2012,TV-14,05 Jan 2012,75 min,Comedy,Manny Rodriguez,Sebastian Maniscalco,Sebastian Maniscalco,"""What's Wrong with People?"" asks Sebastian Maniscalco, as he hilariously tries to bridge the Italian-American Old World he grew up in with the contemporary frenetic world we all live in today.",English,United States,,https://m.media-amazon.com/images/M/MV5BMzQ5MDE4MjYwNF5BMl5BanBnXkFtZTgwMzcyNTAxMzE@._V1_SX300.jpg,"[{'Source': 'Internet Movie Database', 'Value': '8.0/10'}]",,8.0,"1,515",tt2215489,movie,26 Mar 2012,,eOne Entertainment Distribution,,True,,Sebastian Maniscalco: What's Wrong with People?
672,Inborn Pair,2011–2012,,13 Dec 2011,48 min,Drama,,,"Chris Wang, Annie Chen, Kunda Hsieh","Two strangers, who never had much luck in the love arena, found themselves betrothed by their families. Figuring they will never find true love, they agreed to the arranged marriage. They bickered throughout their marriage.",Mandarin,Taiwan,2 nominations,https://m.media-amazon.com/images/M/MV5BMTE4ZmJlYjAtYWZlMS00ODlhLThlYzEtZGJjNGJiMTNhMGZhL2ltYWdlXkEyXkFqcGdeQXVyMjg0MTI5NzQ@._V1_SX300.jpg,"[{'Source': 'Internet Movie Database', 'Value': '7.1/10'}]",,7.1,137,tt6357282,series,,,,,True,1.0,Inborn Pair
673,Smile PreCure!,2012–2013,TV-PG,18 Dec 2015,24 min,"Animation, Action, Adventure",,,"Misato Fukuen, Marina Inoue, Hisako Kanemoto","Once upon a time, there was a kingdom of fairy tales called ""Märchenland"", where many fairy tale characters live together in joy. Suddenly, the evil emperor Pierrot made an invasion on Märchenland, sealing its Queen in the process...","Japanese, English, Spanish, French, Italian, German, Korean","Japan, South Korea",,https://m.media-amazon.com/images/M/MV5BZTFlMGJjYjQtMzBmNy00YjY3LTgwNTktMzVlMTAyM2ZlODg2XkEyXkFqcGc@._V1_SX300.jpg,"[{'Source': 'Internet Movie Database', 'Value': '6.2/10'}]",,6.2,563,tt2230557,series,,,,,True,1.0,Smile PreCure!
674,Singham,2011,Not Rated,22 Jul 2011,143 min,"Action, Crime, Drama",Rohit Shetty,"Hari, Yunus Sajawal, Sajid","Ajay Devgn, Kajal Aggarwal, Prakash Raj",A truly honest police officer is transferred to a town controlled by a gangster he has humiliated. The gangster believes he can use good power to bring down this officer who made him look foolish and weak.,"Hindi, Marathi, Tulu, English",India,11 wins & 21 nominations,https://m.media-amazon.com/images/M/MV5BYjlkNjdlOGItYjlmNC00ZmM3LWEzZTItYTgxMWUxNmEyYTMyXkEyXkFqcGc@._V1_SX300.jpg,"[{'Source': 'Internet Movie Database', 'Value': '6.8/10'}, {'Source': 'Rotten Tomatoes', 'Value': '57%'}]",,6.8,"19,776",tt1948150,movie,,"$350,864",,,True,,Singham
675,Eastsiders,2012–2019,Not Rated,14 Dec 2012,1 min,Drama,,Kit Williamson,"Kit Williamson, Van Hansis, Matthew McKelligon","EastSiders is a two-time Daytime-Emmy-nominated series created by Kit Williamson, starring Williamson and Van Hansis as a couple experiencing life and relationships in Silver Lake.","English, Swiss German",United States,7 wins & 30 nominations,https://m.media-amazon.com/images/M/MV5BOTc1NDg1OTM1OF5BMl5BanBnXkFtZTcwMzIzNzI2OQ@@._V1_SX300.jpg,"[{'Source': 'Internet Movie Database', 'Value': '6.9/10'}]",,6.9,"3,146",tt2558816,series,,,,,True,4.0,Eastsiders
676,Robocar Poli,2011–,TV-Y,28 Feb 2011,11 min,"Animation, Adventure, Comedy",,,"Jason Griffith, Marc Thompson, Rebecca Soler","Cartoon showing toddlers important life lessons while teaching them that police, fire, and rescue are good people and just want to help others. Cars transform during the show to be useful and help others.","Korean, Spanish, Chinese, Japanese, English, Portuguese","South Korea, Slovakia",,https://m.media-amazon.com/images/M/MV5BNmMzMmYzNjktNmQxNS00NTlmLTgxZjctNTcxODg1NTgxMTA2XkEyXkFqcGc@._V1_SX300.jpg,"[{'Source': 'Internet Movie Database', 'Value': '5.9/10'}]",,5.9,189,tt4763642,series,,,,,True,4.0,Robocar Poli
677,Berserk: The Golden Age Arc II - The Battle for Doldrey,2012,TV-MA,23 Jun 2012,95 min,"Animation, Action, Adventure",Toshiyuki Kubooka,"Kentaro Miura, Ichirô Ôkouchi","Hiroaki Iwanaga, Marc Diraison, Takahiro Sakurai","For three years, Guts believed his mission was to pursue Griffith's dream together with him. But in order to become Griffith's equal and truly be called his friend, Guts realizes he will have to leave the Band of the Hawk.","Japanese, English",Japan,7 nominations total,https://m.media-amazon.com/images/M/MV5BMDU3YjQ5ZTctMmY4YS00ODQ5LThhMzctZDNkZWM1NGIwOGQxXkEyXkFqcGc@._V1_SX300.jpg,"[{'Source': 'Internet Movie Database', 'Value': '7.7/10'}]",,7.7,"12,462",tt2358911,movie,,,,,True,,Berserk: The Golden Age Arc II - The Battle for Doldrey
678,Zindagi Na Milegi Dobara,2011,Not Rated,15 Jul 2011,155 min,"Comedy, Drama, Musical",Zoya Akhtar,"Farhan Akhtar, Reema Kagti, Zoya Akhtar","Hrithik Roshan, Farhan Akhtar, Abhay Deol",Three friends decide to turn their fantasy vacation into reality after one of their friends gets engaged.,Hindi,India,35 wins & 38 nominations total,https://m.media-amazon.com/images/M/MV5BOGIzYzg5NzItNDRkYS00NmIzLTk3NzQtZWYwY2VlZDhiYWQ4XkEyXkFqcGc@._V1_SX300.jpg,"[{'Source': 'Internet Movie Database', 'Value': '8.2/10'}, {'Source': 'Rotten Tomatoes', 'Value': '89%'}]",,8.2,"90,304",tt1562872,movie,,"$3,108,485",,,True,,Zindagi Na Milegi Dobara
679,Lego Friends,2013–2017,TV-G,01 Aug 2013,4 min,Animation,,,"Alexa Kahn, Erica Mendez, Marin M. Miller",Five Best Friends Go on Many Fun Lego adventures.,English,,,https://m.media-amazon.com/images/M/MV5BMDhiNTUyMzYtNGU3ZS00NTFmLWE5MDQtNjMyYzM3ODJiOTQ4XkEyXkFqcGc@._V1_SX300.jpg,"[{'Source': 'Internet Movie Database', 'Value': '5.3/10'}]",,5.3,237,tt4049416,series,,,,,True,4.0,Lego Friends
680,Sleepless Nights,2003,,16 Jul 2003,128 min,"Drama, Romance",Hani Khalifa,Tamer Habib,"Mona Zaki, Hanan Turk, Sherif Mounir",It tells about the smallest details and crypts in the lives of four couples friends.,Arabic,Egypt,8 wins total,https://m.media-amazon.com/images/M/MV5BMTZiOTE1YmMtYzNjOC00MmJmLThiYTUtYjI2YzY3ZjVjOTcwXkEyXkFqcGc@._V1_SX300.jpg,"[{'Source': 'Internet Movie Database', 'Value': '7.0/10'}]",,7.0,"2,721",tt0328349,movie,,,,,True,,Sleepless Nights
681,What About Dick?,2012,,13 Nov 2012,81 min,Comedy,"Eric Idle, Aubrey Powell",Eric Idle,"Russell Brand, Billy Connolly, Tim Curry, Eric Idle","This movie begins with the birth of a sex toy invented in Shagistan in 1898 by Deepak Obi Ben Kingsley (Eddie Izzard), and tells the story of the subsequent decline of the British Empire as...",English,USA,,https://m.media-amazon.com/images/M/MV5BOWFlN2VmOGQtY2ZiZS00NzUxLWFlODgtYTgxZjY2NTliZDU5L2ltYWdlL2ltYWdlXkEyXkFqcGdeQXVyMTgwOTE5NDk@._V1_SX300.jpg,"[{'Source': 'Internet Movie Database', 'Value': '7.5/10'}]",,7.5,642,tt2520808,movie,,,,,True,,What About Dick?
682,Little Baby Bum,2011–2023,TV-Y,22 Jun 2011,,"Animation, Family, Music",,,"Grace Tamayo, Jared DeBusk, Erin Webbs","A fun and educational show for kids featuring classic and new nursery rhymes. With her friends and family, 6 year old Mia experiences the world around her through song and sometimes a bit of magic, too.","Spanish, Portuguese, English",United Kingdom,,https://m.media-amazon.com/images/M/MV5BNjk5MTc2NTYtMDFkMi00NGIwLWEwNGYtNWQ5NjRlOTQ3NzJmXkEyXkFqcGc@._V1_SX300.jpg,"[{'Source': 'Internet Movie Database', 'Value': '5.6/10'}]",,5.6,137,tt10051854,series,,,,,True,4.0,Little Baby Bum
683,Outback Truckers,2012–,,20 Oct 2012,,"Documentary, Reality-TV",,,"Luke Hewitt, Steve Grahame, Peter Teatoff",They drive the biggest trucks on earth along the toughest roads and loneliest highways in the world. They are Australia's Outback Truckers.,English,Australia,1 nomination,https://m.media-amazon.com/images/M/MV5BMzkxZDkyOGMtMjdjMS00Y2EyLWE0ZTYtOTM3ZDE2NmYxNGJiXkEyXkFqcGc@._V1_SX300.jpg,"[{'Source': 'Internet Movie Database', 'Value': '7.3/10'}]",,7.3,317,tt4345548,series,,,,,True,8.0,Outback Truckers
684,A Princess for Christmas,2011,TV-G,03 Dec 2011,91 min,"Comedy, Drama, Family",Michael Damian,"Janeen Damian, Michael Damian","Katie McGrath, Roger Moore, Sam Heughan","At the invitation of an estranged relative, a young woman travels with her niece and nephew to a castle in Europe for Christmas, where she unwittingly falls for a dashing Prince.",English,United States,3 nominations total,https://m.media-amazon.com/images/M/MV5BMTg2NzA3MDY5MF5BMl5BanBnXkFtZTcwOTkyODY5Ng@@._V1_SX300.jpg,"[{'Source': 'Internet Movie Database', 'Value': '6.3/10'}]",,6.3,"9,481",tt1083448,movie,,,,,True,,A Princess for Christmas
685,Middle of Nowhere,2008,R,21 Mar 2015,95 min,"Comedy, Drama, Romance",John Stockwell,Michelle Morgan,"Eva Amurri, Anton Yelchin, Willa Holland",An irresponsible mother blows her eldest daughter's college fund on her youngest daughter's modeling campaign.,English,United States,1 nomination,https://m.media-amazon.com/images/M/MV5BMTcxNzA2NDQyN15BMl5BanBnXkFtZTcwMjUzMzU0Mw@@._V1_SX300.jpg,"[{'Source': 'Internet Movie Database', 'Value': '6.4/10'}]",,6.4,"4,076",tt1032817,movie,,,,,True,,Middle of Nowhere
686,Donald Glover: Weirdo,2012,Not Rated,18 Jan 2012,65 min,Comedy,Shannon Hartman,Donald Glover,Donald Glover,"With his unique brand of youthful storytelling Donald Glover brings down the house in his hysterical stand-up special, Weirdo.",English,United States,,https://m.media-amazon.com/images/M/MV5BMTY0Mzk0NTI5N15BMl5BanBnXkFtZTgwODY0NDAxMzE@._V1_SX300.jpg,"[{'Source': 'Internet Movie Database', 'Value': '7.4/10'}]",,7.4,"3,842",tt2345525,movie,,,Fangoria,,True,,Donald Glover: Weirdo
687,Lego City,2011–,,01 Mar 2011,14 min,Animation,,,,"Action packed adventure in LEGO City. This short form content is language independent with simple, funny, classic, global appeal.",,,,https://m.media-amazon.com/images/M/MV5BMTQ4NzMxOTE3NV5BMl5BanBnXkFtZTgwMjU5NTk2MzE@._V1_SX300.jpg,"[{'Source': 'Internet Movie Database', 'Value': '5.3/10'}]",,5.3,92,tt4168604,series,,,,,True,1.0,Lego City
688,Inside West Coast Customs,2011–,TV-14,07 Feb 2011,60 min,Reality-TV,,,"Ryan Friedlinghaus, Hunter Clancey, Ryan Templeton","Inside the world famous ""west coast customs"" Ryan Friedlinghaus presents some of the dopest transformations on some of the dopest vehicles, with some high end clientele, Ryan and the west coast customs team don't disappoint!",English,United States,,https://m.media-amazon.com/images/M/MV5BMGFkMWM5OWYtNzdhYi00ZTBmLWFiNDktMDk3MDEwOTVmNTgxXkEyXkFqcGc@._V1_SX300.jpg,"[{'Source': 'Internet Movie Database', 'Value': '6.8/10'}]",,6.8,254,tt1885855,series,,,,,True,6.0,Inside West Coast Customs
689,Delhi Belly,2011,Not Rated,01 Jul 2011,103 min,"Action, Comedy, Crime","Abhinay Deo, Akshat Verma","Mr. Moris, Akshat Verma","Imran Khan, Vir Das, Kunaal Roy Kapur",Three struggling room-mates unknowingly become potential prey of a ruthless gangster.,"English, Hindi",India,6 wins & 23 nominations,https://m.media-amazon.com/images/M/MV5BMmMyZjk0MjUtZmEwZi00YmJjLWIyNGQtZDA0NzBjNWJjZjIwXkEyXkFqcGc@._V1_SX300.jpg,"[{'Source': 'Internet Movie Database', 'Value': '7.6/10'}, {'Source': 'Rotten Tomatoes', 'Value': '89%'}, {'Source': 'Metacritic', 'Value': '66/100'}]",66.0,7.6,"33,003",tt1934231,movie,,"$1,532,594",,,True,,Delhi Belly
690,Undefeated,2011,PG-13,03 Aug 2012,113 min,"Documentary, Sport","Daniel Lindsay, T.J. Martin",,"Bill Courtney, O.C. Brown, Montrail 'Money' Brown",Chronicles three underprivileged students from inner-city Memphis and their volunteer coach who tries to help them beat the odds on and off the field.,English,United States,Won 1 Oscar. 4 wins & 8 nominations total,https://m.media-amazon.com/images/M/MV5BOTE1ODE2NDc5Ml5BMl5BanBnXkFtZTcwNDU1NjQxOA@@._V1_SX300.jpg,"[{'Source': 'Internet Movie Database', 'Value': '7.7/10'}, {'Source': 'Rotten Tomatoes', 'Value': '96%'}, {'Source': 'Metacritic', 'Value': '71/100'}]",71.0,7.7,"7,393",tt1860355,movie,,"$562,218",,,True,,Undefeated
691,Barfi!,2012,Not Rated,14 Sep 2012,151 min,"Comedy, Drama, Romance",Anurag Basu,"Anurag Basu, Tani Basu, Sanjeev Dutta","Ranbir Kapoor, Priyanka Chopra Jonas, Ileana D'Cruz",Three young people learn that love can neither be defined nor contained by society's definition of normal and abnormal.,Hindi,India,68 wins & 40 nominations total,https://m.media-amazon.com/images/M/MV5BMTQzMTEyODY2Ml5BMl5BanBnXkFtZTgwMjA0MDUyMjE@._V1_SX300.jpg,"[{'Source': 'Internet Movie Database', 'Value': '8.1/10'}, {'Source': 'Rotten Tomatoes', 'Value': '80%'}]",,8.1,"91,570",tt2082197,movie,,"$2,804,874",,,True,,Barfi!
692,6 Bullets,2012,R,28 Sep 2012,115 min,"Action, Crime, Drama",Ernie Barbarash,"Chad Law, Evan Law","Jean-Claude Van Damme, Joe Flanigan, Anna-Louise Plowman",An ex-mercenary known for finding missing children is hired by a mixed martial arts fighter whose daughter has been kidnapped.,English,United States,,https://m.media-amazon.com/images/M/MV5BZjc5Y2Q3MjgtMjY1Mi00NWQxLTgwMWItMjcxMjUxYWIyZmU1XkEyXkFqcGc@._V1_SX300.jpg,"[{'Source': 'Internet Movie Database', 'Value': '6.0/10'}]",,6.0,"16,034",tt1975249,movie,,,,,True,,6 Bullets
693,7 Khoon Maaf,2011,Not Rated,18 Feb 2011,137 min,"Comedy, Drama, Mystery",Vishal Bhardwaj,"Ruskin Bond, Matthew Robbins, Vishal Bhardwaj","Priyanka Chopra Jonas, Vivaan Shah, Neil Nitin Mukesh","Susanna is hungry for love and will go to any extent to find it in its purest form. In her quest for the perfect man, she gets married a number of times as each of her husband's die mysteriously.","Hindi, English",India,6 wins & 19 nominations total,https://m.media-amazon.com/images/M/MV5BMTYxMzA5MTI3MF5BMl5BanBnXkFtZTcwMDE3NDc1NA@@._V1_SX300.jpg,"[{'Source': 'Internet Movie Database', 'Value': '6.3/10'}, {'Source': 'Rotten Tomatoes', 'Value': '100%'}]",,6.3,"6,911",tt1629376,movie,,"$270,207",,,True,,7 Khoon Maaf
694,Naruto Shippuden the Movie: Blood Prison,2011,TV-14,18 Feb 2014,108 min,"Animation, Action, Mystery",Masahiko Murata,"Akira Higashiyama, Masashi Kishimoto","Junko Takeuchi, Chie Nakamura, Rikiya Koyama",Naruto Uzumaki is framed and sent to an inescapable prison where he must escape by any means necessary.,Japanese,Japan,1 nomination total,https://m.media-amazon.com/images/M/MV5BZTgwZDkyODktYjk0My00NTVhLWIxMmQtMGY4ODYzMTlhYmE5XkEyXkFqcGc@._V1_SX300.jpg,"[{'Source': 'Internet Movie Database', 'Value': '7.1/10'}]",,7.1,"6,406",tt1999167,movie,,,,,True,,Naruto Shippuden the Movie: Blood Prison
695,Maria Bamford: The Special Special Special!,2012,TV-MA,28 Nov 2012,49 min,Comedy,Jordan Brady,Maria Bamford,"Maria Bamford, Joel Bamford, Marilyn Bamford","Spend an intimate evening with Maria Bamford in her cozy 'shot-at-home' comedy special. Gleeful, thrilling, and oh so awkward Maria gets snug with her two person audience consisting of only her parents.",English,United States,,https://m.media-amazon.com/images/M/MV5BMjM0MjEyMjM0OF5BMl5BanBnXkFtZTcwMDQ3NzQxOQ@@._V1_SX300.jpg,"[{'Source': 'Internet Movie Database', 'Value': '6.8/10'}]",,6.8,610,tt2546038,movie,,,,,True,,Maria Bamford: The Special Special Special!
696,The Trial of Adolf Eichmann,1997,,30 Apr 1997,80 min,Documentary,Michaël Prazan,"Michaël Prazan, Annette Wieviorka","David Brinkley, Edward Asner, Brian Bedford","Actual trial footage, emotional recollections of trial witnesses and other key participants provide insight and contrasting perspectives of the Eichmann legacy.","German, French, Hebrew, English",United States,1 nomination,https://m.media-amazon.com/images/M/MV5BNzJlZDExZDAtMmYwMS00ODQzLWE0NjQtOGMzZGQ2ZTdmNzk0XkEyXkFqcGdeQXVyNzI4MDMyMTU@._V1_SX300.jpg,"[{'Source': 'Internet Movie Database', 'Value': '7.7/10'}]",,7.7,153,tt0280153,movie,,,,,True,,The Trial of Adolf Eichmann
697,Don't Go Breaking My Heart,2011,,31 Mar 2011,115 min,Romance,Johnnie To,"Jevons Au, Ryker Chan, Ka-Fai Wai","Louis Koo, Yuanyuan Gao, Daniel Wu","An original twist on an eternal triangle, where secret crush and unrequited love take on altogether newfangled meanings of their own.","Cantonese, Mandarin","Hong Kong, China",1 win & 7 nominations,https://m.media-amazon.com/images/M/MV5BOGVhODNkZTktYzNiYi00ZTE3LThiMDItNWVkZTEyODg2ZGY4XkEyXkFqcGc@._V1_SX300.jpg,"[{'Source': 'Internet Movie Database', 'Value': '6.5/10'}, {'Source': 'Rotten Tomatoes', 'Value': '83%'}]",,6.5,"2,034",tt1776143,movie,,,,,True,,Don't Go Breaking My Heart
698,Jim Gaffigan: Mr. Universe,2012,Unrated,11 Apr 2012,78 min,Comedy,Jaime Eliezer Karas,"Jim Gaffigan, Jeannie Gaffigan",Jim Gaffigan,"Jim Gaffigan does it again with his new stand-up Mr. Universe. Gaffigan jumps from topic to topic joking around with a varied number of topics. Some of the topics included are McDonalds, family, Disney World, and much more.",English,United States,,https://m.media-amazon.com/images/M/MV5BNTE4NjU0NTYxM15BMl5BanBnXkFtZTcwMzAzMjA1OQ@@._V1_SX300.jpg,"[{'Source': 'Internet Movie Database', 'Value': '7.7/10'}]",,7.7,"3,790",tt2273321,movie,,,,,True,,Jim Gaffigan: Mr. Universe
699,A Second Chance,2014,TV-MA,15 Jan 2015,102 min,"Drama, Thriller",Susanne Bier,"Susanne Bier, Anders Thomas Jensen","Nikolaj Coster-Waldau, Ulrich Thomsen, Nikolaj Lie Kaas",A conscientious police officer who investigates a violent case of domestic dispute in the squalid apartment of a drug addict has to make the most contemptible decision in his life. Just how far would a parent go to get a second ch...,"Danish, Swedish","Denmark, Sweden",2 wins & 5 nominations total,https://m.media-amazon.com/images/M/MV5BMjEwMDczOTU3Nl5BMl5BanBnXkFtZTgwMDYyMDU0MjE@._V1_SX300.jpg,"[{'Source': 'Internet Movie Database', 'Value': '6.8/10'}, {'Source': 'Rotten Tomatoes', 'Value': '52%'}, {'Source': 'Metacritic', 'Value': '35/100'}]",35.0,6.8,"7,286",tt3305316,movie,,,,,True,,A Second Chance
700,Big Time Movie,2012,G,10 Mar 2012,68 min,"Comedy, Family, Music",Savage Steve Holland,Scott Fellows,"Kendall Schmidt, James Maslow, Carlos PenaVega","The boys from Big Time Rush travel to London for their first international tour and accidentally get involved in a dangerous device capable of destroying the world. Features covers of Beatles' songs, as well as original tunes.",English,"United States, Canada",3 wins & 11 nominations total,https://m.media-amazon.com/images/M/MV5BMjIzNTUzMDE3OF5BMl5BanBnXkFtZTcwNzYzMjgzOQ@@._V1_SX300.jpg,"[{'Source': 'Internet Movie Database', 'Value': '6.2/10'}]",,6.2,"2,390",tt2163203,movie,,,,,True,,Big Time Movie
701,Paan Singh Tomar,2012,Not Rated,02 Mar 2012,135 min,"Action, Biography, Crime",Tigmanshu Dhulia,"Sanjay Chauhan, Tigmanshu Dhulia","Irrfan Khan, Mahie Gill, Rajesh Abhay","The story of Paan Singh Tomar, an Indian athlete and seven-time national steeplechase champion who becomes one of the most feared dacoits in Chambal Valley after his retirement.",Hindi,India,12 wins & 17 nominations total,https://m.media-amazon.com/images/M/MV5BNTgwODM5OTMzN15BMl5BanBnXkFtZTcwMTA3NzI1Nw@@._V1_SX300.jpg,"[{'Source': 'Internet Movie Database', 'Value': '8.2/10'}]",,8.2,"38,555",tt1620933,movie,,"$40,311",,,True,,Paan Singh Tomar
702,Sniper: Reloaded,2011,R,26 Apr 2011,91 min,"Action, Drama, Thriller, War",Claudio Fäh,"Michael Frost Beckner (based on characters created by), Crash Leyland (based on characters created by), John Fasano (screenplay by), Ross Helford (story by), John Fasano (story by)","Chad Michael Collins, Richard Sammel, Annabel Wright, Billy Zane",The son of a renowned sniper decides to track down the sniper who ambushed his squad when they were sent to rescue a white planter in the Congo.,English,"South Africa, USA, Germany",,https://m.media-amazon.com/images/M/MV5BODExYzQyOWItZTgwMi00MDFlLWIwM2EtYjdiZTM2Y2Y0M2JlXkEyXkFqcGdeQXVyNDA4OTExNDU@._V1_SX300.jpg,"[{'Source': 'Internet Movie Database', 'Value': '5.4/10'}]",,5.4,"7,269",tt1571243,movie,,,,,True,,Sniper: Reloaded
703,Shor in the City,2010,,28 Apr 2011,112 min,"Crime, Drama","Krishna D.K., Raj Nidimoru","Krishna D.K., Raj Nidimoru, Sita Menon","Tusshar Kapoor, Sendhil Ramamurthy, Nikhil Dwivedi",Various residents and career-criminals face challenges in crime-laden Mumbai.,"Hindi, Marathi, English",India,2 wins & 15 nominations,https://m.media-amazon.com/images/M/MV5BNmVjM2U3NzYtNGQxMy00YjMxLWEyZDAtZjNjOTk0MDA0YTUyXkEyXkFqcGc@._V1_SX300.jpg,"[{'Source': 'Internet Movie Database', 'Value': '7.2/10'}]",,7.2,"4,163",tt1916728,movie,,,,,True,,Shor in the City
704,Fred 3: Camp Fred,2012,16+,28 Jul 2012,81 min,"Comedy, Family",Jonathan Judge,"Drew Hancock, Lucas Cruikshank","Lucas Cruikshank, Jake Weary, Siobhan Fallon Hogan","When school is out, Fred Figglehorn experiences a summer camp nightmare.",English,United States,2 nominations,https://m.media-amazon.com/images/M/MV5BZGZmZWI0OTEtYWM5NS00OGVmLWJiMzAtYmVlYTljNmZhYzM1XkEyXkFqcGc@._V1_SX300.jpg,"[{'Source': 'Internet Movie Database', 'Value': '2.1/10'}]",,2.1,"3,014",tt2395219,movie,04 Dec 2012,,,,True,,Fred 3: Camp Fred
705,Don 2,2011,Not Rated,23 Dec 2011,148 min,"Action, Crime, Thriller",Farhan Akhtar,"Farhan Akhtar, Javed Akhtar, Salim Khan","Shah Rukh Khan, Florian Lukas, Om Puri","Don turns himself in and escapes with Vardhaan from prison, following which he recruits a team to steal currency printing plates from a bank in Berlin.",Hindi,"India, Germany",10 wins & 21 nominations total,https://m.media-amazon.com/images/M/MV5BOTc3YmI2OTgtMTBmMi00Y2FmLWJjNGUtZTJjOGI1NDVlMDY5XkEyXkFqcGc@._V1_SX300.jpg,"[{'Source': 'Internet Movie Database', 'Value': '7.1/10'}, {'Source': 'Rotten Tomatoes', 'Value': '63%'}, {'Source': 'Metacritic', 'Value': '49/100'}]",49.0,7.1,"59,903",tt1285241,movie,,"$3,680,306",,,True,,Don 2
706,Pyaar Ka Punchnama,2011,Not Rated,20 May 2011,149 min,"Comedy, Drama, Romance",Luv Ranjan,"Luv Ranjan, Sumit Saxena, Vaibhav Suman","Kartik Aaryan, Raayo S. Bakhirta, Divyendu Sharma",Nishant starts dating Charu while his roommates Rajat and Vikrant already have girlfriends in Neha and Rhea respectively. Trouble starts when the guys feel that their girlfriends are dominating them.,Hindi,India,2 wins & 7 nominations,https://m.media-amazon.com/images/M/MV5BMWEzM2I5OGYtODI1NS00OWJlLWIxY2MtM2MyMTlmZjMwM2I4XkEyXkFqcGc@._V1_SX300.jpg,"[{'Source': 'Internet Movie Database', 'Value': '7.6/10'}]",,7.6,"22,942",tt1926313,movie,,,,,True,,Pyaar Ka Punchnama
707,El Reemplazante,2012–2014,TV-MA,01 Oct 2012,60 min,"Crime, Drama",,"Nimrod Amitai, Ignacio Arnold, Javier Bertossi","Ivan Alvarez de Araya, Sebastián Ayala, Karla Melo","A former financial executive finds redemption and romance when he becomes a math teacher, after he's granted parole following a prison sentence.",Spanish,Chile,2 wins & 4 nominations,https://m.media-amazon.com/images/M/MV5BNTZkNDFiZmUtM2UwMy00N2I1LWE1YjYtM2NhM2IwMmJmODdmXkEyXkFqcGdeQXVyMTUzNTMxNDU@._V1_SX300.jpg,"[{'Source': 'Internet Movie Database', 'Value': '8.5/10'}]",,8.5,876,tt2488050,series,,,,,True,2.0,El Reemplazante
708,Talaash,1992–,,,,"Drama, Mystery",,,"Megha Chatterjee, Moushumi Chatterjee, Vijayendra Ghatge",It is the story of quest to find his long lost friend and to know the reason and consequences why he disappeared.,Hindi,India,,,"[{'Source': 'Internet Movie Database', 'Value': '7.8/10'}]",,7.8,42,tt0244366,series,,,,,True,,Talaash
709,Coming Forth by Day,2012,,18 Oct 2012,96 min,Drama,Hala Lotfy,Hala Lotfy,"Donia Maher, Salma Al-Naggar, Ahmad Lutfi",Those who have fully enjoyed their bodies cannot be submissive. And those who never have? Can they survive the slavery of solitude and impotent acceptance of what they can't change or embrace? This is the every day story of two wo...,Arabic,"Egypt, United Arab Emirates",3 wins & 5 nominations,https://m.media-amazon.com/images/M/MV5BMjI5OTY0ODY5Ml5BMl5BanBnXkFtZTcwMjQzMzI2OQ@@._V1_SX300.jpg,"[{'Source': 'Internet Movie Database', 'Value': '6.5/10'}]",,6.5,287,tt2443734,movie,,,,,True,,Coming Forth by Day
710,The Great Magician,2011,Not Rated,22 Dec 2011,128 min,"Comedy, Drama, Mystery",Derek Tung-Sing Yee,"Tin-Nam Chun, Ho-Leung Lau, Derek Tung-Sing Yee","Tony Leung Chiu-wai, Ching Wan Lau, Xun Zhou",A Chinese warlord hires a conjurer to help him impress a resistant concubine.,Mandarin,"Hong Kong, China",2 wins & 3 nominations total,https://m.media-amazon.com/images/M/MV5BNDBjYzlhM2UtMDM4ZC00N2VkLTlkYjItNzIwNzcxNjNjOTRhXkEyXkFqcGc@._V1_SX300.jpg,"[{'Source': 'Internet Movie Database', 'Value': '5.9/10'}]",,5.9,"2,046",tt1869721,movie,,,,,True,,The Great Magician
711,Arjun: The Warrior Prince,2012,Not Rated,25 May 2012,96 min,"Animation, Action, Adventure","Arnab Chaudhuri, Pavan Buragohain, K.K. Raina","Rajesh Devraj, R.D. Tailang","Yudhveer Bakoliya, Ashok Banthia, Ravi Khanvilkar","The story of the unsung warrior of Mahabharata, Arjuna and explores the much ignored stories of the warrior.",Hindi,"India, United States",1 nomination,https://m.media-amazon.com/images/M/MV5BZGMzYjM0YTYtMzIwNi00YTkwLWJmMjUtODlkNGQxYmE0YTgyXkEyXkFqcGc@._V1_SX300.jpg,"[{'Source': 'Internet Movie Database', 'Value': '6.8/10'}, {'Source': 'Rotten Tomatoes', 'Value': '67%'}]",,6.8,"2,115",tt2404027,movie,,"$10,017",,,True,,Arjun: The Warrior Prince
712,Toll Booth,2017,,04 Jun 2017,12 min,"Short, Comedy, Horror",Martin Stocks,Martin Stocks,"Andrew Shire, Suzanne Celensu, Elizabeth Coombs",A man working in an isolated toll booth suspects something lurks outside in the fog.,English,United Kingdom,8 wins & 4 nominations,https://m.media-amazon.com/images/M/MV5BMzRhNTkyMGEtM2M2Zi00ZGVkLWIzNTYtMWYzMTFlNmRkMzJjXkEyXkFqcGc@._V1_SX300.jpg,"[{'Source': 'Internet Movie Database', 'Value': '8.2/10'}]",,8.2,30,tt6992278,movie,,,,,True,,Toll Booth
713,No One Killed Jessica,2011,,07 Jan 2011,136 min,"Biography, Crime, Drama",Raj Kumar Gupta,"Amitabh Bhattacharya, Raj Kumar Gupta","Rani Mukerji, Vidya Balan, Myra Karn","A journalist, who is more of an activist teams up with the sister of a murdered model, as she gets interested in the case and wants to bring justice to her case.","Hindi, English",India,4 wins & 15 nominations,https://m.media-amazon.com/images/M/MV5BMTU4Mzk0NDY3OV5BMl5BanBnXkFtZTcwMjE1MTkyNA@@._V1_SX300.jpg,"[{'Source': 'Internet Movie Database', 'Value': '7.2/10'}, {'Source': 'Rotten Tomatoes', 'Value': '82%'}]",,7.2,"12,534",tt1734110,movie,,"$440,525",,,True,,No One Killed Jessica
714,Justin Time,2011–2017,TV-Y,01 Jun 2011,22 min,"Animation, Adventure, Comedy",,"Brandon James Scott, Mary Bredin, Frank Falcone","Jenna Warren, Scott McCord, Gage Munroe","Justin, a young boy, faces everyday childhood challenges. With his shapeshifting friend Squidgy, he goes on imaginary adventures meeting Olive, encountering the same issues. Together they find solutions before returning to the rea...","English, French",Canada,3 wins & 11 nominations total,https://m.media-amazon.com/images/M/MV5BYWRiNDQyNDgtNjY3Ny00YmQzLTgxOWMtNDA1MWQ3YmUxOTU4XkEyXkFqcGc@._V1_SX300.jpg,"[{'Source': 'Internet Movie Database', 'Value': '6.7/10'}]",,6.7,280,tt1870073,series,,,,,True,3.0,Justin Time
715,Ferrari Ki Sawaari,2012,Not Rated,15 Jun 2012,140 min,"Comedy, Drama, Family",Rajesh Mapuskar,"Vidhu Vinod Chopra, Rajesh Mapuskar, Rajkumar Hirani","Sharman Joshi, Boman Irani, Ritvik Sahore",How the pursuit of an Indian cricket legend's Ferrari makes a young boy's dreams of playing cricket at Lords a reality.,Hindi,India,5 nominations,https://m.media-amazon.com/images/M/MV5BMTQ2NTAxNzMxMl5BMl5BanBnXkFtZTcwNjczNzc3Nw@@._V1_SX300.jpg,"[{'Source': 'Internet Movie Database', 'Value': '6.4/10'}]",,6.4,"6,011",tt2122340,movie,,"$434,107",,,True,,Ferrari Ki Sawaari
716,Meet the Adebanjos,2012–,,06 Apr 2012,,Comedy,,,"Daniel Davids, Anthony Ofoegbu, Wale Ojo","A sitcom about a British-Nigerian family living in Peckham, covering themes such as financial worries, Bayo Adebanjo's insistence on instilling African-style discipline on his children, and Auntie Funke's struggles to find love.",English,United Kingdom,,https://m.media-amazon.com/images/M/MV5BYTdiNGVmMmQtMThkYS00NjA0LTkzZTYtNmI1ODc5OTlkMzAzXkEyXkFqcGc@._V1_SX300.jpg,"[{'Source': 'Internet Movie Database', 'Value': '7.7/10'}]",,7.7,104,tt2344781,series,,,,,True,3.0,Meet the Adebanjos
717,Masameer,2011–,TV-MA,03 Jun 2011,,"Animation, Adventure, Comedy",,,"Ibraheem Alkhairallah, Malik Nejer",A popular Saudi animation show talks sarcastically about general issues in Saudi Arabia and Arab world by short stories represented by characters that imply some segments of society in Saudi and Arab community,Arabic,Saudi Arabia,,https://m.media-amazon.com/images/M/MV5BOGNiYzIzOTgtYmI2MS00ZDBiLWExM2YtZmUzYmU3ZDYzZDAxXkEyXkFqcGc@._V1_SX300.jpg,"[{'Source': 'Internet Movie Database', 'Value': '8.1/10'}]",,8.1,803,tt6298258,series,,,,,True,,Masameer
718,The Dirty Picture,2011,Not Rated,02 Dec 2011,145 min,"Biography, Comedy, Drama",Milan Luthria,"Rajat Arora, Aditi Mediratta","Vidya Balan, Emraan Hashmi, Tusshar Kapoor","The love story between an actress and a director, inspired by the life of the late South-Indian actress Silk Smitha.",Hindi,India,35 wins & 31 nominations total,https://m.media-amazon.com/images/M/MV5BNTRjNDQ2YzktNDNjOC00MzBiLTgzYjEtYTAxNmZhZTM2ZWM5XkEyXkFqcGc@._V1_SX300.jpg,"[{'Source': 'Internet Movie Database', 'Value': '6.6/10'}, {'Source': 'Rotten Tomatoes', 'Value': '100%'}]",,6.6,"10,979",tt1954206,movie,,,,,True,,The Dirty Picture
719,The Ultimate Braai Master,2012–,,13 Sep 2012,45 min,Reality-TV,,,"Greg Gilowey, Karl Tessendorf, Justin Bonello",A South African team competition on open fire cooking.,English,South Africa,,https://m.media-amazon.com/images/M/MV5BM2VlYmRhYTMtZmM0Mi00OWZmLWFmZmEtNTFlZGVmYTEyYjcxXkEyXkFqcGdeQXVyMjExMzA5NTU@._V1_SX300.jpg,"[{'Source': 'Internet Movie Database', 'Value': '7.5/10'}]",,7.5,48,tt3264864,series,,,,,True,7.0,The Ultimate Braai Master
720,Kath & Kimderella,2012,Not Rated,06 Sep 2012,86 min,Comedy,Ted Emery,"Gina Riley, Jane Turner, Magda Szubanski","Jane Turner, Gina Riley, Magda Szubanski",Fountain Lakes' foxy ladies who turn more than just heads when they go on an overseas trip and end up being the centre of their very own fairytale.,English,Australia,,https://m.media-amazon.com/images/M/MV5BYzUyYTM2MTItN2M3My00ZmUxLTg5ZWMtZjE2ZGM2YjI5NjZjXkEyXkFqcGc@._V1_SX300.jpg,"[{'Source': 'Internet Movie Database', 'Value': '5.3/10'}, {'Source': 'Rotten Tomatoes', 'Value': '26%'}]",,5.3,"1,592",tt1859607,movie,,,,,True,,Kath & Kimderella
721,Rowdy Rathore,2012,Not Rated,01 Jun 2012,140 min,"Action, Comedy, Crime",Prabhu Deva,"Vijayendra Prasad, Shiraz Ahmed","Akshay Kumar, Sonakshi Sinha, Nassar","A con man uncovers a deadly secret and must save his lady love, the small-town locals and the little girl who insists she's his daughter, from the mob.",Hindi,India,12 wins & 17 nominations total,https://m.media-amazon.com/images/M/MV5BODAyMzQyNWItYzg3YS00YTRjLWIwODAtNTc3MWE1MTgyNGNkXkEyXkFqcGc@._V1_SX300.jpg,"[{'Source': 'Internet Movie Database', 'Value': '5.8/10'}, {'Source': 'Rotten Tomatoes', 'Value': '57%'}]",,5.8,"24,878",tt2077833,movie,,"$777,373",,,True,,Rowdy Rathore
722,OMG: Oh My God!,2012,Not Rated,17 Mar 2017,125 min,"Comedy, Drama, Fantasy",Umesh Shukla,"Alok Jha, Saumya Joshi, Bhavesh Mandalia","Paresh Rawal, Akshay Kumar, Mithun Chakraborty",A shopkeeper takes God to court when his shop is destroyed by an earthquake.,Hindi,India,6 wins & 15 nominations total,https://m.media-amazon.com/images/M/MV5BMzhmY2E3MDctYjAzOS00ZmQyLTk2M2QtODg0MWU0Y2VjNWRkXkEyXkFqcGc@._V1_SX300.jpg,"[{'Source': 'Internet Movie Database', 'Value': '8.1/10'}]",,8.1,"68,946",tt2283748,movie,,,,,True,,OMG: Oh My God!
723,Ek Main Aur Ekk Tu,2012,Not Rated,10 Feb 2012,110 min,"Comedy, Drama, Romance",Shakun Batra,"Shakun Batra, Ayesha DeVitre","Kareena Kapoor, Boman Irani, Zenobia Shroff",A few drinks too many leads an uptight architect and quick-witted hairstylist to marry in Las Vegas. Can a mistake lead to friendship and love?,Hindi,India,2 wins & 6 nominations total,https://m.media-amazon.com/images/M/MV5BZmQxMDRhMjQtMGRlOC00NWNlLWEwNDgtYzhjZDQzOTk5M2Y2XkEyXkFqcGc@._V1_SX300.jpg,"[{'Source': 'Internet Movie Database', 'Value': '5.8/10'}, {'Source': 'Rotten Tomatoes', 'Value': '70%'}]",,5.8,"7,408",tt1703958,movie,,"$1,155,545",,,True,,Ek Main Aur Ekk Tu
724,A Beautiful Life,2023,TV-MA,01 Jun 2023,98 min,"Drama, Music, Romance",Mehdi Avaz,Stefan Jaworski,"David Blue, Inga Ibsdotter Lilleaas, Ardalan Esmaili","Elliott, a young fisherman with an extraordinary voice, gets the chance of a lifetime when high-profile music manager Suzanne discovers him at a party.",Danish,Denmark,1 nomination total,https://m.media-amazon.com/images/M/MV5BZWM5MjY3NGEtNzZlYS00NzFlLWEyNDgtYzU3NDQxNDExYjliXkEyXkFqcGc@._V1_SX300.jpg,"[{'Source': 'Internet Movie Database', 'Value': '6.4/10'}, {'Source': 'Rotten Tomatoes', 'Value': '43%'}]",,6.4,"8,911",tt15282148,movie,,,,,True,,A Beautiful Life
725,Mugamoodi,2012,Not Rated,31 Aug 2012,150 min,"Action, Adventure",Mysskin,Mysskin,"Jiiva, Narain, Nassar","A hopeless young man uses his ""Kung-fu"" skills and mask to tackle a bank robbery group without revealing his identity.",Tamil,India,2 nominations,https://m.media-amazon.com/images/M/MV5BODQ5NGVkMGMtMjU2MS00NDMzLWJiMGYtMGY0MWIxNjM2MGI2XkEyXkFqcGdeQXVyMTEzNzg0Mjkx._V1_SX300.jpg,"[{'Source': 'Internet Movie Database', 'Value': '5.1/10'}]",,5.1,"1,319",tt2367996,movie,,"$101,000",,,True,,Mugamoodi
726,Game of Thrones,2011–2019,TV-MA,17 Apr 2011,57 min,"Action, Adventure, Drama",,"David Benioff, D.B. Weiss","Emilia Clarke, Peter Dinklage, Kit Harington","Nine noble families fight for control over the lands of Westeros, while an ancient enemy returns after being dormant for millennia.",English,"United States, United Kingdom",Won 59 Primetime Emmys. 395 wins & 655 nominations total,https://m.media-amazon.com/images/M/MV5BMTNhMDJmNmYtNDQ5OS00ODdlLWE0ZDAtZTgyYTIwNDY3OTU3XkEyXkFqcGc@._V1_SX300.jpg,"[{'Source': 'Internet Movie Database', 'Value': '9.2/10'}]",,9.2,"2,472,832",tt0944947,series,,,,,True,8.0,Game of Thrones
727,Bodyguard,2018,TV-MA,24 Oct 2018,60 min,"Crime, Drama, Mystery",,Jed Mercurio,"Richard Madden, Sophie Rundle, Vincent Franklin","War veteran David Budd finds work as a police sergeant in the Royalty and Specialist Protection branch. He is assigned to protect the home secretary, the Rt. Hon. Julia Montague MP, a controversial and ambitious politician.",English,United Kingdom,Nominated for 2 Primetime Emmys. 17 wins & 30 nominations total,https://m.media-amazon.com/images/M/MV5BN2I0NWE2Y2QtM2I3YS00MzRlLThlMjAtMDViNGMwNjRhZjVlXkEyXkFqcGc@._V1_SX300.jpg,"[{'Source': 'Internet Movie Database', 'Value': '8.0/10'}]",,8.0,"163,511",tt7493974,series,,,,,True,1.0,Bodyguard
728,Material,2012,Unrated,10 Feb 2012,94 min,"Comedy, Drama",Craig Freimond,"Ronnie Apteker, Rosalind Butler, Craig Freimond","Riaad Moosa, Vincent Ebrahim, Joey Rasdien","Cassim is a young Muslim man who works in his father's fabric shop in Johannesburg. However, Cassim wants to be a stand-up comedian, which his father disproves of. When he gets a gig at a local bar, he has to find a way of keeping...",English,South Africa,3 wins & 5 nominations total,https://m.media-amazon.com/images/M/MV5BMTk4NDU5ODM5MV5BMl5BanBnXkFtZTcwMzI4NzMxNw@@._V1_SX300.jpg,"[{'Source': 'Internet Movie Database', 'Value': '7.1/10'}]",,7.1,"1,175",tt1899240,movie,,,,,True,,Material
729,Kyaa Super Kool Hain Hum,2012,Not Rated,27 Jul 2012,136 min,Comedy,Sachin Yardi,"Sukhmani Sadana, Sachin Yardi","Riteish Deshmukh, Tusshar Kapoor, Neha Sharma",Adi and Sid want to make big but always run out of luck and series of confusion start taking place when they reach Goa.,Hindi,India,2 wins & 8 nominations total,https://m.media-amazon.com/images/M/MV5BMjNjMzI4NDQtOTkxOC00NGZhLWFiYjAtMTViYzFiZjVkZDNkXkEyXkFqcGc@._V1_SX300.jpg,"[{'Source': 'Internet Movie Database', 'Value': '5.0/10'}]",,5.0,"4,298",tt2027138,movie,,,FLM Films,,True,,Kyaa Super Kool Hain Hum
730,Jeff Dunham: Controlled Chaos,2011,Unrated,25 Sep 2011,97 min,Comedy,"Michael Simon, Matthew McNeil",Jeff Dunham,Jeff Dunham,"Ventriloquist and comic Jeff Dunham takes to the stage to provide fresh comedic material with his classic puppets Walter, Peanut, Jose Jalapeño and Achmed, as well as with two never-before-seen characters with their own unique qui...",English,United States,,https://m.media-amazon.com/images/M/MV5BNmJjZDU5ZTItMjc0Zi00YjkyLTkwNDAtZjc2MmE4MDlmODc2XkEyXkFqcGc@._V1_SX300.jpg,"[{'Source': 'Internet Movie Database', 'Value': '7.4/10'}]",,7.4,"2,467",tt2058636,movie,,,,,True,,Jeff Dunham: Controlled Chaos
731,Players,2024,TV-MA,14 Feb 2024,105 min,"Comedy, Romance",Trish Sie,Whit Anderson,"Gina Rodriguez, Damon Wayans Jr., Tom Ellis","A sports writer unused to relationships falls for a fling, leading her to reconsider playing the field in favor of commitment.",English,United States,1 nomination total,https://m.media-amazon.com/images/M/MV5BODE0ZjhhY2UtYjcxZi00ZWVlLTlkYTAtM2RmOTIyMjM1ZGQ5XkEyXkFqcGc@._V1_SX300.jpg,"[{'Source': 'Internet Movie Database', 'Value': '5.7/10'}, {'Source': 'Rotten Tomatoes', 'Value': '53%'}, {'Source': 'Metacritic', 'Value': '52/100'}]",52.0,5.7,"11,609",tt14833464,movie,,,,,True,,Players
732,Aiyyaa,2012,Not Rated,12 Oct 2012,152 min,"Comedy, Romance",Sachin Kundalkar,,"Rani Mukerji, Prithviraj Sukumaran, Nirmiti Sawant","A woman goes on the hunt for her dream man, armed with her wild imagination, her passion for Masala-films, and her ultra-sensitive sense of smell.",Hindi,India,4 nominations,https://m.media-amazon.com/images/M/MV5BOTllZjcwYWItYWZmYy00YzY1LWE4NTYtZmY0NDQwZDE4Mzk4XkEyXkFqcGc@._V1_SX300.jpg,"[{'Source': 'Internet Movie Database', 'Value': '4.4/10'}]",,4.4,"2,077",tt2255934,movie,,,,,True,,Aiyyaa
733,Office Girls,2011–,,21 Aug 2011,90 min,Romance,,,"Chia-Yen Ko, Roy Chiu, Patrick Pei-hsu Lee","A department store mogul has his son work incognito in a menial job to prove his worthiness, while female coworkers teach him how normal people live.",Mandarin,Taiwan,1 nomination total,https://m.media-amazon.com/images/M/MV5BMDg4MTliZGQtM2VlOS00ODM5LTg3YzgtZjIxNmE3M2VlNjE3XkEyXkFqcGc@._V1_SX300.jpg,"[{'Source': 'Internet Movie Database', 'Value': '6.9/10'}]",,6.9,220,tt4381290,series,,,,,True,1.0,Office Girls
734,Tere Naal Love Ho Gaya,2012,Not Rated,24 Feb 2012,130 min,"Comedy, Drama, Romance",Mandeep Kumar,"Abhijeet Sandhu, Dhieyo Sandhu","Riteish Deshmukh, Genelia Deshmukh, Om Puri","Mini isn't eager to wed the rich suitor who's been chosen for her, so she stages her own kidnapping and runs off with a man who works for her father.",Hindi,India,3 nominations,https://m.media-amazon.com/images/M/MV5BMjE2NjcxMTcyMV5BMl5BanBnXkFtZTcwMzczNjcyNw@@._V1_SX300.jpg,"[{'Source': 'Internet Movie Database', 'Value': '5.9/10'}]",,5.9,"4,644",tt2130242,movie,,"$177,743",,,True,,Tere Naal Love Ho Gaya
735,Ragini MMS,2011,Not Rated,13 May 2011,93 min,"Drama, Horror, Mystery",Pavan Kirpalani,"Vaspar Dandiwala, Pavan Kirpalani, Virag Mishra","Kainaz Motivala, Rajkummar Rao, Rajat Kaul","Out to relax and have fun at a farmhouse, a couple experience horror at the hands of an unknown entity.","Hindi, Marathi, English",India,5 nominations,https://m.media-amazon.com/images/M/MV5BYmUyY2QxNjYtMjg3ZC00M2Q1LTlhZDItMWYyNjhmOTBhMzljXkEyXkFqcGc@._V1_SX300.jpg,"[{'Source': 'Internet Movie Database', 'Value': '5.1/10'}]",,5.1,"2,893",tt1890513,movie,,,,,True,,Ragini MMS
736,The Glamorous Imperial Concubine,2011–,,07 Feb 2012,,"Drama, History, Romance",,,"Zhen Zhao, Ruby Lin, Yikuan Yan","Ma Fuya is a princess of the Chu state in 10th-century China. In this time of warring kingdoms and political upheaval, Fuya's uncle usurps the throne, and brutally wipes out her family. Fuya bravely takes on the quest of avenging ...",Mandarin,China,1 win & 1 nomination,https://m.media-amazon.com/images/M/MV5BY2IyOTI1NjgtNjlhYS00NzM1LTg5M2YtNTUxNWRhNGUyOWU5XkEyXkFqcGdeQXVyMjg0MTI5NzQ@._V1_SX300.jpg,"[{'Source': 'Internet Movie Database', 'Value': '6.9/10'}]",,6.9,194,tt2272555,series,,,,,True,1.0,The Glamorous Imperial Concubine
737,Grandmaster,2012,Not Rated,04 May 2012,100 min,"Action, Thriller",B. Unnikrishnan,B. Unnikrishnan,"Mohanlal, Priyamani, Babu Antony","A veteran cop chases a cold blooded serial killer, who murders his victims in alphabetical order.",Malayalam,India,2 wins,https://m.media-amazon.com/images/M/MV5BYWUyMGY1NWMtYzRmMC00ZGNhLWJmZGUtZTU4NTU2NGI4Yzg3XkEyXkFqcGdeQXVyMjkxNzQ1NDI@._V1_SX300.jpg,"[{'Source': 'Internet Movie Database', 'Value': '6.9/10'}]",,6.9,"2,370",tt2345561,movie,,"$17,077",,,True,,Grandmaster
738,26 Years,2012,,29 Nov 2012,135 min,"Crime, Drama, Thriller","Geun-hyun Cho, Jo Geun-Hyeon, Cho Keun-Hyun","Kang Full, Jo Geun-Hyeon, Lee Hae-young","Jin Goo, Han Hye-jin, Bae Soo-bin","26 years ago, state troops were ordered to open fire on civilians in city of Gwangju who were demonstrating as apart of a democratic movement.",Korean,South Korea,2 wins & 2 nominations,https://m.media-amazon.com/images/M/MV5BNTNhMzMxZmMtMzUzYS00ZmVjLWFmMGYtZTk5ODRmOGZhZDE0XkEyXkFqcGc@._V1_SX300.jpg,"[{'Source': 'Internet Movie Database', 'Value': '6.3/10'}]",,6.3,"1,442",tt2551894,movie,,,,,True,,26 Years
739,Michael,1996,PG,25 Dec 1996,105 min,"Comedy, Drama, Fantasy",Nora Ephron,"Peter Dexter, Jim Quinlan, Nora Ephron","John Travolta, Andie MacDowell, William Hurt",Two tabloid reporters checking out a report of the Archangel Michael living with an old woman find that it's true. But that's not the only surprise.,"English, Portuguese",United States,1 nomination total,https://m.media-amazon.com/images/M/MV5BYjVkZGQ0MzgtNmQyNS00MzI3LWEzZjItNDdhMDk1NjQ3ZDcyXkEyXkFqcGc@._V1_SX300.jpg,"[{'Source': 'Internet Movie Database', 'Value': '5.7/10'}, {'Source': 'Rotten Tomatoes', 'Value': '37%'}, {'Source': 'Metacritic', 'Value': '38/100'}]",38.0,5.7,"45,928",tt0117038,movie,,"$95,318,203",,,True,,Michael
740,"All's Well, Ends Well",1992,Not Rated,25 Jan 1992,100 min,"Comedy, Romance",Clifton Ko Chi-Sum,"Raymond Pak-Ming Wong, Vincent Kok, Ting-Ting Choi","Leslie Cheung, Stephen Chow, Raymond Pak-Ming Wong",A romantic Chinese New Year comedy about the three Shang brothers. Eldest brother Shang Moon is a philandering businessman who treats his hideous yet hard-working wife like dirt. Middle brother Shang Foon is a disc jockey/playboy ...,Cantonese,Hong Kong,,https://m.media-amazon.com/images/M/MV5BMGY0NjIyMDEtMjI3YS00ZGU3LWI2NGEtNDU2YmUxYzhhM2I0XkEyXkFqcGc@._V1_SX300.jpg,"[{'Source': 'Internet Movie Database', 'Value': '7.2/10'}]",,7.2,"2,802",tt0104553,movie,,,,,True,,"All's Well, Ends Well"
741,Heroine,2012,Not Rated,21 Sep 2012,149 min,Drama,Madhur Bhandarkar,"Madhur Bhandarkar, Niranjan Iyengar, Anuradha Tiwari","Kareena Kapoor, Arjun Rampal, Randeep Hooda",A female superstar struggles through the trials and tribulations of being a Bollywood actress.,Hindi,India,8 nominations,https://m.media-amazon.com/images/M/MV5BMDBkYzNkNzUtZjkwOS00NGYxLTkwY2QtMjQwMzE3NDA5YTk3XkEyXkFqcGc@._V1_SX300.jpg,"[{'Source': 'Internet Movie Database', 'Value': '5.0/10'}, {'Source': 'Rotten Tomatoes', 'Value': '50%'}]",,5.0,"4,657",tt1949548,movie,,"$598,668",,,True,,Heroine
742,Lavell Crawford: Can a Brother Get Some Love,2011,Not Rated,12 Aug 2011,81 min,"Documentary, Comedy",Michael Drumm,,"Lavell Crawford, Kareem Taylor","Lavell Crawford is quickly climbing the comedic ranks, taking second place in NBC's Last Comic Standing, he one of the fastest rising stars in Comedy. In ""Can a Brother Get Some Love"" Lavell takes the stage at the Historic Roberts...",English,United States,,https://m.media-amazon.com/images/M/MV5BMjI2MzkzMTMzNF5BMl5BanBnXkFtZTcwMjA1MzE4OA@@._V1_SX300.jpg,"[{'Source': 'Internet Movie Database', 'Value': '7.0/10'}]",,7.0,241,tt2084872,movie,06 Feb 2012,,eOne Entertainment Distribution,,True,,Lavell Crawford: Can a Brother Get Some Love
743,Jeff Dunham: Minding the Monsters,2012,TV-MA,09 Oct 2012,80 min,Comedy,"Manny Rodriguez, Matthew McNeil",Jeff Dunham,Jeff Dunham,"Jeff Dunham's ""Minding the Monsters"" brings together Walter, Peanut, Bubba J, Jose Jalapeno, and Achmed the Dead Terrorist as you've never seen them before! The result is an all-new original live comedy event that is so funny, it'...",English,United States,,https://m.media-amazon.com/images/M/MV5BZGQ3OWYwOTMtY2UwZi00OGJlLWJlNDctNDljYzEyYjQyMzI2XkEyXkFqcGc@._V1_SX300.jpg,"[{'Source': 'Internet Movie Database', 'Value': '7.0/10'}]",,7.0,"1,604",tt2461736,movie,09 Oct 2012,,,,True,,Jeff Dunham: Minding the Monsters
744,Kalakalappu,2012,Not Rated,11 May 2012,135 min,Comedy,Sundar C.,"Venkat Raghavan, Cable Sankar","Vimal, Shiva, Anjali","A man struggles to save his family-owned restaurant as it is running in loses. He soon falls for a health inspector keen on shutting down the place. When his brother enters the scene, things get worse.",Tamil,India,,https://m.media-amazon.com/images/M/MV5BNmVmN2NkM2UtNjE5Ni00ZDZkLThmNzctMmJiYmM4MDRiMDEwXkEyXkFqcGc@._V1_SX300.jpg,"[{'Source': 'Internet Movie Database', 'Value': '7.0/10'}]",,7.0,"1,704",tt2262126,movie,,"$30,949",,,True,,Kalakalappu
745,An Elf's Story: The Elf on the Shelf,2010,Not Rated,26 Nov 2011,26 min,"Animation, Family, Fantasy",Chad Eikhoff,"Chanda Bell, Carol Aebersold, Christa Pitts","Brendan Dooling, Michael May, Doug Williams",An elf attempts to help a boy believe.,English,United States,,https://m.media-amazon.com/images/M/MV5BMTc3MTE1Njc2Nl5BMl5BanBnXkFtZTcwOTA2MzA3Nw@@._V1_SX300.jpg,"[{'Source': 'Internet Movie Database', 'Value': '5.1/10'}]",,5.1,730,tt2094761,movie,,,Big Canoe Entertainment,,True,,An Elf's Story: The Elf on the Shelf
746,Bbuddah... Hoga Terra Baap,2011,Not Rated,01 Jul 2011,114 min,"Action, Comedy, Crime",Puri Jagannadh,"Inaamulhaq, Puri Jagannadh, Ajay Kumar","Amitabh Bachchan, Hema Malini, Sonu Sood","A quick-tempered, flamboyantly-dressed, retired hit-man returns to India for one last job. Just don't call him ""Buddah""","Hindi, English",India,5 nominations,https://m.media-amazon.com/images/M/MV5BZWE1NmViZjQtMTU2NS00NzE0LWJmYWUtMjk0ZWFhYzkwMDYzXkEyXkFqcGdeQXVyNDUzOTQ5MjY@._V1_SX300.jpg,"[{'Source': 'Internet Movie Database', 'Value': '5.6/10'}]",,5.6,"3,053",tt1869296,movie,,,,,True,,Bbuddah... Hoga Terra Baap
747,Luv Shuv Tey Chicken Khurana,2012,Not Rated,02 Nov 2012,140 min,Comedy,Sameer Sharma,"Sumit Batheja, Sameer Sharma","Kunal Kapoor, Huma Qureshi, Vinod Nagpal",A fugitive frantically looks for a much-coveted chicken curry recipe with which his family can reclaim their pride and wealth.,Hindi,India,7 nominations,https://m.media-amazon.com/images/M/MV5BMTY2OTk3MTg2MV5BMl5BanBnXkFtZTcwNDY5MzY1OA@@._V1_SX300.jpg,"[{'Source': 'Internet Movie Database', 'Value': '6.6/10'}]",,6.6,"4,074",tt2186933,movie,,"$143,507",,,True,,Luv Shuv Tey Chicken Khurana
748,Bwakaw,2012,TV-PG,05 Sep 2012,110 min,Drama,Jun Lana,Jun Lana,"Eddie Garcia, Princess, Rez Cortez","Gruff and cynical Rene is no stranger to loneliness, living an emotionally detached life with his dog, Bkawaw. Yet a connection with a middle-aged taxi driver begins to soften his outlook on life.","Filipino, Tagalog, English",Philippines,16 wins & 34 nominations,https://m.media-amazon.com/images/M/MV5BYWVlMzNjZjQtN2I4MC00Y2RmLWE4ZmUtZDIwZmQwYzVlZmE2XkEyXkFqcGc@._V1_SX300.jpg,"[{'Source': 'Internet Movie Database', 'Value': '7.2/10'}]",,7.2,381,tt2244376,movie,,,,,True,,Bwakaw
749,Blood Money,2017,R,13 Oct 2017,100 min,"Action, Adventure, Crime",Lucky McKee,"Jared Butler, Lars Norberg","Ellar Coltrane, Willa Fitzgerald, Jacob Artist","Three friends go rafting in the wilderness. Bags are dropped from a plane followed by a man in a parachute. The three find the bags with $8,000,000. The couple wants it and Victor splits, wanting to stay alive, out of prison.",English,United States,,https://m.media-amazon.com/images/M/MV5BZTJjZWExYzItNTMxZS00NTgwLTg0NjUtOTdkNDczYjhjMmI1XkEyXkFqcGc@._V1_SX300.jpg,"[{'Source': 'Internet Movie Database', 'Value': '4.5/10'}, {'Source': 'Rotten Tomatoes', 'Value': '57%'}, {'Source': 'Metacritic', 'Value': '42/100'}]",42.0,4.5,"2,665",tt3758852,movie,,,,,True,,Blood Money
750,Shaitan,2011,Not Rated,10 Jun 2011,121 min,"Action, Crime, Drama",Bejoy Nambiar,"Abhijeet Shirish Deshpande, K.S. Krishnan, Bejoy Nambiar","Kalki Koechlin, Shiv Panditt, Gulshan Devaiah",Five substance-abusing friends decide to fake a kidnapping in order to bribe a police constable for covering-up a hit-and-run accident.,"Hindi, English",India,3 wins & 15 nominations,https://m.media-amazon.com/images/M/MV5BNDhhZjU1MWItNGNjMS00ZGE2LTg4ZDQtMzQ5YmJiMGE1YWYwXkEyXkFqcGc@._V1_SX300.jpg,"[{'Source': 'Internet Movie Database', 'Value': '7.2/10'}]",,7.2,"9,021",tt1836912,movie,,,,,True,,Shaitan
751,Department,2012,Not Rated,18 May 2012,141 min,"Action, Crime, Thriller",Ram Gopal Varma,Nilesh Girkar,"Sanjay Dutt, Rana Daggubati, Lakshmi Manchu",A suspended cop joins hands with inspector Mahadev Bhonsle to free the city from underworld.,Hindi,India,1 win,https://m.media-amazon.com/images/M/MV5BNmZlMGM2ZDEtMDgzYy00MTU3LThjNWEtZjc1OTc3OTRmNTI1XkEyXkFqcGdeQXVyODI1MTQ5ODY@._V1_SX300.jpg,"[{'Source': 'Internet Movie Database', 'Value': '3.1/10'}]",,3.1,"1,128",tt2186731,movie,,,,,True,,Department
752,Asmaa,2011,,07 Dec 2011,96 min,Drama,Amr Salama,Amr Salama,"Hind Sabri, Maged El-Kidwani, Hany Adel",A woman who suffers from AIDS decides not to surrender to the fatal disease. She exerts huge efforts in trying to recover or by helping those who suffer the same disease by giving them glimmers of hope.,Arabic,Egypt,3 wins & 1 nomination,https://m.media-amazon.com/images/M/MV5BNzdlNTZkOTUtOGMxYS00NTcyLTk2ZDMtMzAyOWFiMjdmZGI1XkEyXkFqcGc@._V1_SX300.jpg,"[{'Source': 'Internet Movie Database', 'Value': '8.1/10'}]",,8.1,"4,908",tt1826603,movie,,,,,True,,Asmaa
753,The Oath,2018,R,19 Oct 2018,93 min,"Comedy, Thriller",Ike Barinholtz,Ike Barinholtz,"Ike Barinholtz, Tiffany Haddish, Nora Dunn","In a politically divided America, a man struggles to make it through the Thanksgiving holiday without destroying his family.",English,United States,,https://m.media-amazon.com/images/M/MV5BMTU5Nzg0Mjg2MF5BMl5BanBnXkFtZTgwMzk1OTYzNjM@._V1_SX300.jpg,"[{'Source': 'Internet Movie Database', 'Value': '5.6/10'}, {'Source': 'Rotten Tomatoes', 'Value': '63%'}, {'Source': 'Metacritic', 'Value': '58/100'}]",58.0,5.6,"5,078",tt7461200,movie,,"$401,463",,,True,,The Oath
754,Thaandavam,2012,Not Rated,28 Sep 2012,160 min,"Action, Thriller",A.L. Vijay,"Nigel Genis, Mike Parish, A.L. Vijay","Vikram, Jagapathi Babu, Anushka Shetty","The identity of a blind church pianist is uncovered. Military officer Shiva Kumar is on the run as an accused fugitive, and is attempting to take revenge against those who killed his wife.",Tamil,India,2 wins & 6 nominations,https://m.media-amazon.com/images/M/MV5BNWRlMTBlZmEtZmNhOC00ZDdlLTkxNmMtODNhMmI4YWQwYzBkXkEyXkFqcGdeQXVyMTEzNzg0Mjkx._V1_SX300.jpg,"[{'Source': 'Internet Movie Database', 'Value': '6.1/10'}]",,6.1,"2,211",tt2271641,movie,,"$213,476",,,True,,Thaandavam
755,Question Mark,2011,TV-14,07 Apr 2011,100 min,Drama,Hanung Bramantyo,Titien Wattimena,"Reza Rahadian, Revalina S. Temat, Agus Kuncoro","A story of interconnecting lives in modern day Semarang, all struggling with the differences of their faiths.",Indonesian,Indonesia,1 win & 10 nominations,https://m.media-amazon.com/images/M/MV5BMTQ1NTZiZDEtYmU5ZC00ZTNhLWJhNzYtZDRhMWZlYzdkMWQ3XkEyXkFqcGc@._V1_SX300.jpg,"[{'Source': 'Internet Movie Database', 'Value': '7.0/10'}]",,7.0,296,tt1979169,movie,,,,,True,,Question Mark
756,Husbands in Goa,2012,Not Rated,21 Sep 2012,140 min,Comedy,Saji Surendran,Krishna Poojappura,"Asif Ali, Indrajith Sukumaran, Jayasurya","Husbands in Goa is a story of three friends - Jerry Thomas (Advocate), Murali Govind (Chartered Accountant) and Arjun (Interior Designer). The three of them are faced with a common dilemma, as they are all harassed by certain beha...",Malayalam,India,,https://m.media-amazon.com/images/M/MV5BMWRmZDVlZTAtNmYwMy00ZWZjLTlkNGUtODFmODQxMDU4NDdhXkEyXkFqcGdeQXVyNjQ5NTA2ODE@._V1_SX300.jpg,"[{'Source': 'Internet Movie Database', 'Value': '4.0/10'}]",,4.0,331,tt2407826,movie,,"$10,135",,,True,,Husbands in Goa
757,Chhota Bheem and the Broken Amulet,2012,Not Rated,,63 min,Animation,Rajiv Chilaka,,"Jigna Bhardwaj, Rupa Bhimani, Vatsal Dubey","Chhota Bheem And The Broken Amulet is an Indian animated movie featuring Bheem, the star of the Chhota Bheem series.",,India,,https://m.media-amazon.com/images/M/MV5BODhmNTA0ZjMtMjMwMS00ZjQ0LWI5MzQtNGI3NGUxOGViNjljL2ltYWdlXkEyXkFqcGdeQXVyNTM3MDMyMDQ@._V1_SX300.jpg,[],,,31,tt6417816,movie,,,,,True,,Chhota Bheem and the Broken Amulet
758,Takki,2012–,,20 Feb 2012,,Drama,,,"Ali Al Sharif, Redwan Al Reemi, Tala El Sabeh","Takki is a coming of age story about a young man name Malik, who wants to be a filmmaker in a country that has no cinema.",Arabic,Saudi Arabia,,https://m.media-amazon.com/images/M/MV5BYzdjNWQwOTEtMWJjYi00ODQyLWFkYjktNzAxYjY0NDI2MWU4XkEyXkFqcGdeQXVyMzczNzE2MTE@._V1_SX300.jpg,"[{'Source': 'Internet Movie Database', 'Value': '6.6/10'}]",,6.6,342,tt6052432,series,,,,,True,3.0,Takki
759,Moshe Kasher: Live in Oakland,2012,Not Rated,,61 min,Comedy,Jay Chapman,Moshe Kasher,Moshe Kasher,"Oakland-bred comic and best-selling author Moshe Kasher comes back to the Bay Area in this standup special. Back on his home turf, Kasher finds comedy in these uproarious stories about the people he's met -and how they see him",,United States,,https://m.media-amazon.com/images/M/MV5BMjIxMTU2OTA0MV5BMl5BanBnXkFtZTgwMjc4NzI3NDE@._V1_SX300.jpg,"[{'Source': 'Internet Movie Database', 'Value': '6.6/10'}]",,6.6,352,tt2229301,movie,,,,,True,,Moshe Kasher: Live in Oakland
760,The Mistress,2022,,28 Jul 2023,106 min,"Horror, Thriller",Greg Pritikin,Greg Pritikin,"John Magaro, Chasten Harmon, Aylya Marzolf",Newlyweds move into their dream home where they discover a collection of 100-year-old letters from a young woman who committed suicide after being abandoned by the owner of the home.,English,United States,,https://m.media-amazon.com/images/M/MV5BYzRiMzI2YWEtM2E3OC00Njg3LThmODktNjQyZjMwMzgxMmU0XkEyXkFqcGc@._V1_SX300.jpg,"[{'Source': 'Internet Movie Database', 'Value': '4.2/10'}, {'Source': 'Rotten Tomatoes', 'Value': '33%'}]",,4.2,951,tt13780990,movie,,,,,True,,The Mistress
761,The Rise of Kirmada,2012,G,11 Nov 2012,68 min,"Animation, Action, Adventure",Rajiv Chilaka,,"Vatsal Dubey, Rupa Bhimani, Julie Tejwani",Bheem and young lord Krishna team up to protect the world against the wicked and powerful Kirmada and his equally dangerous bat army.,Hindi,India,,https://m.media-amazon.com/images/M/MV5BNzg4MTdhYTktMzJhYy00N2Q3LWFlODYtM2M3OGI3ZjE1MTczXkEyXkFqcGc@._V1_SX300.jpg,[],,,365,tt6543070,movie,,,,,True,,The Rise of Kirmada
762,Vettai,2012,Not Rated,14 Jan 2012,150 min,Action,N. Linguswamy,"N. Linguswamy, Brindha Sarathy","Arya, Madhavan, Sameera Reddy",Thiru join hands with his brother Guru to face the mobsters of a city.,Tamil,India,1 win & 2 nominations,https://m.media-amazon.com/images/M/MV5BYzcwYzllMTctMTA4OC00NzI5LTljMDYtODlmNDFiZjIxMDE3XkEyXkFqcGc@._V1_SX300.jpg,"[{'Source': 'Internet Movie Database', 'Value': '6.0/10'}]",,6.0,"2,608",tt1956697,movie,,"$204,373",,,True,,Vettai
763,Muran,2011,,30 Sep 2011,103 min,"Action, Thriller",Rajan Madhav,Rajan Madhav,"Prasanna, Cheran, Haripriya","After finishing a successful meeting with his movie producers in Bangalore, Nanda, a jingles composer catches the highway to Chennai. On his way his car breaks down and he hitchhikes with Arjun, a businessman's son on his way to t...",Tamil,India,2 nominations,https://m.media-amazon.com/images/M/MV5BZTZiZTZkYjEtNDRiOC00YTgxLWI5ZDQtNTdmMWM3ZTJmMTg1XkEyXkFqcGc@._V1_SX300.jpg,"[{'Source': 'Internet Movie Database', 'Value': '6.3/10'}]",,6.3,306,tt2053397,movie,,"$30,116",,,True,,Muran
764,A World Not Ours,2012,,21 Feb 2014,93 min,"Documentary, Biography, History",Mahdi Fleifel,Mahdi Fleifel,Mahdi Fleifel,"An intimate, and often humorous, portrait of three generations of exile in the refugee camp of Ein el-Helweh, in southern Lebanon. Based on a wealth of personal recordings, family archives, and historical footage, the film is a se...","Arabic, English","United Kingdom, Lebanon, United Arab Emirates",31 wins & 24 nominations,https://m.media-amazon.com/images/M/MV5BMjI4MDY0MTk2M15BMl5BanBnXkFtZTgwMjQzOTczMTE@._V1_SX300.jpg,"[{'Source': 'Internet Movie Database', 'Value': '7.9/10'}, {'Source': 'Rotten Tomatoes', 'Value': '100%'}, {'Source': 'Metacritic', 'Value': '65/100'}]",65.0,7.9,597,tt2233762,movie,,,,,True,,A World Not Ours
765,Tom Papa: Live in New York City,2011,Not Rated,01 Jul 2011,57 min,Comedy,Rob Zombie,Tom Papa,"Max Macguire, Rick Crom, Skippy D",Comedian Tom Papa hilariously talks about Facebook and other topics.,English,United States,,https://m.media-amazon.com/images/M/MV5BOTExNGY4MzgtN2Q0Ni00Y2EyLWFjN2YtMGNkYzU5MWI0NzA0XkEyXkFqcGc@._V1_SX300.jpg,"[{'Source': 'Internet Movie Database', 'Value': '7.2/10'}]",,7.2,646,tt1910649,movie,,,,,True,,Tom Papa: Live in New York City
766,Zokkomon,2011,PG,22 Apr 2011,109 min,"Action, Adventure, Family",Satyajit Bhatkal,"Javed Akhtar, Satyajit Bhatkal, Svati Chakravarty Bhatkal","Darsheel Safary, Anupam Kher, Manjari Fadnnis","An orphan is abused and abandoned, believed to be dead, and upon his return is first feared as a ghost, and then projected as a superhero.","Hindi, English",India,,https://m.media-amazon.com/images/M/MV5BMTYyNDU0NjE1MF5BMl5BanBnXkFtZTcwOTUyMjIwNQ@@._V1_SX300.jpg,"[{'Source': 'Internet Movie Database', 'Value': '4.1/10'}]",,4.1,473,tt1605790,movie,,"$3,000",,,True,,Zokkomon
767,My Friend Pinto,2011,,21 Oct 2011,100 min,"Comedy, Crime, Drama",Raaghav Dar,"Raaghav Dar, Arun Sukumar","Prateik Patil Babbar, Kalki Koechlin, Arjun Mathur","Twenty-something Michael Pinto has grown up in a small Goan village, believing everyone in the world to be simple, kind and honest, just like him. His world revolves around a doting mother, a passion for music and the memories of ...","Hindi, Marathi, English",India,1 win,https://m.media-amazon.com/images/M/MV5BMTc4NTc3Mjc5M15BMl5BanBnXkFtZTgwNTk5MzA2MDE@._V1_SX300.jpg,"[{'Source': 'Internet Movie Database', 'Value': '5.3/10'}]",,5.3,415,tt1512220,movie,,,,,True,,My Friend Pinto
768,Taxi Ballad,2011,,08 Mar 2012,93 min,Drama,Daniel Joseph,Daniel Joseph,"Hiam Abou Chedid, Habib Alberto, Sahar Assaf","Driving a cab wasn't his first option, but that's a long story.","Arabic, English","Lebanon, United States, United Arab Emirates",1 nomination,https://m.media-amazon.com/images/M/MV5BMTY0MzMxNzY2N15BMl5BanBnXkFtZTcwMTIwMDA1Nw@@._V1_SX300.jpg,"[{'Source': 'Internet Movie Database', 'Value': '6.2/10'}]",,6.2,208,tt1754578,movie,,,,,True,,Taxi Ballad
769,Here Comes the Rain,2010,,01 Feb 2010,98 min,Drama,Bahij Hojeij,Bahij Hojeij,"Hassan Mrad, Julia Kassar, Carmen Lebbos","Kidnapped during the war, Ramez is suddenly released from prison after 20 years and returns to his family profoundly changed. Unable to relate to them, he often wanders in the streets of Beirut, where he meets a sad young woman wh...",Arabic,Lebanon,4 wins,https://m.media-amazon.com/images/M/MV5BNDViOWU5MDUtNmYwYi00MzgwLWE2NDUtMjYwOWYxOWRhYjIwXkEyXkFqcGdeQXVyNTA0OTUzMDI@._V1_SX300.jpg,"[{'Source': 'Internet Movie Database', 'Value': '6.5/10'}]",,6.5,80,tt2091312,movie,,,Online Films,,True,,Here Comes the Rain
770,One More Try,2012,TV-14,05 Nov 2020,100 min,Drama,Ruel S. Bayani,"Jay Fernando, Kriz G. Gazmen, Anna Karenina Ramos","Angel Locsin, Angelica Panganiban, Dingdong Dantes",A single mother is forced to reunite with her estranged husband to save her child from a deadly disease.,"English, Filipino, Tagalog",Philippines,10 wins & 35 nominations,https://m.media-amazon.com/images/M/MV5BZWRjMDcxODYtZWY4Ny00ZDM0LTlhMmQtN2NkMWEyNGQyNDY4XkEyXkFqcGdeQXVyNTI5NjIyMw@@._V1_SX300.jpg,"[{'Source': 'Internet Movie Database', 'Value': '6.0/10'}]",,6.0,224,tt2590280,movie,,,,,True,,One More Try
771,Chhota Bheem Master of Shaolin,2011,,,75 min,"Animation, Action, Adventure",Rajiv Chilaka,Soumyadev Chatterjee,"Sonal Kaushal, Rupa Bhimani, Julie Tejwani","Bheem and his friends accompany Ming, a monk, to the Shaolin temple to fight against a dangerous Kaifu who wants to take control of the Shaolin temple.",,,,https://m.media-amazon.com/images/M/MV5BZTllOWE5ZjItMjgzNS00MGEyLThhNzAtZDk3MjU0OTcxNjY0XkEyXkFqcGdeQXVyNjE1OTQ0NjA@._V1_SX300.jpg,"[{'Source': 'Internet Movie Database', 'Value': '6.7/10'}]",,6.7,357,tt6442670,movie,,,,,True,,Chhota Bheem Master of Shaolin
772,No Other Woman,1933,Passed,06 Jan 1933,58 min,Drama,J. Walter Ruben,"Wanda Tuchock, Bernard Schubert, Eugene Walter","Irene Dunne, Charles Bickford, Gwili Andre","A steelworker and his aspiring wife make millions when they become partners in a dyeworks. Unfortunately, success does not bring happiness.",English,United States,,https://m.media-amazon.com/images/M/MV5BY2RlMjM5NDYtMjFhMS00MmRjLThkZjgtMWRmM2MwYTVlZTgwXkEyXkFqcGdeQXVyMTk2MzI2Ng@@._V1_SX300.jpg,"[{'Source': 'Internet Movie Database', 'Value': '5.9/10'}]",,5.9,500,tt0024388,movie,,,,,True,,No Other Woman
773,The In-Laws,2003,PG-13,23 May 2003,98 min,"Action, Comedy, Thriller",Andrew Fleming,"Andrew Bergman, Nat Mauldin, Ed Solomon","Albert Brooks, Michael Douglas, Ryan Reynolds","Right before his daughter's wedding, a mild-mannered foot doctor discovers that his future son-in-law's father is a free-wheeling international spy.","English, French, Mandarin","United States, Germany, Canada",,https://m.media-amazon.com/images/M/MV5BMTQ1MDQ0MTA3NV5BMl5BanBnXkFtZTYwMDQxNDA3._V1_SX300.jpg,"[{'Source': 'Internet Movie Database', 'Value': '5.7/10'}, {'Source': 'Rotten Tomatoes', 'Value': '33%'}, {'Source': 'Metacritic', 'Value': '46/100'}]",46.0,5.7,"18,282",tt0314786,movie,,"$20,453,431",,,True,,The In-Laws
774,Sisterakas,2012,,31 Dec 2012,110 min,Comedy,Wenn V. Deramas,"Kriz G. Gazmen, Danno Kristoper C. Mariquit, Wenn V. Deramas","AiAi Delas Alas, Vice Ganda, Kris Aquino","Bernice and Detty are half-siblings whose bitter rivalry dates back to when they were kids. When their father passed away, things went downhill from there which led to the two siblings never speaking to each other again. That chan...","Filipino, Tagalog",Philippines,1 win & 2 nominations,https://m.media-amazon.com/images/M/MV5BMTVkZDQ0NjYtYWI1Mi00NWVlLTk5OWUtMTJjNDkzNTBmNmQwXkEyXkFqcGc@._V1_SX300.jpg,"[{'Source': 'Internet Movie Database', 'Value': '5.2/10'}]",,5.2,348,tt2590214,movie,,,,,True,,Sisterakas
775,Yours Fatefully,2012,,29 May 2012,45 min,"Comedy, Romance",,,"Kingone Wang, Jesseca Liu, Shucheng Chen","Su Xiaoyi is a single professional photographer who lives with his sickly father afflicted with night blindness. As his siblings are married, the burden of taking care of his ailing father naturally falls on him.",Chinese,Singapore,,https://m.media-amazon.com/images/M/MV5BNjYzOTMyODUtMzI4NC00ZDFkLTgyODQtY2ZlYTI3NDc4NTgyXkEyXkFqcGdeQXVyMjg0MTI5NzQ@._V1_SX300.jpg,"[{'Source': 'Internet Movie Database', 'Value': '6.7/10'}]",,6.7,17,tt7131690,series,,,,,True,1.0,Yours Fatefully
776,Love Now,2007,,15 Aug 2007,116 min,"Adventure, Drama, Romance",Yun-su Chong,"Jin Kim, Seon-mi Kim","Uhm Junghwa, Park Yong-woo, Lee Dong-geon","Vibrant and charming, but as passionate as one can get when it comes to work, fashion consultant Yu-Na (Uhm Jung-Hwa) lead on a cheerful life with her husband - humorous and sentimental hotelier, Min-Jae (Park Yong-Woo). But with ...",Korean,"South Korea, Hong Kong",3 nominations,https://m.media-amazon.com/images/M/MV5BODc0MzAxMzg5NF5BMl5BanBnXkFtZTgwNTc2NzE1MjE@._V1_SX300.jpg,"[{'Source': 'Internet Movie Database', 'Value': '6.0/10'}]",,6.0,428,tt1159223,movie,,,,,True,,Love Now
777,Phone Swap,2012,,30 Mar 2012,110 min,"Comedy, Romance",Kunle Afolayan,Kemi Adesoye,"Nse Ikpe-Etim, Wale Ojo, Joke Silva","Mary, a fashion designer, and Akin, her arrogant boss, swap their phones by accident in a busy airport and must now carry out each other's assignments.",English,Nigeria,3 wins & 2 nominations,https://m.media-amazon.com/images/M/MV5BNTU5MjUxOTQ0OF5BMl5BanBnXkFtZTcwMjI2MDMzNw@@._V1_SX300.jpg,"[{'Source': 'Internet Movie Database', 'Value': '6.4/10'}]",,6.4,198,tt2198109,movie,,,,,True,,Phone Swap
778,Peaky Blinders,2013–2022,TV-MA,30 Sep 2014,60 min,"Crime, Drama",,Steven Knight,"Cillian Murphy, Paul Anderson, Sophie Rundle","A gangster family epic set in 1900s England, centering on a gang who sew razor blades in the peaks of their caps, and their fierce boss Tommy Shelby.","English, Romanian, Irish Gaelic, Italian, Yiddish, French",United Kingdom,Won 1 BAFTA Award25 wins & 56 nominations total,https://m.media-amazon.com/images/M/MV5BOGM0NGY3ZmItOGE2ZC00OWIxLTk0N2EtZWY4Yzg3ZDlhNGI3XkEyXkFqcGc@._V1_SX300.jpg,"[{'Source': 'Internet Movie Database', 'Value': '8.7/10'}]",,8.7,"727,939",tt2442560,series,,,,,True,6.0,Peaky Blinders
779,Outlander,2014–,TV-MA,09 Aug 2014,64 min,"Adventure, Drama, Fantasy",,Ronald D. Moore,"Caitríona Balfe, Sam Heughan, Sophie Skelton","Claire Beauchamp Randall, a nurse in World War II, mysteriously goes back in time to Scotland in 1743. There, she meets a dashing Highland warrior and gets drawn into an epic rebellion.","English, Gaelic",United States,Nominated for 4 Primetime Emmys. 37 wins & 92 nominations total,https://m.media-amazon.com/images/M/MV5BZGQ3MWZkMzUtMTE3Ni00N2M4LTlkODItNTUzODk1ZjRlMTg2XkEyXkFqcGc@._V1_SX300.jpg,"[{'Source': 'Internet Movie Database', 'Value': '8.3/10'}]",,8.3,"193,977",tt3006802,series,,,,,True,8.0,Outlander
780,Attack on Titan,2013–2023,TV-MA,28 Sep 2013,24 min,"Animation, Action, Adventure",,,"Jessie James Grelle, Bryce Papenbrook, Trina Nishimura","After his hometown is destroyed, young Eren Jaeger vows to cleanse the earth of the giant humanoid Titans that have brought humanity to the brink of extinction.","Japanese, English",Japan,42 wins & 88 nominations total,https://m.media-amazon.com/images/M/MV5BZjliODY5MzQtMmViZC00MTZmLWFhMWMtMjMwM2I3OGY1MTRiXkEyXkFqcGc@._V1_SX300.jpg,"[{'Source': 'Internet Movie Database', 'Value': '9.1/10'}]",,9.1,"641,228",tt2560140,series,,,,,True,4.0,Attack on Titan
781,The Originals,2013–2018,TV-14,03 Oct 2013,45 min,"Drama, Fantasy, Horror",,Julie Plec,"Joseph Morgan, Daniel Gillies, Claire Holt",A family of power-hungry thousand-year-old vampires look to take back the city that they built and dominate all those who have done them wrong.,English,United States,Nominated for 1 Primetime Emmy. 13 nominations total,https://m.media-amazon.com/images/M/MV5BZDJkYjg3MDItMjhiMi00NjhjLThlM2EtNzUxNzcyNDJjN2ZhXkEyXkFqcGc@._V1_SX300.jpg,"[{'Source': 'Internet Movie Database', 'Value': '8.2/10'}]",,8.2,"157,004",tt2632424,series,,,,,True,5.0,The Originals
782,The Blacklist,2013–2023,TV-14,23 Sep 2013,43 min,"Crime, Drama, Mystery",,Jon Bokenkamp,"James Spader, Megan Boone, Diego Klattenhoff","A new FBI profiler, Elizabeth Keen, has her entire life uprooted when a mysterious criminal, Raymond Reddington, who has eluded capture for decades, turns himself in and insists on speaking only to her.",English,United States,Won 1 Primetime Emmy. 2 wins & 33 nominations total,https://m.media-amazon.com/images/M/MV5BNDk4MGU4NTItNDMyMC00NjQ0LWFlMWUtYzJlMTM1M2M2ZTU3XkEyXkFqcGc@._V1_SX300.jpg,"[{'Source': 'Internet Movie Database', 'Value': '7.9/10'}]",,7.9,"293,294",tt2741602,series,,,,,True,10.0,The Blacklist
783,Married at First Sight,2014–,TV-14,08 Jul 2014,4 min,"Reality-TV, Romance",,Lotte Offenberg Bergqvist,"Pepper Schwartz, Calvin Roberson, Viviana Coles",A reality show that follows singles yearning for a life-long partnership as they agree to a provocative proposal: getting legally married to a stranger the moment they first meet.,English,United States,1 nomination total,https://m.media-amazon.com/images/M/MV5BY2FjYWUyYTMtNjYzMy00NTk1LTkxMDAtMDBkOWJiYTY4NjIyXkEyXkFqcGc@._V1_SX300.jpg,"[{'Source': 'Internet Movie Database', 'Value': '6.2/10'}]",,6.2,"2,852",tt3868860,series,,,,,True,18.0,Married at First Sight
784,The Flash,2014–2023,TV-PG,07 Oct 2014,43 min,"Action, Adventure, Drama",,"Greg Berlanti, Geoff Johns, Andrew Kreisberg","Grant Gustin, Candice Patton, Danielle Panabaker","After being struck by lightning, Barry Allen wakes up from his coma to discover he's been given the power of super speed, becoming the Flash, and fighting crime in Central City.",English,United States,Nominated for 1 Primetime Emmy. 31 wins & 99 nominations total,https://m.media-amazon.com/images/M/MV5BMjU0ZjZhNDQtMDhkYi00OWQyLWE3NGYtNzBlY2VmM2I4ZDg5XkEyXkFqcGc@._V1_SX300.jpg,"[{'Source': 'Internet Movie Database', 'Value': '7.5/10'}]",,7.5,"380,019",tt3107288,series,,,,,True,9.0,The Flash
785,Paddington,2014,PG,16 Jan 2015,95 min,"Adventure, Comedy, Family",Paul King,"Paul King, Hamish McColl, Michael Bond","Hugh Bonneville, Sally Hawkins, Julie Walters","A young Peruvian bear travels to London in search of a home. Finding himself lost and alone at Paddington Station, he meets the kindly Brown family, who offer him a temporary haven.","English, Mandarin, Spanish","United Kingdom, France, Costa Rica",Nominated for 2 BAFTA 3 wins & 7 nominations total,https://m.media-amazon.com/images/M/MV5BMTAxOTMwOTkwNDZeQTJeQWpwZ15BbWU4MDEyMTI1NjMx._V1_SX300.jpg,"[{'Source': 'Internet Movie Database', 'Value': '7.3/10'}, {'Source': 'Rotten Tomatoes', 'Value': '97%'}, {'Source': 'Metacritic', 'Value': '77/100'}]",77.0,7.3,"150,160",tt1109624,movie,,"$76,271,832",,,True,,Paddington
786,Reign,2013–2017,TV-14,17 Oct 2013,30S min,"Drama, History, Romance",,"Laurie McCarthy, Stephanie Sengupta","Adelaide Kane, Megan Follows, Celina Sinden","Mary, Queen of Scots, faces political and sexual intrigue in the treacherous world of the French court.",English,United States,4 wins & 21 nominations total,https://m.media-amazon.com/images/M/MV5BMjEwMDgzNjA1Ml5BMl5BanBnXkFtZTgwNjYyNDUzMTI@._V1_SX300.jpg,"[{'Source': 'Internet Movie Database', 'Value': '7.4/10'}]",,7.4,"57,021",tt2710394,series,,,,,True,4.0,Reign
787,It Follows,2014,R,13 Mar 2015,100 min,"Horror, Mystery, Thriller",David Robert Mitchell,David Robert Mitchell,"Maika Monroe, Keir Gilchrist, Olivia Luccardi",A young woman is followed by an unknown supernatural force after a sexual encounter.,English,United States,25 wins & 44 nominations total,https://m.media-amazon.com/images/M/MV5BNGZiYWRiYjAtODU0NS00YzAzLTk2MzQtZGVlMzVjM2M3MGQ3XkEyXkFqcGc@._V1_SX300.jpg,"[{'Source': 'Internet Movie Database', 'Value': '6.8/10'}, {'Source': 'Rotten Tomatoes', 'Value': '95%'}, {'Source': 'Metacritic', 'Value': '83/100'}]",83.0,6.8,"291,239",tt3235888,movie,,"$14,674,076",,,True,,It Follows
788,The Imitation Game,2014,PG-13,25 Dec 2014,114 min,"Biography, Drama, Thriller",Morten Tyldum,"Graham Moore, Andrew Hodges","Benedict Cumberbatch, Keira Knightley, Matthew Goode","During World War II, the English mathematical genius Alan Turing tries to crack the German Enigma code with help from fellow mathematicians while attempting to come to terms with his troubled private life.","English, German",United States,Won 1 Oscar. 49 wins & 167 nominations total,https://m.media-amazon.com/images/M/MV5BNjI3NjY1Mjg3MV5BMl5BanBnXkFtZTgwMzk5MDQ3MjE@._V1_SX300.jpg,"[{'Source': 'Internet Movie Database', 'Value': '8.0/10'}, {'Source': 'Rotten Tomatoes', 'Value': '90%'}, {'Source': 'Metacritic', 'Value': '71/100'}]",71.0,8.0,"860,739",tt2084970,movie,,"$91,125,683",,,True,,The Imitation Game
789,The 100,2014–2020,TV-14,19 Mar 2014,43 min,"Action, Drama, Sci-Fi",,Jason Rothenberg,"Eliza Taylor, Bob Morley, Marie Avgeropoulos","Set 97 years after a nuclear war destroyed civilization, when a spaceship housing humanity's lone survivors sends 100 juvenile delinquents back to Earth, hoping to repopulate the planet.","English, Mandarin, French, Spanish",United States,Nominated for 1 Primetime Emmy. 10 wins & 44 nominations total,https://m.media-amazon.com/images/M/MV5BNDdmZGYwOWEtN2FkZC00Y2ExLWJkY2UtNzFlODVlNzc3MGIzXkEyXkFqcGc@._V1_SX300.jpg,"[{'Source': 'Internet Movie Database', 'Value': '7.5/10'}]",,7.5,"294,330",tt2661044,series,,,,,True,7.0,The 100
790,Rush,2013,R,27 Sep 2013,123 min,"Biography, Drama, Sport",Ron Howard,Peter Morgan,"Daniel Brühl, Chris Hemsworth, Olivia Wilde","James Hunt and Niki Lauda, two extremely skilled Formula One racers, have an intense rivalry with each other. However, it is their enmity that pushes them to their limits.","English, German, Italian, French, Japanese, Spanish","United Kingdom, United States",Won 1 BAFTA Award6 wins & 66 nominations total,https://m.media-amazon.com/images/M/MV5BMTZhOGQxM2ItNGQyYy00YzE5LWI5MjMtNmMzNGQzNDE1OTUzXkEyXkFqcGc@._V1_SX300.jpg,"[{'Source': 'Internet Movie Database', 'Value': '8.1/10'}, {'Source': 'Rotten Tomatoes', 'Value': '89%'}, {'Source': 'Metacritic', 'Value': '74/100'}]",74.0,8.1,"544,257",tt1979320,movie,,"$26,947,624",,,True,,Rush
791,Nightcrawler,2014,R,31 Oct 2014,117 min,"Crime, Drama, Thriller",Dan Gilroy,Dan Gilroy,"Jake Gyllenhaal, Rene Russo, Bill Paxton",A petty thief desperate for work muscles into the world of crime journalism and becomes the star of his own story as he blurs the line between observer and participant.,English,United States,Nominated for 1 Oscar. 46 wins & 126 nominations total,https://m.media-amazon.com/images/M/MV5BYjMwMmI5MWQtOTU4OS00OTAyLTg0OTYtNmQ5YzExZTQ3ZWJhXkEyXkFqcGc@._V1_SX300.jpg,"[{'Source': 'Internet Movie Database', 'Value': '7.8/10'}, {'Source': 'Rotten Tomatoes', 'Value': '95%'}, {'Source': 'Metacritic', 'Value': '76/100'}]",76.0,7.8,"647,047",tt2872718,movie,,"$32,381,217",,,True,,Nightcrawler
792,Are You the One?,2014–,TV-14,21 Jan 2014,41 min,"Game-Show, Reality-TV, Romance",,,"Ryan Devlin, Terrence Jenkins, Bria Hamilton",Contestants stay for 10 weeks in a holiday destination to win $1 million and hopefully find love.,English,United States,3 nominations total,https://m.media-amazon.com/images/M/MV5BOTA5Nzk4ZjQtMTBiOS00ZDYyLThiNmItYzY2NzQxODRkOTIwXkEyXkFqcGc@._V1_SX300.jpg,"[{'Source': 'Internet Movie Database', 'Value': '6.5/10'}]",,6.5,"3,233",tt3484274,series,,,,,True,9.0,Are You the One?
793,St. Vincent,2014,PG-13,24 Oct 2014,102 min,"Comedy, Drama",Theodore Melfi,Theodore Melfi,"Bill Murray, Melissa McCarthy, Naomi Watts","A young boy whose parents have just divorced finds an unlikely friend and mentor in the misanthropic, bawdy, hedonistic war veteran who lives next door.","English, Spanish",United States,7 wins & 23 nominations total,https://m.media-amazon.com/images/M/MV5BMTk5NzI5OTA4MF5BMl5BanBnXkFtZTgwNjc4NTM3MjE@._V1_SX300.jpg,"[{'Source': 'Internet Movie Database', 'Value': '7.2/10'}, {'Source': 'Rotten Tomatoes', 'Value': '78%'}, {'Source': 'Metacritic', 'Value': '64/100'}]",64.0,7.2,"110,952",tt2170593,movie,,"$44,137,712",,,True,,St. Vincent
794,The Conjuring,2013,R,19 Jul 2013,112 min,"Horror, Mystery, Thriller",James Wan,"Chad Hayes, Carey W. Hayes","Patrick Wilson, Vera Farmiga, Ron Livingston",Paranormal investigators Ed and Lorraine Warren work to help a family terrorized by a dark presence in their farmhouse.,"English, Latin",United States,15 wins & 22 nominations total,https://m.media-amazon.com/images/M/MV5BMTM3NjA1NDMyMV5BMl5BanBnXkFtZTcwMDQzNDMzOQ@@._V1_SX300.jpg,"[{'Source': 'Internet Movie Database', 'Value': '7.5/10'}, {'Source': 'Rotten Tomatoes', 'Value': '86%'}, {'Source': 'Metacritic', 'Value': '68/100'}]",68.0,7.5,"593,744",tt1457767,movie,,"$137,446,368",,,True,,The Conjuring
795,Gotham,2014–2019,TV-14,22 Sep 2014,42 min,"Action, Crime, Drama",,Bruno Heller,"Ben McKenzie, Jada Pinkett Smith, Donal Logue",The story behind Detective James Gordon's rise to prominence in Gotham City in the years before Batman's arrival.,"English, Russian, Italian, French, Spanish, Arabic",United States,Won 1 Primetime Emmy. 7 wins & 62 nominations total,https://m.media-amazon.com/images/M/MV5BMTg0ZmM3N2QtYmFiMy00YzUzLWE1M2QtZWVhMzBiNGZjMmVjXkEyXkFqcGc@._V1_SX300.jpg,"[{'Source': 'Internet Movie Database', 'Value': '7.8/10'}]",,7.8,"248,567",tt3749900,series,,,,,True,5.0,Gotham
796,How to Train Your Dragon 2,2014,PG,13 Jun 2014,102 min,"Animation, Action, Adventure",Dean DeBlois,"Dean DeBlois, Cressida Cowell","Jay Baruchel, Cate Blanchett, Gerard Butler","When Hiccup and Toothless discover an ice cave that is home to hundreds of new wild dragons and the mysterious Dragon Rider, the two friends find themselves at the center of a battle to protect the peace.",English,"United States, India",Nominated for 1 Oscar. 15 wins & 61 nominations total,https://m.media-amazon.com/images/M/MV5BMzMwMTAwODczN15BMl5BanBnXkFtZTgwMDk2NDA4MTE@._V1_SX300.jpg,"[{'Source': 'Internet Movie Database', 'Value': '7.8/10'}, {'Source': 'Rotten Tomatoes', 'Value': '92%'}, {'Source': 'Metacritic', 'Value': '77/100'}]",77.0,7.8,"390,503",tt1646971,movie,,"$177,002,924",,,True,,How to Train Your Dragon 2
797,Oldboy,2003,R,21 Nov 2003,120 min,"Action, Drama, Mystery",Park Chan-wook,"Garon Tsuchiya, Nobuaki Minegishi, Park Chan-wook","Choi Min-sik, Yoo Ji-tae, Kang Hye-jeong","After being kidnapped and imprisoned for fifteen years, Oh Dae-Su is released, only to find that he must track down his captor in five days.",Korean,South Korea,44 wins & 28 nominations total,https://m.media-amazon.com/images/M/MV5BMTI3NTQyMzU5M15BMl5BanBnXkFtZTcwMTM2MjgyMQ@@._V1_SX300.jpg,"[{'Source': 'Internet Movie Database', 'Value': '8.3/10'}, {'Source': 'Rotten Tomatoes', 'Value': '82%'}, {'Source': 'Metacritic', 'Value': '78/100'}]",78.0,8.3,"692,231",tt0364569,movie,,"$2,458,200",,,True,,Oldboy
798,House of Cards,2013–2018,TV-MA,01 Feb 2013,51 min,"Drama, Thriller",,Beau Willimon,"Kevin Spacey, Michel Gill, Robin Wright",A Congressman works with his equally conniving wife to exact revenge on the people who betrayed him.,English,United States,Won 7 Primetime Emmys. 35 wins & 220 nominations total,https://m.media-amazon.com/images/M/MV5BMTQ4MDczNDYwNV5BMl5BanBnXkFtZTcwNjMwMDk5OA@@._V1_SX300.jpg,"[{'Source': 'Internet Movie Database', 'Value': '8.6/10'}]",,8.6,"549,944",tt1856010,series,,,,,True,6.0,House of Cards
799,Big Eyes,2014,PG-13,25 Dec 2014,106 min,"Biography, Crime, Drama",Tim Burton,"Scott Alexander, Larry Karaszewski","Amy Adams, Christoph Waltz, Danny Huston","A drama about the awakening of painter Margaret Keane, her phenomenal success in the 1950s, and the subsequent legal difficulties she had with her husband, who claimed credit for her works in the 1960s.","English, French, Italian","United States, Canada",Nominated for 2 BAFTA 3 wins & 18 nominations total,https://m.media-amazon.com/images/M/MV5BMjA2ODM5MDE3N15BMl5BanBnXkFtZTgwOTIxNjc1MzE@._V1_SX300.jpg,"[{'Source': 'Internet Movie Database', 'Value': '7.0/10'}, {'Source': 'Rotten Tomatoes', 'Value': '72%'}, {'Source': 'Metacritic', 'Value': '62/100'}]",62.0,7.0,"102,759",tt1126590,movie,,"$14,482,031",,,True,,Big Eyes
800,Begin Again,2013,R,11 Jul 2014,104 min,"Comedy, Drama, Music",John Carney,John Carney,"Keira Knightley, Mark Ruffalo, Adam Levine","A chance encounter between a down-and-out music business executive, and a young singer songwriter new to Manhattan, turns into a promising collaboration between the two talents.",English,United States,Nominated for 1 Oscar. 5 wins & 18 nominations total,https://m.media-amazon.com/images/M/MV5BNjAxMTI4MTgzMV5BMl5BanBnXkFtZTgwOTAwODEwMjE@._V1_SX300.jpg,"[{'Source': 'Internet Movie Database', 'Value': '7.4/10'}, {'Source': 'Rotten Tomatoes', 'Value': '83%'}, {'Source': 'Metacritic', 'Value': '62/100'}]",62.0,7.4,"173,113",tt1980929,movie,,"$16,170,632",,,True,,Begin Again
801,How to Get Away with Murder,2014–2020,TV-14,25 Sep 2014,43 min,"Crime, Drama, Mystery",,Peter Nowalk,"Viola Davis, Billy Brown, Jack Falahee",A group of ambitious law students and their brilliant criminal defense professor become involved in a twisted murder plot that promises to change the course of their lives.,"English, Spanish",United States,Won 1 Primetime Emmy. 20 wins & 79 nominations total,https://m.media-amazon.com/images/M/MV5BMzFmY2ZjMGEtYzA3OS00OGZiLTkwMWItZjk2NDQ3MmQxMjQ5XkEyXkFqcGc@._V1_SX300.jpg,"[{'Source': 'Internet Movie Database', 'Value': '8.1/10'}]",,8.1,"174,345",tt3205802,series,,,,,True,6.0,How to Get Away with Murder
802,BoJack Horseman,2014–2020,TV-MA,22 Aug 2014,25 min,"Animation, Comedy, Drama",,Raphael Bob-Waksberg,"Will Arnett, Amy Sedaris, Alison Brie","BoJack Horseman was the star of the hit television show ""Horsin' Around"" in the '80s and '90s, but now he's washed up, living in Hollywood, complaining about everything, and wearing colorful sweaters.",English,United States,Nominated for 3 Primetime Emmys. 35 wins & 43 nominations total,https://m.media-amazon.com/images/M/MV5BZmMwMDlkNTEtMmQzZS00ODQ0LWJlZmItOTgwYWMwZGM4MzFiXkEyXkFqcGc@._V1_SX300.jpg,"[{'Source': 'Internet Movie Database', 'Value': '8.8/10'}]",,8.8,"216,756",tt3398228,series,,,,,True,6.0,BoJack Horseman
803,42,2013,PG-13,12 Apr 2013,128 min,"Biography, Drama, Sport",Brian Helgeland,Brian Helgeland,"Chadwick Boseman, T.R. Knight, Harrison Ford","In 1947, Jackie Robinson becomes the first African-American to play in Major League Baseball in the modern era when he was signed by the Brooklyn Dodgers and faces considerable racism in the process.",English,United States,3 wins & 21 nominations total,https://m.media-amazon.com/images/M/MV5BMTQwMDU4MDI3MV5BMl5BanBnXkFtZTcwMjU1NDgyOQ@@._V1_SX300.jpg,"[{'Source': 'Internet Movie Database', 'Value': '7.5/10'}, {'Source': 'Rotten Tomatoes', 'Value': '80%'}, {'Source': 'Metacritic', 'Value': '62/100'}]",62.0,7.5,"106,903",tt0453562,movie,,"$95,059,709",,,True,,42
804,Olympus Has Fallen,2013,R,22 Mar 2013,119 min,"Action, Thriller",Antoine Fuqua,"Creighton Rothenberger, Katrin Benedikt","Gerard Butler, Aaron Eckhart, Morgan Freeman",Secret Service agent Mike Banning finds himself trapped inside the White House in the wake of a terrorist attack and works with national security to rescue the President from his kidnappers.,"English, Korean",United States,1 win & 5 nominations total,https://m.media-amazon.com/images/M/MV5BNzg3Mjc0YzItZWQyOS00ODY4LTgwZjUtYWRmYzM1MDg1ZDA5XkEyXkFqcGc@._V1_SX300.jpg,"[{'Source': 'Internet Movie Database', 'Value': '6.5/10'}, {'Source': 'Rotten Tomatoes', 'Value': '50%'}, {'Source': 'Metacritic', 'Value': '41/100'}]",41.0,6.5,"302,488",tt2302755,movie,,"$98,925,640",,,True,,Olympus Has Fallen
805,Madam Secretary,2014–2019,TV-PG,21 Sep 2014,5 min,"Drama, Thriller",,Barbara Hall,"Téa Leoni, Tim Daly, Erich Bergen",A political drama which looks into the life of the Secretary of State as she tries to balance work with family.,English,United States,7 wins & 7 nominations total,https://m.media-amazon.com/images/M/MV5BYTVhZDkzNjUtMmQ2ZS00Y2MwLWI2YjEtYjFhOTE2NmRiNTU2XkEyXkFqcGc@._V1_SX300.jpg,"[{'Source': 'Internet Movie Database', 'Value': '7.8/10'}]",,7.8,"28,651",tt3501074,series,,,,,True,6.0,Madam Secretary
806,Dark Skies,2013,PG-13,22 Feb 2013,97 min,"Horror, Sci-Fi, Thriller",Scott Stewart,Scott Stewart,"Keri Russell, Jake Brennan, Josh Hamilton","As the Barrett family's peaceful suburban life is rocked by an escalating series of disturbing events, they come to learn that a terrifying and deadly force is after them, one which may have arrived from beyond the stars.",English,United States,,https://m.media-amazon.com/images/M/MV5BMTcxNDE1OTgyOF5BMl5BanBnXkFtZTcwMTEyMzMxOQ@@._V1_SX300.jpg,"[{'Source': 'Internet Movie Database', 'Value': '6.3/10'}, {'Source': 'Rotten Tomatoes', 'Value': '42%'}, {'Source': 'Metacritic', 'Value': '50/100'}]",50.0,6.3,"82,827",tt2387433,movie,,"$17,418,667",,,True,,Dark Skies
807,Blue Jasmine,2013,PG-13,23 Aug 2013,98 min,"Comedy, Drama, Romance",Woody Allen,Woody Allen,"Cate Blanchett, Alec Baldwin, Peter Sarsgaard","A New York socialite, deeply troubled and in denial, arrives in San Francisco to impose upon her sister. She looks like a million dollars but isn't bringing money, peace or love.",English,United States,Won 1 Oscar. 56 wins & 83 nominations total,https://m.media-amazon.com/images/M/MV5BMTc0ODk5MzEyMV5BMl5BanBnXkFtZTcwMzI0MDY1OQ@@._V1_SX300.jpg,"[{'Source': 'Internet Movie Database', 'Value': '7.3/10'}, {'Source': 'Rotten Tomatoes', 'Value': '90%'}, {'Source': 'Metacritic', 'Value': '78/100'}]",78.0,7.3,"217,414",tt2334873,movie,,"$33,405,481",,,True,,Blue Jasmine
808,Jane the Virgin,2014–2019,TV-PG,13 Oct 2014,4 min,"Comedy, Drama",,Jennie Snyder Urman,"Gina Rodriguez, Andrea Navedo, Yael Grobglas","A young, devout Catholic woman discovers that she was accidentally artificially inseminated.",English,United States,Nominated for 2 Primetime Emmys. 22 wins & 79 nominations total,https://m.media-amazon.com/images/M/MV5BZjNjZWI4OWUtZDY3Yy00NDBhLWE3YjMtNzc2ZTVjMjRkOWFlXkEyXkFqcGc@._V1_SX300.jpg,"[{'Source': 'Internet Movie Database', 'Value': '7.8/10'}]",,7.8,"63,325",tt3566726,series,,,,,True,5.0,Jane the Virgin
809,Henry Danger,2014–2020,TV-G,26 Jul 2014,1 min,"Action, Comedy, Drama",,"Dana Olsen, Dan Schneider, Dana Olsen","Jace Norman, Cooper Barnes, Riele Downs","Looking for a part-time job, 13-year-old Henry Hart lands the post of sidekick of superhero Captain Man, but he must keep this a secret from his family and friends.",English,United States,Nominated for 1 Primetime Emmy. 18 wins & 21 nominations total,https://m.media-amazon.com/images/M/MV5BNzMzMTM3ZWQtMWZhNS00N2RmLWE0YjUtYjA2MjY3NDM5ZWM0XkEyXkFqcGc@._V1_SX300.jpg,"[{'Source': 'Internet Movie Database', 'Value': '6.2/10'}]",,6.2,"9,425",tt3596174,series,,,,,True,5.0,Henry Danger
810,Insidious: Chapter 2,2013,PG-13,13 Sep 2013,106 min,"Horror, Mystery, Thriller",James Wan,"Leigh Whannell, James Wan","Patrick Wilson, Rose Byrne, Barbara Hershey","The Lamberts believe that they have defeated the spirits that have haunted their family, but they soon discover that evil is not beaten so easily.",English,"United Kingdom, Canada, United States",16 nominations total,https://m.media-amazon.com/images/M/MV5BMTg0OTA5ODIxNF5BMl5BanBnXkFtZTcwNTUzNDg4OQ@@._V1_SX300.jpg,"[{'Source': 'Internet Movie Database', 'Value': '6.6/10'}, {'Source': 'Rotten Tomatoes', 'Value': '38%'}, {'Source': 'Metacritic', 'Value': '40/100'}]",40.0,6.6,"198,038",tt2226417,movie,,"$83,586,447",,,True,,Insidious: Chapter 2
811,Creep,2014,R,23 Jun 2015,77 min,"Horror, Thriller",Patrick Brice,"Patrick Brice, Mark Duplass","Mark Duplass, Patrick Brice, Katie Aselton","A young videographer answers an online ad for a one-day job in a remote town to record the last messages of a dying man. When he notices the man's odd behavior, he starts to question his intentions.",English,United States,4 wins & 3 nominations total,https://m.media-amazon.com/images/M/MV5BMTY0NTU2ODM5Ml5BMl5BanBnXkFtZTgwMTAwOTA5NTE@._V1_SX300.jpg,"[{'Source': 'Internet Movie Database', 'Value': '6.3/10'}, {'Source': 'Rotten Tomatoes', 'Value': '91%'}, {'Source': 'Metacritic', 'Value': '74/100'}]",74.0,6.3,"78,415",tt2428170,movie,,,,,True,,Creep
812,Barefoot,2014,PG-13,04 Sep 2014,90 min,"Comedy, Drama, Romance",Andrew Fleming,Stephen Zotnowski,"Evan Rachel Wood, Scott Speedman, J.K. Simmons","The ""black sheep"" son of a wealthy family meets a young psychiatric patient who's been raised in isolation her entire life; he takes this naive young woman home for his brother's wedding.",English,United States,1 nomination total,https://m.media-amazon.com/images/M/MV5BMTg0NzIxOTgxM15BMl5BanBnXkFtZTgwMjA3NjY3MDE@._V1_SX300.jpg,"[{'Source': 'Internet Movie Database', 'Value': '6.5/10'}, {'Source': 'Rotten Tomatoes', 'Value': '19%'}, {'Source': 'Metacritic', 'Value': '22/100'}]",22.0,6.5,"27,631",tt2355495,movie,,"$15,071",,,True,,Barefoot
813,Orange Is the New Black,2013–2019,TV-MA,11 Jul 2013,59 min,"Comedy, Crime, Drama",,Jenji Kohan,"Taylor Schilling, Danielle Brooks, Taryn Manning","Convicted of a decade-old crime of transporting drug money, ordinarily law-abiding Piper Chapman is sentenced to 18 months behind bars and quickly discovers the realities of life-changing prison time.",English,United States,Won 4 Primetime Emmys. 59 wins & 163 nominations total,https://m.media-amazon.com/images/M/MV5BNjRjMTAyYjUtZDk0Mi00OGQ5LWJjNzMtMzBhNDMwMmI5NzVjXkEyXkFqcGc@._V1_SX300.jpg,"[{'Source': 'Internet Movie Database', 'Value': '8.0/10'}]",,8.0,"331,217",tt2372162,series,,,,,True,7.0,Orange Is the New Black
814,The Giver,2014,PG-13,15 Aug 2014,97 min,"Drama, Romance, Sci-Fi",Phillip Noyce,"Michael Mitnick, Robert B. Weide, Lois Lowry","Brenton Thwaites, Jeff Bridges, Meryl Streep","In a seemingly perfect community without war, pain, suffering, differences, or choices, a young boy is chosen to learn from an elderly man, the true pain and pleasure of the real world.",English,"Canada, South Africa, United States",3 wins & 6 nominations total,https://m.media-amazon.com/images/M/MV5BMTY1MTIxMjg2Ml5BMl5BanBnXkFtZTgwMjUyNzgwMjE@._V1_SX300.jpg,"[{'Source': 'Internet Movie Database', 'Value': '6.4/10'}, {'Source': 'Rotten Tomatoes', 'Value': '34%'}, {'Source': 'Metacritic', 'Value': '47/100'}]",47.0,6.4,"129,351",tt0435651,movie,,"$45,090,374",,,True,,The Giver
815,The Thundermans,2013–2018,TV-G,14 Oct 2013,41S min,"Action, Comedy, Crime",,Jed Spingarn,"Kira Kosarin, Jack Griffo, Addison Riecke","These siblings with superpowers might be twins, but they are very different indeed.",English,United States,3 wins & 16 nominations total,https://m.media-amazon.com/images/M/MV5BMzUyNzE2NTgtNzM0Ny00YzBjLWJmZjAtMmMwYmE5YTg1MjEyXkEyXkFqcGc@._V1_SX300.jpg,"[{'Source': 'Internet Movie Database', 'Value': '6.0/10'}]",,6.0,"8,545",tt2712516,series,,,,,True,4.0,The Thundermans
816,Wentworth,2013–2021,TV-MA,01 May 2013,45 min,"Crime, Drama, Thriller",,"Reg Watson, Lara Radulovich","Kate Atkinson, Katrina Milosevic, Robbie Magasiva",The confronting look into the lives of the inmates and prison staff of Wentworth Correctional Centre as they navigate the ups and downs of their lives in the prison system.,English,Australia,19 wins & 75 nominations total,https://m.media-amazon.com/images/M/MV5BZjIxOGFkODctMmIxNS00YzQwLTgxZjMtMzgyYTk5YWYxYTU5XkEyXkFqcGc@._V1_SX300.jpg,"[{'Source': 'Internet Movie Database', 'Value': '8.6/10'}]",,8.6,"25,961",tt2433738,series,,,,,True,9.0,Wentworth
817,Mandela: Long Walk to Freedom,2013,PG-13,25 Dec 2013,141 min,"Biography, Drama, History",Justin Chadwick,"William Nicholson, Nelson Mandela","Idris Elba, Naomie Harris, Terry Pheto",A chronicle of Nelson Mandela's life journey from his childhood in a rural village through to his inauguration as the first democratically elected president of South Africa.,"English, Afrikaans, Xhosa","United Kingdom, France, South Africa",Nominated for 1 Oscar. 13 wins & 36 nominations total,https://m.media-amazon.com/images/M/MV5BMTg1NTQ1NDczNV5BMl5BanBnXkFtZTcwNDQyMDU1OQ@@._V1_SX300.jpg,"[{'Source': 'Internet Movie Database', 'Value': '7.1/10'}, {'Source': 'Rotten Tomatoes', 'Value': '61%'}, {'Source': 'Metacritic', 'Value': '60/100'}]",60.0,7.1,"29,632",tt2304771,movie,,"$8,323,085",,,True,,Mandela: Long Walk to Freedom
818,Z Nation,2014–2018,TV-14,12 Sep 2014,16S min,"Action, Comedy, Drama",,"Craig Engler, Karl Schaefer","Russell Hodgkinson, Nat Zang, Keith Allan","Three years after the zombie virus has gutted the United States of America a team of everyday heroes must transport the only known survivor of the plague from New York to California, where the last functioning viral lab waits for ...",English,United States,,https://m.media-amazon.com/images/M/MV5BYTc2YTJiZDItN2I4OS00M2MwLTlhZGYtNTM2ZjBjMDlkZjJlXkEyXkFqcGc@._V1_SX300.jpg,"[{'Source': 'Internet Movie Database', 'Value': '6.7/10'}]",,6.7,"41,051",tt3843168,series,,,,,True,5.0,Z Nation
819,The Green Inferno,2013,R,25 Sep 2015,100 min,"Adventure, Horror",Eli Roth,"Eli Roth, Guillermo Amoedo","Lorenza Izzo, Ariel Levy, Aaron Burns","A group of student activists travels to the Amazon to save the rain forest and soon discover that they are not alone, and that no good deed goes unpunished.","Spanish, Quechua, English","Chile, United States",1 win & 6 nominations total,https://m.media-amazon.com/images/M/MV5BMTcxZGNkMDEtNmIxMy00NDdiLWFmZDYtOWZhNjRhY2QxZTA5XkEyXkFqcGc@._V1_SX300.jpg,"[{'Source': 'Internet Movie Database', 'Value': '5.4/10'}, {'Source': 'Rotten Tomatoes', 'Value': '39%'}, {'Source': 'Metacritic', 'Value': '38/100'}]",38.0,5.4,"53,010",tt2403021,movie,,"$7,192,291",,,True,,The Green Inferno
820,Empire State,2013,R,30 Aug 2013,94 min,"Crime, Thriller",Dito Montiel,Adam Mazer,"Liam Hemsworth, Michael Angarano, Dwayne Johnson","Two childhood friends plan to rob an armored-car depository, but an NYPD officer stands in their way.","English, Greek",United States,1 nomination total,https://m.media-amazon.com/images/M/MV5BYmM0Yzk2NGQtZTQ3NC00MjgxLWFhODAtZTYyZjc3N2EzNTBmXkEyXkFqcGc@._V1_SX300.jpg,"[{'Source': 'Internet Movie Database', 'Value': '5.2/10'}]",,5.2,"23,478",tt2171867,movie,,,,,True,,Empire State
821,Penguins of Madagascar,2014,PG,26 Nov 2014,92 min,"Animation, Action, Adventure","Eric Darnell, Simon J. Smith","Michael Colton, John Aboud, Brandon Sawyer","Tom McGrath, Chris Miller, Christopher Knights","Skipper, Kowalski, Rico and Private join forces with undercover organization The North Wind to stop the villainous Dr. Octavius Brine from destroying the world as we know it.","English, Italian, Mandarin, Spanish, Armenian","United States, India, Japan, Finland, Australia",8 nominations total,https://m.media-amazon.com/images/M/MV5BMTEyMDg4MDU4MjdeQTJeQWpwZ15BbWU4MDQyOTc3MjIx._V1_SX300.jpg,"[{'Source': 'Internet Movie Database', 'Value': '6.6/10'}, {'Source': 'Rotten Tomatoes', 'Value': '74%'}, {'Source': 'Metacritic', 'Value': '53/100'}]",53.0,6.6,"111,447",tt1911658,movie,,"$83,850,911",,,True,,Penguins of Madagascar
822,Marco Polo,2014–2016,TV-MA,12 Dec 2014,2 min,"Action, Adventure, Drama",,John Fusco,"Lorenzo Richelmy, Benedict Wong, Joan Chen","In a world replete with greed, betrayal, sexual intrigue and rivalry, ""Marco Polo"" is based on the famed explorer's adventures in Kublai Khan's court in 13th century Mongolia.","English, Cantonese, Mandarin, Mongolian, Persian, Italian, Uighur, Arabic",United States,Nominated for 1 Primetime Emmy. 3 wins & 6 nominations total,https://m.media-amazon.com/images/M/MV5BMTcwMDU5NzMzOV5BMl5BanBnXkFtZTgwNzk5NTE0MzE@._V1_SX300.jpg,"[{'Source': 'Internet Movie Database', 'Value': '7.9/10'}]",,7.9,"82,381",tt2189461,series,,,,,True,2.0,Marco Polo
823,A Walk Among the Tombstones,2014,R,19 Sep 2014,114 min,"Action, Crime, Drama",Scott Frank,"Lawrence Block, Scott Frank","Liam Neeson, Dan Stevens, David Harbour",Private investigator Matthew Scudder is hired by a drug kingpin to find out who kidnapped and murdered his wife.,"English, Spanish, Urdu, Russian",United States,1 nomination total,https://m.media-amazon.com/images/M/MV5BMTQ3NzY2MTg1M15BMl5BanBnXkFtZTgwODY2Njk4MTE@._V1_SX300.jpg,"[{'Source': 'Internet Movie Database', 'Value': '6.5/10'}, {'Source': 'Rotten Tomatoes', 'Value': '68%'}, {'Source': 'Metacritic', 'Value': '57/100'}]",57.0,6.5,"129,214",tt0365907,movie,,"$26,307,600",,,True,,A Walk Among the Tombstones
824,The Call,2013,R,15 Mar 2013,94 min,"Drama, Horror, Thriller",Brad Anderson,"Richard D'Ovidio, Nicole D'Ovidio, Jon Bokenkamp","Halle Berry, Evie Thompson, Abigail Breslin","When a veteran 911 operator takes a life-altering call from a teenage girl who has just been abducted, she realizes that she must confront a killer from her past in order to save the girl's life.",English,United States,1 win & 11 nominations total,https://m.media-amazon.com/images/M/MV5BMjExNDkzNjAwOV5BMl5BanBnXkFtZTcwMDMzMzQwOQ@@._V1_SX300.jpg,"[{'Source': 'Internet Movie Database', 'Value': '6.7/10'}, {'Source': 'Rotten Tomatoes', 'Value': '44%'}, {'Source': 'Metacritic', 'Value': '51/100'}]",51.0,6.7,"132,159",tt1911644,movie,,"$51,872,378",,,True,,The Call
825,From Dusk Till Dawn: The Series,2014–2016,TV-MA,11 Mar 2014,2 min,"Action, Crime, Fantasy",,Robert Rodriguez,"D.J. Cotrona, Zane Holtz, Jesse Garcia",A Texas Ranger is in hot pursuit of the infamous Gecko brothers and their hostages. They all end up trapped in a desert bar secretly run by vampires and discover a vampire conspiracy.,English,United States,7 nominations,https://m.media-amazon.com/images/M/MV5BMTQ5MTQxNDYxMV5BMl5BanBnXkFtZTgwNzk0MjkxNjE@._V1_SX300.jpg,"[{'Source': 'Internet Movie Database', 'Value': '6.8/10'}]",,6.8,"21,737",tt3337194,series,,,,,True,3.0,From Dusk Till Dawn: The Series
826,Sofia the First,2012–2018,TV-Y,18 Nov 2012,22 min,"Animation, Adventure, Comedy",,Craig Gerber,"Ariel Winter, LC Powell, Darcy Rose Byrnes",Sofia is a little girl with a commoner's background until her mom marries the king and suddenly she is royalty.,English,"United States, South Korea",Nominated for 2 Primetime Emmys. 12 wins & 24 nominations total,https://m.media-amazon.com/images/M/MV5BMjQ2NjI5MDk0Nl5BMl5BanBnXkFtZTgwOTk5MjE0MDE@._V1_SX300.jpg,"[{'Source': 'Internet Movie Database', 'Value': '6.9/10'}]",,6.9,"4,576",tt2136138,series,,,,,True,4.0,Sofia the First
827,Philomena,2013,PG-13,27 Nov 2013,98 min,"Biography, Comedy, Drama",Stephen Frears,"Steve Coogan, Jeff Pope, Martin Sixsmith","Judi Dench, Steve Coogan, Sophie Kennedy Clark","A world-weary political journalist picks up the story of a woman's search for her son, who was taken away from her decades ago after she became pregnant and was forced to live in a convent.",English,"United Kingdom, France, United States",Nominated for 4 Oscars. 33 wins & 86 nominations total,https://m.media-amazon.com/images/M/MV5BMjA5ODgyNzcxMV5BMl5BanBnXkFtZTgwMzkzOTYzMDE@._V1_SX300.jpg,"[{'Source': 'Internet Movie Database', 'Value': '7.6/10'}, {'Source': 'Rotten Tomatoes', 'Value': '91%'}, {'Source': 'Metacritic', 'Value': '77/100'}]",77.0,7.6,"105,621",tt2431286,movie,,"$37,709,979",,,True,,Philomena
828,Redemption,2013,R,28 Jun 2013,100 min,"Action, Crime, Drama",Steven Knight,Steven Knight,"Jason Statham, Agata Buzek, Vicky McClure",A damaged ex-special forces soldier navigating London's criminal underworld seizes an opportunity to assume another man's identity.,"English, Polish, Cantonese, Italian","United States, United Kingdom",,https://m.media-amazon.com/images/M/MV5BM2FlNzI3ODctMGM1NC00NzJlLWJkNmYtNWQ3OGEwZDI5ZDFmXkEyXkFqcGc@._V1_SX300.jpg,"[{'Source': 'Internet Movie Database', 'Value': '6.2/10'}, {'Source': 'Rotten Tomatoes', 'Value': '50%'}, {'Source': 'Metacritic', 'Value': '43/100'}]",43.0,6.2,"80,457",tt1893256,movie,,"$36,895",,,True,,Redemption
829,Seventh Son,2014,PG-13,06 Feb 2015,102 min,"Action, Adventure, Fantasy",Sergei Bodrov,"Charles Leavitt, Steven Knight, Matt Greenberg","Ben Barnes, Julianne Moore, Jeff Bridges","When Mother Malkin, the queen of evil witches, escapes the pit she was imprisoned in by professional monster hunter Spook decades ago and kills his apprentice, he recruits young Tom, the seventh son of the seventh son, to help him.",English,"United Kingdom, China, Canada, United States",2 wins & 1 nomination total,https://m.media-amazon.com/images/M/MV5BMjAxNTg2MDkyN15BMl5BanBnXkFtZTgwNzA3NzY1MjE@._V1_SX300.jpg,"[{'Source': 'Internet Movie Database', 'Value': '5.5/10'}, {'Source': 'Rotten Tomatoes', 'Value': '12%'}, {'Source': 'Metacritic', 'Value': '30/100'}]",30.0,5.5,"82,521",tt1121096,movie,,"$17,223,265",,,True,,Seventh Son
830,The Seven Deadly Sins,2014–2021,TV-14,01 Nov 2015,1 min,"Animation, Action, Adventure",,,"Bryce Papenbrook, Erika Harlacher, Max Mittelman","The story of the Seven Deadly Sins, a group of warriors who were wrongly accused of a crime they didn't commit and went on a quest to vindicate themselves.",Japanese,Japan,4 nominations total,https://m.media-amazon.com/images/M/MV5BODgxZGI4NjQtODViMy00Y2JmLWI1MTktNWExMjlmMmZhMzE3XkEyXkFqcGc@._V1_SX300.jpg,"[{'Source': 'Internet Movie Database', 'Value': '7.7/10'}]",,7.7,"43,263",tt3909224,series,,,,,True,5.0,The Seven Deadly Sins
831,The Butler,2013,PG-13,16 Aug 2013,132 min,"Biography, Drama",Lee Daniels,"Danny Strong, Wil Haygood","Forest Whitaker, Oprah Winfrey, John Cusack","As Cecil Gaines serves eight presidents during his tenure as a butler at the White House, the civil rights movement, Vietnam, and other major events affect this man's life, family, and American society.",English,United States,Nominated for 2 BAFTA 16 wins & 55 nominations total,https://m.media-amazon.com/images/M/MV5BMjM2NDY3MjkyMF5BMl5BanBnXkFtZTcwMDM5Nzg5OQ@@._V1_SX300.jpg,"[{'Source': 'Internet Movie Database', 'Value': '7.2/10'}, {'Source': 'Rotten Tomatoes', 'Value': '72%'}, {'Source': 'Metacritic', 'Value': '65/100'}]",65.0,7.2,"122,263",tt1327773,movie,,"$116,632,095",,,True,,The Butler
832,Sam & Cat,2013–2014,TV-G,08 Jun 2013,30 min,"Comedy, Drama, Family",,Dan Schneider,"Jennette McCurdy, Ariana Grande, Cameron Ocasio",A pair of roommates start a baby-sitting service to earn extra cash.,English,United States,Nominated for 1 Primetime Emmy. 4 wins & 7 nominations total,https://m.media-amazon.com/images/M/MV5BYTRiNTFmMWItOWI3Ni00YWYwLThhZjAtYWI3MTU5N2E3Y2EzXkEyXkFqcGc@._V1_SX300.jpg,"[{'Source': 'Internet Movie Database', 'Value': '5.7/10'}]",,5.7,"13,021",tt2487090,series,,,,,True,1.0,Sam & Cat
833,Cloudy with a Chance of Meatballs 2,2013,PG,27 Sep 2013,95 min,"Animation, Adventure, Comedy","Cody Cameron, Kris Pearn","Erica Rivinoja, John Francis Daley, Jonathan Goldstein","Bill Hader, Anna Faris, Will Forte","Flint Lockwood now works at The Live Corp Company for his idol Chester V. But he's forced to leave his post when he learns that his most infamous machine is still operational, and is churning out menacing food-animal hybrids.","English, Chinese","United States, Canada",Nominated for 1 BAFTA Award16 nominations total,https://m.media-amazon.com/images/M/MV5BMTYzNDM0MDI1NF5BMl5BanBnXkFtZTcwNzQ5NzYxOQ@@._V1_SX300.jpg,"[{'Source': 'Internet Movie Database', 'Value': '6.3/10'}, {'Source': 'Rotten Tomatoes', 'Value': '71%'}, {'Source': 'Metacritic', 'Value': '59/100'}]",59.0,6.3,"122,321",tt1985966,movie,,"$119,793,567",,,True,,Cloudy with a Chance of Meatballs 2
834,Metallica Through the Never,2013,R,04 Oct 2013,93 min,Music,Nimród Antal,"Nimród Antal, James Hetfield, Lars Ulrich","Dane DeHaan, James Hetfield, Lars Ulrich","Trip, a young roadie for Metallica, is sent on an urgent mission during the band's show. But what seems like a simple assignment turns into a surreal adventure.",English,United States,1 win & 3 nominations total,https://m.media-amazon.com/images/M/MV5BMjQwNjk5MTk4Ml5BMl5BanBnXkFtZTcwNTgwNDA5OQ@@._V1_SX300.jpg,"[{'Source': 'Internet Movie Database', 'Value': '7.1/10'}, {'Source': 'Rotten Tomatoes', 'Value': '82%'}, {'Source': 'Metacritic', 'Value': '61/100'}]",61.0,7.1,"18,585",tt2172935,movie,,"$3,419,967",,,True,,Metallica Through the Never
835,Derek,2012–2014,TV-MA,12 Sep 2013,23 min,"Comedy, Drama",,Ricky Gervais,"Ricky Gervais, Kerry Godliman, David Earl",Derek is a loyal nursing home care assistant who sees only the good in his quirky co-workers as they struggle against prejudice and shrinking budgets to care for their elderly residents.,English,United Kingdom,Nominated for 2 Primetime Emmys. 4 nominations total,https://m.media-amazon.com/images/M/MV5BMzZlYmY1NWEtMWRhNy00Y2QyLWI5YjMtYjkzOGY0ZTM3ZTk0XkEyXkFqcGc@._V1_SX300.jpg,"[{'Source': 'Internet Movie Database', 'Value': '8.1/10'}]",,8.1,"36,450",tt2616280,series,,,,,True,2.0,Derek
836,Young & Hungry,2014–2018,TV-14,25 Jun 2014,,"Comedy, Drama, Romance",,David Holden,"Emily Osment, Jonathan Sadowski, Aimee Carrero",A well-off young tech entrepreneur hires a feisty young food blogger to be his personal chef.,English,United States,10 nominations total,https://m.media-amazon.com/images/M/MV5BOTM0NDg3NTQ3M15BMl5BanBnXkFtZTgwMDIyNjMxMjE@._V1_SX300.jpg,"[{'Source': 'Internet Movie Database', 'Value': '7.3/10'}]",,7.3,"17,313",tt2084712,series,,,,,True,5.0,Young & Hungry
837,Mr. Peabody & Sherman,2014,PG,07 Mar 2014,92 min,"Animation, Adventure, Comedy",Rob Minkoff,"Jay Ward, Craig Wright, Robert Ben Garant","Ty Burrell, Max Charles, Stephen Colbert","Sherman, a young boy, misuses a time machine made by his scientist father Mr. Peabody and causes the world history to go haywire. It is now up to Mr. Peabody to rescue his son and the world.",English,"United States, India",Nominated for 1 BAFTA Award2 wins & 16 nominations total,https://m.media-amazon.com/images/M/MV5BZWMyODZlZTktNWE0Ny00YzUzLWFkOTQtZjFjYjA5ZWMyZmU0XkEyXkFqcGc@._V1_SX300.jpg,"[{'Source': 'Internet Movie Database', 'Value': '6.7/10'}, {'Source': 'Rotten Tomatoes', 'Value': '81%'}, {'Source': 'Metacritic', 'Value': '59/100'}]",59.0,6.7,"82,144",tt0864835,movie,,"$111,506,430",,,True,,Mr. Peabody & Sherman
838,Sailor Moon Crystal,2014–2021,TV-14,20 Nov 2015,24 min,"Animation, Action, Adventure",,,"Kotono Mitsuishi, Ryô Hirohashi, Kenji Nojima",Usagi Tsukino is chosen to be a guardian of justice and is sent on a quest to locate a Silver Crystal before the Dark Kingdom invades the Earth.,"English, Japanese",Japan,3 nominations total,https://m.media-amazon.com/images/M/MV5BZDQwMjkyOTMtZjdhMS00NGM0LTkxNTEtMzQ2NjBlMjNhM2FhXkEyXkFqcGc@._V1_SX300.jpg,"[{'Source': 'Internet Movie Database', 'Value': '7.8/10'}]",,7.8,"2,769",tt3124992,series,,,,,True,4.0,Sailor Moon Crystal
839,The Frozen Ground,2013,R,19 Jul 2013,105 min,"Biography, Crime, Drama",Scott Walker,Scott Walker,"Nicolas Cage, Vanessa Hudgens, John Cusack",An Alaska State Trooper partners with a young woman who escaped the clutches of serial killer Robert Hansen to bring the murderer to justice. Based on actual events.,"English, French","United States, United Kingdom, Germany",1 nomination total,https://m.media-amazon.com/images/M/MV5BYjBhMDdiNzEtNTdjMS00ZTBkLWI2NWQtMzk0YjFiODRlYTgxXkEyXkFqcGc@._V1_SX300.jpg,"[{'Source': 'Internet Movie Database', 'Value': '6.4/10'}, {'Source': 'Rotten Tomatoes', 'Value': '61%'}, {'Source': 'Metacritic', 'Value': '37/100'}]",37.0,6.4,"71,320",tt2005374,movie,,,,,True,,The Frozen Ground
840,Lovesick,2014–2018,TV-MA,15 Apr 2015,1 min,Comedy,,Tom Edge,"Johnny Flynn, Antonia Thomas, Daniel Ings","After finding out he has an STD, Dylan must get back in touch with every girl he has ever had sex with to let them know the bad news.",English,United Kingdom,2 nominations total,https://m.media-amazon.com/images/M/MV5BMGNjNGVkOGUtNjk0YS00YjU4LWFmOTktMjZlODFjZWE3ZjVlXkEyXkFqcGc@._V1_SX300.jpg,"[{'Source': 'Internet Movie Database', 'Value': '8.0/10'}]",,8.0,"23,460",tt4051832,series,,,,,True,3.0,Lovesick
841,Shrek the Musical,2013,Not Rated,17 Sep 2013,130 min,"Comedy, Family, Fantasy",Michael John Warren,"David Lindsay-Abaire, William Steig, Ted Elliott","Brian d'Arcy James, Sutton Foster, Christopher Sieber",Make room for ogre-sized family fun as the greatest fairy tale never told comes to life in a whole new way in this breathtaking Broadway musical adaptation of the hit movie Shrek!,English,United States,,https://m.media-amazon.com/images/M/MV5BY2Y5YTllMWMtMDc5MC00ZDQ4LTllY2UtNWY4ZThmNTVlOTAyXkEyXkFqcGc@._V1_SX300.jpg,"[{'Source': 'Internet Movie Database', 'Value': '6.9/10'}]",,6.9,"4,623",tt3070936,movie,,,,,True,,Shrek the Musical
842,The Railway Man,2013,R,23 May 2014,116 min,"Biography, Drama, Romance",Jonathan Teplitzky,"Frank Cottrell Boyce, Andy Paterson, Eric Lomax","Colin Firth, Nicole Kidman, Stellan Skarsgård","A former British Army officer, who was tortured as a prisoner of war at a Japanese labor camp during World War II, discovers that the man responsible for much of his treatment is still alive and sets out to confront him.","English, Japanese","Switzerland, United Kingdom, Australia, Thailand",7 wins & 20 nominations total,https://m.media-amazon.com/images/M/MV5BMTQzNDU1NjE0NF5BMl5BanBnXkFtZTgwODA3NDczMDE@._V1_SX300.jpg,"[{'Source': 'Internet Movie Database', 'Value': '7.1/10'}, {'Source': 'Rotten Tomatoes', 'Value': '67%'}, {'Source': 'Metacritic', 'Value': '59/100'}]",59.0,7.1,"43,350",tt2058107,movie,,"$4,438,438",,,True,,The Railway Man
843,Velvet,2013–2016,TV-14,01 Dec 2014,43 min,"Drama, Romance",,,"Paula Echevarría, Miguel Ángel Silvestre, Aitana Sánchez-Gijón","A feel-good, compelling Spanish story of a fashion house in Madrid in the late 50's, which is scene to money, fashion, drama, entanglements, love, jealousies, plots, counter-plots involving its owners, customers and residential em...",Spanish,Spain,6 wins & 18 nominations total,https://m.media-amazon.com/images/M/MV5BZjZkZjg5YzItNWUyZC00YmM5LTgzNWQtNjIzYThhNDI4NDA3XkEyXkFqcGc@._V1_SX300.jpg,"[{'Source': 'Internet Movie Database', 'Value': '8.0/10'}]",,8.0,"7,369",tt2955402,series,,,,,True,4.0,Velvet
844,Tiny House Nation,2014–2019,TV-PG,09 Jul 2014,43 min,Reality-TV,,,"John Weisbarth, Zack Giffin, Conrad Foxx",John Weisbarth and Zack Giffin tour the United States to show the most surprising tiny houses.,English,United States,,https://m.media-amazon.com/images/M/MV5BNTAzNTYzNDI0N15BMl5BanBnXkFtZTgwMDczNDgwNzM@._V1_SX300.jpg,"[{'Source': 'Internet Movie Database', 'Value': '7.1/10'}]",,7.1,"1,344",tt3869500,series,,,,,True,5.0,Tiny House Nation
845,Get on Up,2014,PG-13,01 Aug 2014,139 min,"Biography, Drama, Music",Tate Taylor,"Jez Butterworth, John-Henry Butterworth, Steven Baigelman","Chadwick Boseman, Nelsan Ellis, Dan Aykroyd",A chronicle of James Brown's rise from extreme poverty to become one of the most influential musicians in history.,English,"United Kingdom, United States",4 wins & 19 nominations total,https://m.media-amazon.com/images/M/MV5BMTY1NjAyMTUzMl5BMl5BanBnXkFtZTgwMTM4NzQ4MTE@._V1_SX300.jpg,"[{'Source': 'Internet Movie Database', 'Value': '6.9/10'}, {'Source': 'Rotten Tomatoes', 'Value': '80%'}, {'Source': 'Metacritic', 'Value': '71/100'}]",71.0,6.9,"26,557",tt2473602,movie,,"$30,703,100",,,True,,Get on Up
846,Angry Birds Toons,2013–2018,TV-Y,17 Mar 2013,3 min,"Animation, Short, Action",,"Lauri Konttori, Mikael Hed, Mikko Pöllä","Antti Pääkkönen, Antti Pääkkönen, Heljä Heikkinen","Red, Chuck, Bomb, Matilda, Terence, and The Blues need to keep the eggs safe from the pigs that will snatch them at any cost.",,"Finland, United States, Canada, United Kingdom, Australia, France, Denmark, Philippines",,https://m.media-amazon.com/images/M/MV5BZmY3YTU3YTgtMDY1OC00ZTlhLWE0MjUtNDYwZmE0NjJiNjFiXkEyXkFqcGc@._V1_SX300.jpg,"[{'Source': 'Internet Movie Database', 'Value': '6.3/10'}]",,6.3,"1,116",tt3012598,series,,,,,True,4.0,Angry Birds Toons
847,Shtisel,2013–2021,TV-14,15 Dec 2018,45 min,Drama,,"Ori Elon, Yehonatan Indursky","Doval'e Glickman, Michael Aloni, Neta Riskin","A Haredi family living in an ultra-Orthodox neighborhood of Jerusalem reckons with love, loss and the doldrums of daily life.","Hebrew, Yiddish",Israel,8 wins & 6 nominations total,https://m.media-amazon.com/images/M/MV5BZmJlMGUzMTUtODM3Ni00MjhhLWE0NGYtMDNjNzBjYWY2MjFmXkEyXkFqcGc@._V1_SX300.jpg,"[{'Source': 'Internet Movie Database', 'Value': '8.6/10'}]",,8.6,"8,517",tt3069894,series,,,,,True,3.0,Shtisel
848,Hemlock Grove,2013–2015,TV-MA,19 Apr 2013,19S min,"Drama, Fantasy, Horror",,"Brian McGreevy, Lee Shipman","Famke Janssen, Bill Skarsgård, Landon Liboiron","A teenage girl is brutally murdered in the small Pennsylvania town of Hemlock Grove, where secrets lie and the darkest evils hide in plain sight.",English,United States,Nominated for 2 Primetime Emmys. 5 nominations total,https://m.media-amazon.com/images/M/MV5BMjc3NjgwZDktZGNlZS00YzA5LWEyMTctYjVhMGU3Yjg1N2ZiXkEyXkFqcGc@._V1_SX300.jpg,"[{'Source': 'Internet Movie Database', 'Value': '7.0/10'}]",,7.0,"43,314",tt2309295,series,,,,,True,3.0,Hemlock Grove
849,Rabbids Invasion,2013–2019,TV-Y7,03 Aug 2013,,"Animation, Comedy, Family",,,"Damien Laquet, David Gasman, Barbara Scaff","The Rabbids from Ubisoft's ""Raving Rabbids"" video game series star in their own television series.","French, English","France, United States",1 nomination total,https://m.media-amazon.com/images/M/MV5BNDMyYzg5NTEtNzYxOS00NGRiLWJhNjUtMmU5ZTI0ZDA3YTBkXkEyXkFqcGc@._V1_SX300.jpg,"[{'Source': 'Internet Movie Database', 'Value': '5.4/10'}]",,5.4,"2,331",tt3105674,series,,,,,True,5.0,Rabbids Invasion
850,Who Am I,2014,Not Rated,25 Sep 2014,102 min,"Crime, Drama, Mystery",Baran bo Odar,"Jantje Friese, Baran bo Odar","Tom Schilling, Elyas M'Barek, Wotan Wilke Möhring","Benjamin, a computer genius, is invited to join FRI3NDS, a fame-seeking hacker group. However, when his associates are murdered by Russian gangsters, he is interrogated by Europol.","German, English",Germany,6 wins & 6 nominations total,https://m.media-amazon.com/images/M/MV5BZDFmNDY0NWUtMzZhYS00ZDk4LTg0MWItMTg5MDliZWExNmI4XkEyXkFqcGc@._V1_SX300.jpg,"[{'Source': 'Internet Movie Database', 'Value': '7.4/10'}]",,7.4,"64,148",tt3042408,movie,,,,,True,,Who Am I
851,Zach Stone Is Gonna Be Famous,2013,TV-14,02 May 2013,21 min,Comedy,,"Bo Burnham, Dan Lagana","Bo Burnham, Tom Wilson, Kari Coleman","After recently graduating high school, young Zach Stone opts out of a college to pursue the New American Dream: becoming famous with no talent whatsoever.",English,United States,,https://m.media-amazon.com/images/M/MV5BYzllOTk5MjYtZmIzOC00ZGUzLWFjMDYtZWY4MmZjOWQzN2QzXkEyXkFqcGc@._V1_SX300.jpg,"[{'Source': 'Internet Movie Database', 'Value': '8.3/10'}]",,8.3,"4,426",tt1748277,series,,,,,True,1.0,Zach Stone Is Gonna Be Famous
852,The Irregular at Magic High School,2014–,TV-14,11 Apr 2014,22 min,"Animation, Action, Drama",,,"Yûichi Nakamura, Saori Hayami, Yumi Uchiyama",Siblings Miyuki and Tatsuya Shiba are turning the National Magic University Affiliated First High School campus upside down.,"English, Japanese",Japan,4 nominations total,https://m.media-amazon.com/images/M/MV5BYjBmOWY1ZjQtMTkwMi00MWE4LWE3MmMtOTdmNzA5OTQ5MjFkXkEyXkFqcGc@._V1_SX300.jpg,"[{'Source': 'Internet Movie Database', 'Value': '7.0/10'}]",,7.0,"4,623",tt3874528,series,,,,,True,3.0,The Irregular at Magic High School
853,Resurrection: Ertugrul,2014–2019,TV-14,15 Apr 2017,120 min,"Action, Adventure, Drama",,Mehmet Bozdag,"Engin Altan Düzyatan, Hülya Darcan, Cengiz Coskun","The heroic story of Ertugrul Ghazi, the father of Osman (Uthman) who founded the Ottoman Empire.",Turkish,Turkey,14 wins & 33 nominations total,https://m.media-amazon.com/images/M/MV5BOGI3NzE1ZWMtMDNlNS00MGFkLTk1OGQtNDFhNTEzNjU3MTRiXkEyXkFqcGc@._V1_SX300.jpg,"[{'Source': 'Internet Movie Database', 'Value': '7.9/10'}]",,7.9,"41,633",tt4320258,series,,,,,True,5.0,Resurrection: Ertugrul
854,The Battered Bastards of Baseball,2014,,11 Jul 2014,80 min,"Documentary, Sport","Chapman Way, Maclain Way",,"Lou Russell, Kurt Russell, Ken Wheeler","In 1973, Hollywood actor Bing Russell starts an independent minor league baseball team in Portland consisting of outcasts and misfits, and turns them into unlikely overnight success.",English,United States,,https://m.media-amazon.com/images/M/MV5BM2ZkODY5ZjUtMDA0OS00NTdjLWI0ODUtYjAyY2Q1MzI3N2E1XkEyXkFqcGc@._V1_SX300.jpg,"[{'Source': 'Internet Movie Database', 'Value': '8.0/10'}, {'Source': 'Rotten Tomatoes', 'Value': '100%'}, {'Source': 'Metacritic', 'Value': '75/100'}]",75.0,8.0,"4,679",tt3445270,movie,,,,,True,,The Battered Bastards of Baseball
855,The Next Step,2013–,TV-G,08 Mar 2013,30 min,"Drama, Family, Music",,Frank van Keeken,"Victoria Baldesarra, Briar Nolet, Isaac Lupien","As the A-Troupe dancers prepare for the regional dance competition, relationships and loyalties are put to the test at the Next Step studio.",English,Canada,Won 1 BAFTA Award7 wins & 20 nominations total,https://m.media-amazon.com/images/M/MV5BOTQxNDkxNjgxOF5BMl5BanBnXkFtZTgwOTAyMjMwNTE@._V1_SX300.jpg,"[{'Source': 'Internet Movie Database', 'Value': '6.3/10'}]",,6.3,"2,444",tt2374744,series,,,,,True,9.0,The Next Step
856,Walk of Shame,2014,R,01 May 2014,95 min,Comedy,Steven Brill,Steven Brill,"Elizabeth Banks, James Marsden, Gillian Jacobs","A reporter's dream of becoming a news anchor is compromised after a one-night stand leaves her stranded in downtown L.A. without a phone, car, ID or money - and only 8 hours to make it to the most important job interview of her life.","English, Hebrew",United States,,https://m.media-amazon.com/images/M/MV5BODg2Mzk0NzU2M15BMl5BanBnXkFtZTgwMjAyNjYxMTE@._V1_SX300.jpg,"[{'Source': 'Internet Movie Database', 'Value': '6.0/10'}, {'Source': 'Rotten Tomatoes', 'Value': '15%'}, {'Source': 'Metacritic', 'Value': '25/100'}]",25.0,6.0,"58,157",tt2463288,movie,,"$59,209",,,True,,Walk of Shame
857,Cowspiracy: The Sustainability Secret,2014,Not Rated,15 Sep 2015,90 min,Documentary,"Kip Andersen, Keegan Kuhn","Kip Andersen, Keegan Kuhn","Bruce Hamilton, Kip Andersen, Al Gore","Follow the shocking, yet humorous, journey of an aspiring environmentalist, as he daringly seeks to find the real solution to the most pressing environmental issues and true path to sustainability.",English,United States,,https://m.media-amazon.com/images/M/MV5BMTU5NzAyMzk1MF5BMl5BanBnXkFtZTgwODE3NjQyNTE@._V1_SX300.jpg,"[{'Source': 'Internet Movie Database', 'Value': '8.1/10'}]",,8.1,"26,874",tt3302820,movie,,,,,True,,Cowspiracy: The Sustainability Secret
858,The Smurfs 2,2013,PG,31 Jul 2013,105 min,"Animation, Adventure, Comedy",Raja Gosnell,"J. David Stem, David N. Weiss, Jay Scherick","Neil Patrick Harris, Jayma Mays, Katy Perry","The Smurfs team up with their human friends to rescue Smurfette, who has been abducted by Gargamel, since she knows a secret spell that can turn the evil sorcerer's newest creation, creatures called ""The Naughties"", into real Smurfs.","English, French","United States, France, Canada, Belgium",8 nominations total,https://m.media-amazon.com/images/M/MV5BMzNiZDYyNjctOGNiZi00Y2ZjLWJkZmUtMjM1Mjc3ZmQzN2QwXkEyXkFqcGc@._V1_SX300.jpg,"[{'Source': 'Internet Movie Database', 'Value': '5.3/10'}, {'Source': 'Rotten Tomatoes', 'Value': '14%'}, {'Source': 'Metacritic', 'Value': '34/100'}]",34.0,5.3,"49,201",tt2017020,movie,,"$71,017,784",,,True,,The Smurfs 2
859,"I, Frankenstein",2014,PG-13,24 Jan 2014,92 min,"Action, Fantasy, Sci-Fi",Stuart Beattie,"Stuart Beattie, Kevin Grevioux, Mary Shelley","Aaron Eckhart, Bill Nighy, Miranda Otto","Frankenstein's creature finds himself caught in an all-out, centuries-old war between two immortal clans.",English,"United States, Australia",1 nomination total,https://m.media-amazon.com/images/M/MV5BMjM3Mzk2MDU3N15BMl5BanBnXkFtZTgwMzg1NTI4MDE@._V1_SX300.jpg,"[{'Source': 'Internet Movie Database', 'Value': '5.1/10'}, {'Source': 'Rotten Tomatoes', 'Value': '5%'}, {'Source': 'Metacritic', 'Value': '30/100'}]",30.0,5.1,"85,198",tt1418377,movie,,"$19,075,290",,,True,,"I, Frankenstein"
860,"Nicky, Ricky, Dicky & Dawn",2014–2018,TV-G,13 Sep 2014,30 min,"Comedy, Family",,"Michael Feldman, Matt Fleckenstein","Lizzy Greene, Casey Simpson, Aidan Gallagher","11-year-old Nicky, Ricky, Dicky, and Dawn Harper's sibling rivalry are heightened by the fact that they are quadruplets.",English,United States,Won 1 Primetime Emmy. 2 wins & 20 nominations total,https://m.media-amazon.com/images/M/MV5BMTMyZjhjNTQtZTVmMS00MDZmLWI4NzItMzExZDVlYTBjNTE2XkEyXkFqcGc@._V1_SX300.jpg,"[{'Source': 'Internet Movie Database', 'Value': '5.5/10'}]",,5.5,"3,722",tt3596176,series,,,,,True,4.0,"Nicky, Ricky, Dicky & Dawn"
861,The November Man,2014,R,27 Aug 2014,108 min,"Action, Adventure, Crime",Roger Donaldson,"Michael Finch, Karl Gajdusek, Bill Granger","Pierce Brosnan, Luke Bracey, Olga Kurylenko",An ex-C.I.A. operative is brought back in on a very personal mission and finds himself pitted against his former pupil in a deadly game involving high-level C.I.A. officials and the Russian President-elect.,"English, Russian","United States, Serbia",,https://m.media-amazon.com/images/M/MV5BNTkzMDk5NjUxNV5BMl5BanBnXkFtZTgwMzMwOTMyMjE@._V1_SX300.jpg,"[{'Source': 'Internet Movie Database', 'Value': '6.3/10'}, {'Source': 'Rotten Tomatoes', 'Value': '36%'}, {'Source': 'Metacritic', 'Value': '38/100'}]",38.0,6.3,"72,339",tt2402157,movie,,"$25,018,119",,,True,,The November Man
862,PK,2014,Not Rated,19 Dec 2014,153 min,"Comedy, Drama, Musical",Rajkumar Hirani,"Rajkumar Hirani, Abhijat Joshi","Aamir Khan, Anushka Sharma, Sanjay Dutt",An alien on Earth loses the only device he can use to communicate with his spaceship. His innocent nature and child-like questions force the country to evaluate the impact of religious views on people.,Hindi,India,22 wins & 26 nominations total,https://m.media-amazon.com/images/M/MV5BMTYzOTE2NjkxN15BMl5BanBnXkFtZTgwMDgzMTg0MzE@._V1_SX300.jpg,"[{'Source': 'Internet Movie Database', 'Value': '8.1/10'}, {'Source': 'Rotten Tomatoes', 'Value': '80%'}]",,8.1,"212,778",tt2338151,movie,,"$10,616,104",,,True,,PK
863,The Cat in the Hat Knows a Lot About That!,2010–2018,TV-Y,11 Feb 2010,26 min,"Animation, Adventure, Comedy",,,"Martin Short, Alexa Torrington, Jacob Ewaniuk","The Cat in The Hat knows a lot about virtually every thing. With the help of fish, thing 1, and thing 2; the Cat in the Hat teaches kids about many things through song and games.",English,"Canada, United Kingdom, United States",2 wins & 9 nominations,https://m.media-amazon.com/images/M/MV5BMzk0MTYxOTMtMjMzNi00NDk0LWFmMzUtY2NlMDZkZjAyNjJmXkEyXkFqcGc@._V1_SX300.jpg,"[{'Source': 'Internet Movie Database', 'Value': '6.4/10'}]",,6.4,813,tt1699440,series,,,,,True,3.0,The Cat in the Hat Knows a Lot About That!
864,Dreamworks How to Train Your Dragon Legends,2010,Unrated,01 Mar 2010,57 min,"Animation, Adventure, Comedy, Family, Fantasy",Tom Owens,,"Jay Baruchel, Gerard Butler","Prepare for high-flying adventures with Hiccup, Toothless and the rest of the Dragon Trainers. Meet new dragons, learn the secrets of the legendary Boneknapper and see what is in store for the holidays on the festive island of Berk.",English,USA,,https://m.media-amazon.com/images/M/MV5BMTQzMjE5NDQwMl5BMl5BanBnXkFtZTgwMjI2NzA2MDE@._V1_SX300.jpg,"[{'Source': 'Internet Movie Database', 'Value': '7.7/10'}]",,7.7,"1,300",tt2542490,movie,,,,,True,,Dreamworks How to Train Your Dragon Legends
865,The Heirs,2015,,04 Oct 2017,72 min,Drama,Jorge Hernandez Aldana,"Jorge Hernandez Aldana, Gabriel Nuncio","Máximo Hollander, Sebastián Aguirre, Úrsula Pruneda","Teenagers' leisure at full swing: a group of friends spend their holidays at parties, having sex, boozing, and partaking in any adventure that brings them a boost of adrenaline. As they use violence for entertainment and to fulfil...",Spanish,Mexico,1 nomination,https://m.media-amazon.com/images/M/MV5BNDg2YjljZjItNmI5My00M2MwLTg0MDEtNGE1NWVhMWI3ODdhXkEyXkFqcGdeQXVyMjQ3NzUxOTM@._V1_SX300.jpg,"[{'Source': 'Internet Movie Database', 'Value': '5.8/10'}, {'Source': 'Rotten Tomatoes', 'Value': '67%'}]",,5.8,243,tt2903370,movie,,,,,True,,The Heirs
866,Bonnie & Clyde,2013,TV-14,08 Dec 2013,,"Biography, Crime, Drama",,,"Emile Hirsch, Holliday Grainger, Sarah Hyland","Bonnie Parker and Clyde Barrow, an American robbery team, were responsible for a 21-month crime spree from 1932. They robbed gas stations, restaurants, and small-town banks, chiefly operating in Texas, Oklahoma, as well as other s...",English,United States,Nominated for 4 Primetime Emmys. 16 nominations total,https://m.media-amazon.com/images/M/MV5BYzI5ZjBkYmUtN2QwOC00MmZiLWJlNTUtOGMwOTQ2ODMyMDcyXkEyXkFqcGc@._V1_SX300.jpg,"[{'Source': 'Internet Movie Database', 'Value': '6.4/10'}]",,6.4,"6,050",tt2707792,series,,,,,True,1.0,Bonnie & Clyde
867,Bill Burr: I'm Sorry You Feel That Way,2014,TV-MA,05 Dec 2014,80 min,Comedy,Jaime Eliezer Karas,Bill Burr,Bill Burr,Comedian Bill Burr's 2014 stand-up comedy special.,English,United States,,https://m.media-amazon.com/images/M/MV5BMTk0MzI5MjAxNV5BMl5BanBnXkFtZTgwNDY1NzA0NDE@._V1_SX300.jpg,"[{'Source': 'Internet Movie Database', 'Value': '8.2/10'}, {'Source': 'Rotten Tomatoes', 'Value': '100%'}]",,8.2,"9,234",tt3823690,movie,,,,,True,,Bill Burr: I'm Sorry You Feel That Way
868,Copenhagen,2014,Not Rated,03 Oct 2014,98 min,"Adventure, Drama, Romance",Mark Raso,Mark Raso,"Gethin Anthony, Frederikke Dahl Hansen, Sebastian Armesto","When the girl of your dreams is half your age, it's time to grow up.","English, Danish","Canada, United States, Denmark",6 wins & 2 nominations total,https://m.media-amazon.com/images/M/MV5BMTY5NDQwODE1Ml5BMl5BanBnXkFtZTgwMjg0MjYyMjE@._V1_SX300.jpg,"[{'Source': 'Internet Movie Database', 'Value': '7.0/10'}, {'Source': 'Rotten Tomatoes', 'Value': '82%'}, {'Source': 'Metacritic', 'Value': '71/100'}]",71.0,7.0,"14,103",tt2459156,movie,,,,,True,,Copenhagen
869,Black Ink Crew New York,2012–,TV-14,01 Dec 2012,2 min,Reality-TV,,,"Ashley Nicole Bermudez, Ceaser Emanuel, Dutchess Lattimore",Black Ink Crew: Black Ink documents the tattoo artists at a Harlem tattoo shop and all of the celebrities they cater to.,English,United States,1 nomination,https://m.media-amazon.com/images/M/MV5BYjJhZTM1MjQtMTA3OC00YmJlLTk3NzQtZGZjMzg1ZGYzMWE5XkEyXkFqcGc@._V1_SX300.jpg,"[{'Source': 'Internet Movie Database', 'Value': '5.1/10'}]",,5.1,522,tt2738096,series,,,,,True,10.0,Black Ink Crew New York
870,Thanks for Sharing,2012,R,14 Sep 2013,112 min,"Comedy, Drama, Romance",Stuart Blumberg,"Stuart Blumberg, Matt Winston","Mark Ruffalo, Tim Robbins, Gwyneth Paltrow",A romantic comedy that brings together three disparate characters who are learning to face a challenging and often confusing world as they struggle together against a common demon: sex addiction.,English,United States,2 wins & 2 nominations,https://m.media-amazon.com/images/M/MV5BMjA5MzI3ODcxMF5BMl5BanBnXkFtZTcwODY5MTc4OQ@@._V1_SX300.jpg,"[{'Source': 'Internet Movie Database', 'Value': '6.4/10'}, {'Source': 'Rotten Tomatoes', 'Value': '50%'}, {'Source': 'Metacritic', 'Value': '54/100'}]",54.0,6.4,"29,810",tt1932718,movie,,"$1,065,881",,,True,,Thanks for Sharing
871,Queen,2013,Not Rated,07 Mar 2014,146 min,"Adventure, Comedy, Drama",Vikas Bahl,"Vikas Bahl, Chaitally Parmar, Parveez Shaikh","Kangana Ranaut, Rajkummar Rao, Lisa Haydon",A Delhi girl from a traditional family sets out on a solo honeymoon after her marriage gets cancelled.,Hindi,India,28 wins & 31 nominations total,https://m.media-amazon.com/images/M/MV5BZWU0ZWFhODYtMWE5NC00YzNiLWJlZTctMjFhODhjNDdmZjFmXkEyXkFqcGc@._V1_SX300.jpg,"[{'Source': 'Internet Movie Database', 'Value': '8.1/10'}, {'Source': 'Rotten Tomatoes', 'Value': '90%'}]",,8.1,"69,745",tt3322420,movie,20 Nov 2016,,,,True,,Queen
872,Talking Tom and Friends,2014–2021,TV-G,23 Dec 2014,11 min,"Animation, Short, Adventure",,"Boris Dolenc, Samo Login, Tom Martin","Tom Kenny, Colin Hanks, James Adomian","Talking Tom and Friends, armed with tech and humor, pursue dreams, warmly entertaining despite plans going awry and breaking funny bones.",English,"United Kingdom, Austria, Thailand, Spain, United States, Slovenia, Cyprus, Singapore",,https://m.media-amazon.com/images/M/MV5BMjc1N2IwOTEtNzNiZS00YjczLWEwZmQtZjZmNmVlOTdmZmZiXkEyXkFqcGc@._V1_SX300.jpg,"[{'Source': 'Internet Movie Database', 'Value': '6.0/10'}]",,6.0,737,tt4648640,series,,,,,True,6.0,Talking Tom and Friends
873,The Haunted Hathaways,2013–2015,TV-Y7,13 Jul 2013,30 min,"Comedy, Family, Fantasy",,Robert Peacock,"Chico Benymon, Ginifer King, Amber Frank","After being uprooted from New York to New Orleans, the Hathaways are ready to resume their normal lives in their new home. They just don't know that a family of ghosts have the same idea.",English,United States,3 wins & 8 nominations,https://m.media-amazon.com/images/M/MV5BZjA2MjFmYzgtNmNjMy00ODJjLTkxZGMtNTQyMDBhYjlhMDY5XkEyXkFqcGc@._V1_SX300.jpg,"[{'Source': 'Internet Movie Database', 'Value': '5.2/10'}]",,5.2,"3,023",tt2535732,series,,,,,True,2.0,The Haunted Hathaways
874,Virunga,2014,Not Rated,07 Nov 2014,100 min,"Documentary, War",Orlando von Einsiedel,Orlando von Einsiedel,"André Bauma, Emmanuel de Merode, Mélanie Gouby",A team of brave individuals risk their lives to protect the last mountain gorillas.,"English, French, Swahili","United Kingdom, The Democratic Republic of Congo",Nominated for 1 Oscar. 42 wins & 28 nominations total,https://m.media-amazon.com/images/M/MV5BMzE1NTIyODM5N15BMl5BanBnXkFtZTgwOTExMzc2MjE@._V1_SX300.jpg,"[{'Source': 'Internet Movie Database', 'Value': '8.1/10'}, {'Source': 'Rotten Tomatoes', 'Value': '100%'}, {'Source': 'Metacritic', 'Value': '95/100'}]",95.0,8.1,"12,546",tt3455224,movie,,,,,True,,Virunga
875,Nagi-Asu: A Lull in the Sea,2013–2014,TV-PG,03 Oct 2013,23 min,"Animation, Drama, Fantasy",,"Mari Okada, Toshiya Shinohara","Natsuki Hanae, Mikako Komatsu, Bryce Papenbrook","Long ago, humanity lived in the sea, but some humans longed to go to land and eventually left the sea behind.","English, Japanese",Japan,2 nominations total,https://m.media-amazon.com/images/M/MV5BNTQ5NmEyMDQtNDA5Zi00ZTRiLWEzZWEtOWJmODUwYTllYTJiXkEyXkFqcGc@._V1_SX300.jpg,"[{'Source': 'Internet Movie Database', 'Value': '7.4/10'}]",,7.4,"1,557",tt3104236,series,,,,,True,1.0,Nagi-Asu: A Lull in the Sea
876,Mike Birbiglia: My Girlfriend's Boyfriend,2013,Not Rated,04 Sep 2013,76 min,Comedy,Seth Barrish,"Mike Birbiglia, Joe Birbiglia",Mike Birbiglia,Mike Birbiglia tells the touching story of his believing and disbelieving in love.,English,United States,1 nomination,https://m.media-amazon.com/images/M/MV5BMTg1MDdkZWYtZDBjOC00NzJkLWJiYzctMTRhZDBmNGNlM2Q4XkEyXkFqcGc@._V1_SX300.jpg,"[{'Source': 'Internet Movie Database', 'Value': '7.9/10'}, {'Source': 'Rotten Tomatoes', 'Value': '100%'}]",,7.9,"3,742",tt2937390,movie,23 Aug 2013,,,,True,,Mike Birbiglia: My Girlfriend's Boyfriend
877,Effie Gray,2014,PG-13,10 Oct 2014,104 min,"Biography, Drama, Romance",Richard Laxton,Emma Thompson,"Dakota Fanning, Greg Wise, Tom Sturridge","A look at the scandalous love triangle between Victorian art critic John Ruskin (Greg Wise), his teenage bride Euphemia ""Effie"" Gray (Dakota Fanning), and Pre-Raphaelite painter John Everett Millais (Tom Sturridge).",English,United Kingdom,2 nominations total,https://m.media-amazon.com/images/M/MV5BMjAyNjQ1NDc3Nl5BMl5BanBnXkFtZTgwNjY5MTE0NDE@._V1_SX300.jpg,"[{'Source': 'Internet Movie Database', 'Value': '6.0/10'}, {'Source': 'Rotten Tomatoes', 'Value': '43%'}, {'Source': 'Metacritic', 'Value': '54/100'}]",54.0,6.0,"7,242",tt1605798,movie,,"$352,534",,,True,,Effie Gray
878,Elena,2011,Not Rated,29 Sep 2011,109 min,"Crime, Drama, Thriller",Andrey Zvyagintsev,"Oleg Negin, Andrey Zvyagintsev","Nadezhda Markina, Andrey Smirnov, Aleksey Rozin","When a sudden illness and an unexpected reunion threaten dutiful housewife Elena's potential inheritance, she must hatch a desperate plan ...",Russian,Russia,24 wins & 23 nominations total,https://m.media-amazon.com/images/M/MV5BN2I3M2Q2MmEtOTRkNy00YzU4LWJmYmItMTAxYTMxNWMwMmE0XkEyXkFqcGc@._V1_SX300.jpg,"[{'Source': 'Internet Movie Database', 'Value': '7.3/10'}, {'Source': 'Rotten Tomatoes', 'Value': '94%'}, {'Source': 'Metacritic', 'Value': '87/100'}]",87.0,7.3,"15,503",tt1925421,movie,,"$233,380",,,True,,Elena
879,The Haunting in Connecticut 2: Ghosts of Georgia,2013,R,01 Feb 2013,100 min,"Drama, Horror, Mystery",Tom Elkins,David Coggeshall,"Abigail Spencer, Chad Michael Murray, Katee Sackhoff",A young family moves into a historic house in Georgia and learns that they're not the house's only inhabitants. They find themselves in the presence of a secret rising from underground that threatens to bring down anyone in its path.,English,United States,,https://m.media-amazon.com/images/M/MV5BMTk0MTA0NDAwOF5BMl5BanBnXkFtZTcwMDQ0NzQ4OA@@._V1_SX300.jpg,"[{'Source': 'Internet Movie Database', 'Value': '5.3/10'}, {'Source': 'Rotten Tomatoes', 'Value': '19%'}, {'Source': 'Metacritic', 'Value': '26/100'}]",26.0,5.3,"18,794",tt1457765,movie,,,,,True,,The Haunting in Connecticut 2: Ghosts of Georgia
880,Pac-Man and the Ghostly Adventures,2013–2016,TV-Y7,15 Jun 2013,30 min,"Animation, Action, Adventure",,,"Gabriel C. Brown, Erin Mathews, Ashleigh Ball",Pac-Man saves Pac World from ghosts with his friends Cyli and Spiral.,"English, Japanese, Spanish","United States, Japan, Canada, France",7 nominations,https://m.media-amazon.com/images/M/MV5BNjdhZGEwNDctYjE2ZS00YWU5LWJjNDctN2U1N2U1NWY2YWViXkEyXkFqcGc@._V1_SX300.jpg,"[{'Source': 'Internet Movie Database', 'Value': '4.6/10'}]",,4.6,924,tt2392179,series,,,,,True,3.0,Pac-Man and the Ghostly Adventures
881,The Nut Job,2014,PG,17 Jan 2014,85 min,"Animation, Adventure, Comedy",Peter Lepeniotis,"Peter Lepeniotis, Lorne Cameron, Daniel Woo","Will Arnett, Brendan Fraser, Liam Neeson","An incorrigibly self-serving exiled squirrel finds himself helping his former park brethren survive by raiding a nut store, a location that also happens to be a front for a human gang's bank robbery.","English, Dutch","Canada, South Korea, United States",1 win & 5 nominations total,https://m.media-amazon.com/images/M/MV5BMTQ1NjAxMDUzN15BMl5BanBnXkFtZTgwOTE5NDM3MDE@._V1_SX300.jpg,"[{'Source': 'Internet Movie Database', 'Value': '5.7/10'}, {'Source': 'Rotten Tomatoes', 'Value': '13%'}, {'Source': 'Metacritic', 'Value': '37/100'}]",37.0,5.7,"31,317",tt1821658,movie,,"$64,251,541",,,True,,The Nut Job
882,Yowamushi Pedal,2013–,TV-14,07 Oct 2013,23 min,"Animation, Comedy, Drama",,Wataru Watanabe,"Daiki Yamashita, Kôsuke Toriumi, Ayaka Suwa","Onoda is a cheerful otaku looking to join his new school's anime club, eager to finally make some friends. Unfortunately, the club has been disbanded and somehow he stumbled into the bicycle club.","Japanese, Spanish, Tagalog, Arabic",Japan,1 win & 2 nominations,https://m.media-amazon.com/images/M/MV5BZWEzYTQ3YWQtNTAwNi00MWZhLTk1ZWYtOGNlMzc1YTAyNmIzXkEyXkFqcGc@._V1_SX300.jpg,"[{'Source': 'Internet Movie Database', 'Value': '7.6/10'}]",,7.6,"1,053",tt2942228,series,,,,,True,5.0,Yowamushi Pedal
883,Ever After High,2013–2017,TV-Y,30 May 2013,,"Animation, Adventure, Comedy",,,"Cindy Robinson, Jamieson Price, Todd Haberkorn","The students of all the fairytale characters attend Ever After High, where they are either Royals (students who want to follow in their parent's footsteps) or Rebels (students who wish to write their own destiny).",English,"Canada, United States",,https://m.media-amazon.com/images/M/MV5BMDk4YzZiMTEtZDVmMC00YTc4LWE1N2EtYzUwYWVmNTUwM2Y3XkEyXkFqcGc@._V1_SX300.jpg,"[{'Source': 'Internet Movie Database', 'Value': '7.8/10'}]",,7.8,"2,120",tt3312378,series,,,,,True,4.0,Ever After High
884,Dérapages,2014–,,01 Jan 2015,,Drama,,,Mathilde Lebrequier,,French,France,,,[],,,14,tt3680084,series,,,,,True,2.0,Dérapages
885,Lalaloopsy,2013–2015,,29 Mar 2013,,"Animation, Adventure, Family",,Amandine Consorti,"Malia Ashley Kerr, Tate McRae, Hayley Stone",The myriad misadventures of all the sweet little doll friends living together in Lalaloopsyland.,English,United States,,https://m.media-amazon.com/images/M/MV5BMTg0OTYzNTk2OV5BMl5BanBnXkFtZTgwMjk5ODAxMzE@._V1_SX300.jpg,"[{'Source': 'Internet Movie Database', 'Value': '4.6/10'}]",,4.6,143,tt2827502,series,,,,,True,3.0,Lalaloopsy
886,Haider,2014,Not Rated,02 Oct 2014,160 min,"Action, Crime, Drama",Vishal Bhardwaj,"William Shakespeare, Basharat Peer, Vishal Bhardwaj","Shahid Kapoor, Tabu, Shraddha Kapoor","A young man returns to Kashmir after his father's disappearance to confront his uncle, whom he suspects of playing a role in his father's fate.",Hindi,India,35 wins & 47 nominations,https://m.media-amazon.com/images/M/MV5BMjA1NTEwMDMxMF5BMl5BanBnXkFtZTgwODkzMzI0MjE@._V1_SX300.jpg,"[{'Source': 'Internet Movie Database', 'Value': '8.0/10'}, {'Source': 'Rotten Tomatoes', 'Value': '88%'}]",,8.0,"58,694",tt3390572,movie,,"$1,048,143",,,True,,Haider
887,Omar,2013,Not Rated,01 Aug 2013,98 min,"Crime, Drama, Romance",Hany Abu-Assad,Hany Abu-Assad,"Adam Bakri, Leem Lubany, Eyad Hourani",A young Palestinian freedom fighter agrees to work as an informant after he's tricked into an admission of guilt by association in the wake of an Israeli soldier's killing.,"Arabic, Hebrew",Occupied Palestinian Territory,Nominated for 1 Oscar. 13 wins & 12 nominations total,https://m.media-amazon.com/images/M/MV5BMjIxMjY1NTQ5Ml5BMl5BanBnXkFtZTgwMjMwMTAyMTE@._V1_SX300.jpg,"[{'Source': 'Internet Movie Database', 'Value': '7.5/10'}, {'Source': 'Rotten Tomatoes', 'Value': '90%'}, {'Source': 'Metacritic', 'Value': '75/100'}]",75.0,7.5,"15,858",tt2852406,movie,,"$356,000",,,True,,Omar
888,Tom Segura: Completely Normal,2014,Not Rated,15 Mar 2014,74 min,Comedy,Jay Chapman,Tom Segura,Tom Segura,Levelheaded stand-up Tom Segura shares offhand appraisals on hotels and opens up about his hobbies and digestive ailments in this comedy special.,English,United States,,https://m.media-amazon.com/images/M/MV5BMTcyODE0Mzk1Nl5BMl5BanBnXkFtZTgwMDk4ODE0NDE@._V1_SX300.jpg,"[{'Source': 'Internet Movie Database', 'Value': '7.7/10'}]",,7.7,"3,189",tt3500822,movie,,,,,True,,Tom Segura: Completely Normal
889,Search Party,2016–2022,TV-MA,17 Nov 2016,24 min,"Comedy, Crime, Drama",,"Sarah-Violet Bliss, Charles Rogers, Michael Showalter","Alia Shawkat, John Reynolds, John Early",Search Party is a dark comedy about four self-absorbed twenty-somethings who become entangled in an ominous mystery when a former college acquaintance suddenly disappears.,English,United States,3 wins & 13 nominations total,https://m.media-amazon.com/images/M/MV5BYzcwNWFiODUtNmUyOC00Y2JkLTliYmUtYTM3MWIwNWY5ODM3XkEyXkFqcGc@._V1_SX300.jpg,"[{'Source': 'Internet Movie Database', 'Value': '7.6/10'}]",,7.6,"14,484",tt5460226,series,,,,,True,5.0,Search Party
890,Some Assembly Required,2014–2016,TV-Y7,20 Jun 2015,1 min,"Comedy, Family",,"Howard Nemetz, Dan Signer","Kolton Stewart, Harrison Houde, Sydney Scotia",A 14-year-old takes ownership of a toy company and hires a group of his friends to help him create amazing new toys.,English,Canada,9 wins & 17 nominations,https://m.media-amazon.com/images/M/MV5BMTczNDc2MzM4MF5BMl5BanBnXkFtZTgwMzgxNjk5MDE@._V1_SX300.jpg,"[{'Source': 'Internet Movie Database', 'Value': '4.6/10'}]",,4.6,"1,199",tt3441810,series,,,,,True,3.0,Some Assembly Required
891,Miniforce,2014–2016,TV-Y7,03 Sep 2014,20 min,"Animation, Action, Adventure",,,"Um Sang-Hyun, Jeon Tae-Yeol, Soyoung Lee",Four animal superheroes called the miniforce transform into robots to protect small and defenceless creatures from the hands of scheming villains.,Korean,South Korea,,https://m.media-amazon.com/images/M/MV5BMmQ2YmNkODQtNTRkMy00OTI1LWIwYTYtZDBhM2YxMjVlMWUwXkEyXkFqcGc@._V1_SX300.jpg,"[{'Source': 'Internet Movie Database', 'Value': '5.0/10'}]",,5.0,95,tt9198020,series,,,,,True,,Miniforce
892,VeggieTales in the House,2014–2016,TV-Y,26 Nov 2014,,"Animation, Short, Adventure",,,"Phil Vischer, Mike Nawrocki, Tress MacNeille","Bob the Tomato, Larry the Cucumber, and their Veggie pals embark on new in-home adventures in this Netflix series, featuring upbeat songs and seamlessly weaving moral messages.",,United States,2 nominations,https://m.media-amazon.com/images/M/MV5BMmZhM2QxNzctZGU4ZS00NmI3LWI3ZWYtNGE3MGI4MGJkYWVmXkEyXkFqcGc@._V1_SX300.jpg,"[{'Source': 'Internet Movie Database', 'Value': '4.1/10'}]",,4.1,360,tt3692064,series,,,,,True,4.0,VeggieTales in the House
893,Stand by Me Doraemon,2014,TV-PG,24 Oct 2014,95 min,"Animation, Comedy, Drama","Tony Oliver, Ryuichi Yagi, Takashi Yamazaki","Fujio F. Fujiko, Takashi Yamazaki","Wasabi Mizuta, Megumi Ôhara, Satoshi Tsumabuki",What will happen to Nobita's life after Doraemon leaves?,Japanese,"Japan, United States",3 wins & 1 nomination total,https://m.media-amazon.com/images/M/MV5BZDM2NmNiZWYtMGRlYy00NGM4LTliZGUtMzE1ZWZmMTllMjUwXkEyXkFqcGc@._V1_SX300.jpg,"[{'Source': 'Internet Movie Database', 'Value': '7.3/10'}]",,7.3,"10,388",tt3331846,movie,,,,,True,,Stand by Me Doraemon
894,Black Money Love,2014–2015,TV-MA,12 Mar 2014,90 min,"Action, Crime, Drama",,,"Tuba Büyüküstün, Engin Akyürek, Burak Tamdogan","Omar is a police officer. After the death of his fiancé he suffers great pain. Sibel, Omar's fiancée's body was found on the top of a cliff, in a car next to a fairly old, rich business man. After the shock of her sudden death and...","Turkish, Italian",Turkey,1 win & 5 nominations,https://m.media-amazon.com/images/M/MV5BMjY0YmMzZWItNTg4NS00ODgyLTk5NzUtYWFmNDkzNDY3NWYxXkEyXkFqcGc@._V1_SX300.jpg,"[{'Source': 'Internet Movie Database', 'Value': '7.6/10'}]",,7.6,"7,893",tt3565486,series,,,,,True,2.0,Black Money Love
895,Berserk: The Golden Age Arc III - The Advent,2013,Not Rated,01 Feb 2013,110 min,"Animation, Action, Adventure",Toshiyuki Kubooka,"Kentaro Miura, Ichirô Ôkouchi","Marc Diraison, Hiroaki Iwanaga, Carrie Keranen",A year has passed since Guts parted ways with Griffith. The Band of the Hawk is plotting a rescue mission to save Griffith who is confined to prison.,"Japanese, English",Japan,4 nominations,https://m.media-amazon.com/images/M/MV5BYzNkOGUxOTUtMWVkNy00YjcxLWEzZTYtYTRhNTIwMWFmOGYyXkEyXkFqcGc@._V1_SX300.jpg,"[{'Source': 'Internet Movie Database', 'Value': '7.8/10'}]",,7.8,"12,207",tt2358913,movie,,,,,True,,Berserk: The Golden Age Arc III - The Advent
896,The Square,2017,R,25 Aug 2017,151 min,"Comedy, Drama",Ruben Östlund,Ruben Östlund,"Claes Bang, Elisabeth Moss, Dominic West",A prestigious Stockholm museum's chief art curator finds himself in times of both professional and personal crisis as he attempts to set up a controversial new exhibit.,"Swedish, English, Danish","Sweden, Germany, France, Denmark, United States",Nominated for 1 Oscar. 33 wins & 46 nominations total,https://m.media-amazon.com/images/M/MV5BNTQ3NzJhYjktYmRkYy00ODMxLThhMGItYWQyODJmZjEyMTgzXkEyXkFqcGc@._V1_SX300.jpg,"[{'Source': 'Internet Movie Database', 'Value': '7.1/10'}, {'Source': 'Rotten Tomatoes', 'Value': '85%'}, {'Source': 'Metacritic', 'Value': '73/100'}]",73.0,7.1,"81,000",tt4995790,movie,,"$1,502,347",,,True,,The Square
897,2 States,2014,Not Rated,18 Apr 2014,149 min,"Comedy, Drama, Romance",Abhishek Varman,"Chetan Bhagat, Abhishek Varman, Hussain Dalal","Arjun Kapoor, Alia Bhatt, Amrita Singh",This movie chronicles how Chetan met his wife and the difficulties they faced due to their cultural differences.,Hindi,India,11 wins & 42 nominations,https://m.media-amazon.com/images/M/MV5BMTUwNjQ3Nzk5N15BMl5BanBnXkFtZTgwMjI4MTgzMTE@._V1_SX300.jpg,"[{'Source': 'Internet Movie Database', 'Value': '6.9/10'}, {'Source': 'Rotten Tomatoes', 'Value': '36%'}]",,6.9,"27,443",tt2372678,movie,,"$2,238,174",,,True,,2 States
898,Moving Art,2014–2019,,06 Jan 2014,25 min,Documentary,,,,"Experience nature's art as filmmaker Louie Schwartzberg highlights the beauty that lurks in oceans, forests, deserts and flowers.",,United States,,https://m.media-amazon.com/images/M/MV5BZjE0YjhiMGQtMjRlNC00ZWY3LWJkMDQtMTcyZDk1MmE5NzkyXkEyXkFqcGc@._V1_SX300.jpg,"[{'Source': 'Internet Movie Database', 'Value': '8.5/10'}]",,8.5,601,tt6953912,series,,,,,True,3.0,Moving Art
899,Turbo FAST,2013–2016,TV-Y7,24 Dec 2013,1 min,"Animation, Action, Adventure",,,"Reid Scott, Amir Talai, Eric Bauza",Indy 500 champion Turbo and his friends race other species and battle enemies in the snail populated world of Starlight City.,English,United States,10 nominations,https://m.media-amazon.com/images/M/MV5BZWI0MGRlNTktMGI5OS00YWM3LWFkMTYtOGMyM2YyZDZlNmMxXkEyXkFqcGdeQXVyMTAwMzM3NDI3._V1_SX300.jpg,"[{'Source': 'Internet Movie Database', 'Value': '6.5/10'}]",,6.5,777,tt3010520,series,,,,,True,3.0,Turbo FAST
900,All Hail King Julien,2014–2017,TV-Y7,19 Dec 2014,23 min,"Animation, Action, Adventure",,,"Danny Jacobs, Andy Richter, Kevin Michael Richardson",Animated misadventures of a hard-partying lemur and his wild friends in Madagascar.,English,"United States, Canada, United Kingdom",5 wins & 20 nominations total,https://m.media-amazon.com/images/M/MV5BNTcwNDM2Nzc5NV5BMl5BanBnXkFtZTgwNDA3NjY4MzE@._V1_SX300.jpg,"[{'Source': 'Internet Movie Database', 'Value': '7.1/10'}]",,7.1,"2,633",tt3807022,series,,,,,True,5.0,All Hail King Julien
901,The Short Game,2013,PG,20 Sep 2013,99 min,"Documentary, Sport",Josh Greenbaum,,"Amari Avery, Jed Dy, Allan Kournikova",The best 7-year-old golfers from around the world descend on the world-famous Pinehurst Golf course in North Carolina to determine the next world champion and who might become golf's next phenomenon. Most of these young prodigies ...,"English, French",United States,4 wins & 3 nominations,https://m.media-amazon.com/images/M/MV5BMTQ1NDYxNTU0Nl5BMl5BanBnXkFtZTcwNDg0MDMyOQ@@._V1_SX300.jpg,"[{'Source': 'Internet Movie Database', 'Value': '7.3/10'}, {'Source': 'Rotten Tomatoes', 'Value': '84%'}, {'Source': 'Metacritic', 'Value': '51/100'}]",51.0,7.3,"1,740",tt2466830,movie,,"$39,819",,,True,,The Short Game
902,Highway,2014,Not Rated,21 Feb 2014,133 min,"Crime, Drama, Romance",Imtiaz Ali,Imtiaz Ali,"Alia Bhatt, Randeep Hooda, Durgesh Kumar","Right before her wedding, a young woman finds herself abducted and held for ransom. As the initial days pass, she begins to develop a strange bond with her kidnapper.",Hindi,India,10 wins & 27 nominations total,https://m.media-amazon.com/images/M/MV5BMjE5NjkyNTczM15BMl5BanBnXkFtZTgwNDg4MzE5MDE@._V1_SX300.jpg,"[{'Source': 'Internet Movie Database', 'Value': '7.6/10'}, {'Source': 'Rotten Tomatoes', 'Value': '88%'}, {'Source': 'Metacritic', 'Value': '40/100'}]",40.0,7.6,"31,758",tt2980794,movie,,"$529,136",,,True,,Highway
903,Jinxed,2013,G,29 Nov 2013,75 min,"Comedy, Family",Stephen Herek,"Neal Israel, Bill Timoney, Aury Wallington","Ciara Bravo, Jacob Bertrand, Elena Kampouris",A determined teen embarks on a journey to break a century-old curse that has plagued her family with misfortune for generations.,English,"United States, Canada",1 nomination,https://m.media-amazon.com/images/M/MV5BY2JkNWFhYzItOGM4Ny00ZDdhLWEyODktYmRlZDA1YTI1ZjQ3XkEyXkFqcGc@._V1_SX300.jpg,"[{'Source': 'Internet Movie Database', 'Value': '6.3/10'}]",,6.3,"1,822",tt2934844,movie,,,,,True,,Jinxed
904,Dragons: Dawn of the Dragon Racers,2014,TV-PG,11 Nov 2014,26 min,"Animation, Short, Adventure, Comedy, Family, Fantasy","Elaine Bogan, John Sanford","Cressida Cowell (based upon the ""How to Train Your Dragon"" book series by), Art Edler Brown, Douglas Sloan","Jay Baruchel, America Ferrera, Christopher Mintz-Plasse, T.J. Miller","Dawn of the Dragon Racers, is a short film describing how Dragon Racing was invented. Hiccup and all his friends from the dragon academy fight about who really invented it.",English,USA,2 nominations.,https://m.media-amazon.com/images/M/MV5BNDRhYTRjOTQtMGYzYy00MjI5LWI1Y2EtMjQ3OWVlMjk0NmE5XkEyXkFqcGdeQXVyNTM3MDMyMDQ@._V1_SX300.jpg,"[{'Source': 'Internet Movie Database', 'Value': '7.0/10'}]",,7.0,"2,232",tt4191768,movie,,,,,True,,Dragons: Dawn of the Dragon Racers
905,20 Minutes,2023,PG-13,23 Mar 2023,93 min,Thriller,Timothy A. Chey,Timothy A. Chey,"Dia Frampton, Michael Camp, Mihara India",An incoming ballistic missile to Hawaii changes twelve people's lives when they discover they have 20 minutes to live.,English,United States,,https://m.media-amazon.com/images/M/MV5BN2RhZWQ0ZGMtNjJjZC00ODdhLTg0N2QtYTZhMmE3ZDU1MGNhXkEyXkFqcGc@._V1_SX300.jpg,"[{'Source': 'Internet Movie Database', 'Value': '8.5/10'}]",,8.5,517,tt9580502,movie,,,,,True,,20 Minutes
906,Dabbe: The Possession,2013,,02 Aug 2013,134 min,"Horror, Thriller",Hasan Karacadag,Hasan Karacadag,"Elçin Atamgüç, Orhan Gencer, Sultan Köroglu Kiliç","Ahead of her wedding, Kübra is possessed by demons. When an examination reveals more horror, her friend, a psychiatrist, tries to perform an exorcism.",Turkish,Turkey,,https://m.media-amazon.com/images/M/MV5BMjMxMTQ5MjY4Nl5BMl5BanBnXkFtZTcwMTY3NTQ5OQ@@._V1_SX300.jpg,"[{'Source': 'Internet Movie Database', 'Value': '6.8/10'}]",,6.8,"7,886",tt3069758,movie,,,,,True,,Dabbe: The Possession
907,Ralphie May: Imperfectly Yours,2013,,23 Feb 2013,69 min,"Documentary, Comedy",Anthony Pierce,Ralphie May,Ralphie May,"Comedian Ralphie May takes to the Las Vegas stage with his raw, rollicking take on men's fashion, racism, sex and even waffles.",English,United States,,https://m.media-amazon.com/images/M/MV5BNWQzMTJjNGEtYjcxOS00OTdkLWJmOWQtODMxZjM4MzU1NjUwXkEyXkFqcGdeQXVyNjE3MjQyNQ@@._V1_SX300.jpg,"[{'Source': 'Internet Movie Database', 'Value': '5.6/10'}]",,5.6,167,tt3216296,movie,,,,,True,,Ralphie May: Imperfectly Yours
908,Mary Kom,2014,Not Rated,05 Sep 2014,122 min,"Action, Biography, Drama",Omung Kumar,"Saiwyn Quadras, Ramendra Vasishth, Karan Singh Rathore","Priyanka Chopra Jonas, Sunil Thapa, Robin Das","A chronicle of the life of Indian boxer Mary Kom, who went through several hardships before audaciously accomplishing her ultimate dream.",Hindi,India,13 wins & 19 nominations,https://m.media-amazon.com/images/M/MV5BNjc0MjA0NzIzMF5BMl5BanBnXkFtZTgwMjg0MTQyMjE@._V1_SX300.jpg,"[{'Source': 'Internet Movie Database', 'Value': '6.8/10'}, {'Source': 'Rotten Tomatoes', 'Value': '80%'}]",,6.8,"11,577",tt3001638,movie,,"$621,300",,,True,,Mary Kom
909,"The Other One: The Long, Strange Trip of Bob Weir",2014,,22 May 2015,85 min,"Documentary, Biography, Music",Mike Fleiss,,"John Perry Barlow, Chuck Berry, Neal Cassady","A documentary that explores Bob Weirs life, through the Grateful Dead, Ratdog, and his childhood.",English,United States,1 win,https://m.media-amazon.com/images/M/MV5BOWU4OGNlN2ItNmJiNy00MjU4LTkyMGQtZjc5MTRiMmQ4ZGU4XkEyXkFqcGdeQXVyMjExNjgyMTc@._V1_SX300.jpg,"[{'Source': 'Internet Movie Database', 'Value': '7.3/10'}]",,7.3,"1,793",tt3692768,movie,,,,,True,,"The Other One: The Long, Strange Trip of Bob Weir"
910,Fukrey,2013,Not Rated,14 Jun 2013,139 min,"Comedy, Drama, Romance",Mrighdeep Lamba,"Mrighdeep Lamba, Vipul Vig","Pulkit Samrat, Manjot Singh, Ali Fazal","The paths of four dream-chasing college friends cross with an array of colourful characters, from a tough-talking Punjabi female don to a Jugaad Baaz college watchman. Mayhem ensues.",Hindi,India,5 wins & 13 nominations,https://m.media-amazon.com/images/M/MV5BODI5MzQ2NDg0MV5BMl5BanBnXkFtZTcwNTEwMzI1OQ@@._V1_SX300.jpg,"[{'Source': 'Internet Movie Database', 'Value': '6.9/10'}, {'Source': 'Rotten Tomatoes', 'Value': '50%'}]",,6.9,"13,632",tt2806788,movie,,"$125,279",,,True,,Fukrey
911,Free Birds,2013,PG,01 Nov 2013,91 min,"Animation, Adventure, Comedy",Jimmy Hayward,"Scott Mosier, Jimmy Hayward, David I. Stern","Woody Harrelson, Owen Wilson, Dan Fogler","A pair of turkeys discover a time machine and decide to use it to travel to the first Thanksgiving, to take turkeys off the menu forever.",English,"United States, Canada, Japan, Australia",2 nominations total,https://m.media-amazon.com/images/M/MV5BNjE0NjIwMzAwOF5BMl5BanBnXkFtZTgwOTIyMzMzMDE@._V1_SX300.jpg,"[{'Source': 'Internet Movie Database', 'Value': '5.8/10'}, {'Source': 'Rotten Tomatoes', 'Value': '20%'}, {'Source': 'Metacritic', 'Value': '38/100'}]",38.0,5.8,"27,592",tt1621039,movie,,"$55,750,480",,,True,,Free Birds
912,Race 2,2013,Not Rated,25 Jan 2013,150 min,"Action, Crime, Thriller","Abbas Alibhai Burmawalla, Mastan Alibhai Burmawalla","Kiran Kotrial, Shiraz Ahmed","Saif Ali Khan, Anil Kapoor, John Abraham",Ranvir treads through the world of the Indian mafia in Turkey as he looks to avenge the death of his lover and partner in crime.,Hindi,India,5 wins & 15 nominations total,https://m.media-amazon.com/images/M/MV5BODQzMjNlN2EtYmE4NC00ZjgwLTkwMTQtMGFkZDBmYzIyMDgxXkEyXkFqcGc@._V1_SX300.jpg,"[{'Source': 'Internet Movie Database', 'Value': '5.3/10'}, {'Source': 'Rotten Tomatoes', 'Value': '0%'}]",,5.3,"17,840",tt1375789,movie,,"$1,579,940",,,True,,Race 2
913,Incomplete Life,2024,,01 Jun 2024,24 min,"Short, Family",Chengxue Liu,Chengxue Liu,"Shuang Liang, Chengxue Liu, Pengtao Sun",,,China,,https://m.media-amazon.com/images/M/MV5BZjEzYTVlOGEtMDM5Zi00M2VmLTkyODYtZTcwNjQ4MDg4Mzk1XkEyXkFqcGc@._V1_SX300.jpg,[],,,,tt32369459,movie,,,,,True,,Incomplete Life
914,Lego Marvel Super Heroes: Maximum Overload,2013,,05 Nov 2013,22 min,"Animation, Short, Action",,,"Drake Bell, Steve Blum, Greg Cipes",Spider-Man and Marvel's Super Heroes take on a mischievous Loki and a team of super villains.,English,United States,,https://m.media-amazon.com/images/M/MV5BOTZlYTMxYjEtOTFkMi00MDY4LWE5Y2UtZjY3OWI0YmRhY2Y1XkEyXkFqcGc@._V1_SX300.jpg,"[{'Source': 'Internet Movie Database', 'Value': '6.3/10'}]",,6.3,"1,744",tt3322904,series,,,,,True,1.0,Lego Marvel Super Heroes: Maximum Overload
915,The Berlin File,2013,PG-13,15 Feb 2013,120 min,"Action, Thriller",Ryoo Seung-wan,"Ted Geoghegan, Stefanie Y. Hong, Ryoo Seung-wan","Ha Jung-woo, Han Suk-kyu, Ryu Seung-beom","Jong-seong, a North Korean ghost agent, interrupts an illegal arms sale in Berlin. A notorious North Korean agent tests the loyalties of everyone involved as Jong-Seong prepares to make the ultimate sacrifice.","Korean, English, German",South Korea,12 wins & 8 nominations total,https://m.media-amazon.com/images/M/MV5BMjg0OTY4MDE2NV5BMl5BanBnXkFtZTgwOTQyMjEyMjE@._V1_SX300.jpg,"[{'Source': 'Internet Movie Database', 'Value': '6.6/10'}, {'Source': 'Rotten Tomatoes', 'Value': '43%'}, {'Source': 'Metacritic', 'Value': '54/100'}]",54.0,6.6,"7,775",tt2357377,movie,,"$665,210",,,True,,The Berlin File
916,Monty Python: The Meaning of Live,2014,Not Rated,13 Nov 2014,90 min,Documentary,"Roger Graef, James Rogan",,"Eric Idle, Terry Gilliam, John Cleese","Uniquely intimate documentary following the stars of Monty Python as they reunite for a final time to stage a marathon ten shows of Monty Python Live (mostly) - One Down Five to Go at The O2, London in July 2014.",English,United Kingdom,,https://m.media-amazon.com/images/M/MV5BNTg4ZTNkZTYtY2ZhOC00ZGE0LWE5OGQtYjg0YzNhYTk4YjBmXkEyXkFqcGc@._V1_SX300.jpg,"[{'Source': 'Internet Movie Database', 'Value': '7.6/10'}]",,7.6,891,tt4256544,movie,,,,,True,,Monty Python: The Meaning of Live
917,Imperial Dreams,2014,TV-MA,01 Oct 2016,87 min,Drama,Malik Vitthal,"Ismet Prcic, Malik Vitthal","John Boyega, Rotimi, Glenn Plummer","A 21-year-old reformed gangster's devotion to his family and his future is put to the test when he is released from prison and returns to his old stomping grounds in Watts, Los Angeles.",English,United States,10 wins & 6 nominations,https://m.media-amazon.com/images/M/MV5BNWU0OGIzMDAtNWE4MC00NGVjLWJlMDItYTczNmJiYzFkMjA5XkEyXkFqcGc@._V1_SX300.jpg,"[{'Source': 'Internet Movie Database', 'Value': '6.7/10'}, {'Source': 'Rotten Tomatoes', 'Value': '92%'}, {'Source': 'Metacritic', 'Value': '67/100'}]",67.0,6.7,"4,832",tt3331028,movie,,,,,True,,Imperial Dreams
918,Monty Python Live (Mostly),2014,Not Rated,20 Jul 2014,137 min,"Documentary, Comedy, Musical","Eric Idle, Aubrey Powell","Graham Chapman, John Cleese, Terry Gilliam","John Cleese, Terry Gilliam, Eric Idle","The reunion of the Monty Python team on stage for the first time in over 30 years, and for the very last time ever.","Spanish, English",United Kingdom,,https://m.media-amazon.com/images/M/MV5BMTAzMDQ5NjAtZmRjYy00MDU1LWJiYzUtODQyOTQwMmQ0YzQ5XkEyXkFqcGc@._V1_SX300.jpg,"[{'Source': 'Internet Movie Database', 'Value': '7.6/10'}]",,7.6,"2,855",tt3872778,movie,,,,,True,,Monty Python Live (Mostly)
919,DokiDoki! PreCure,2013–2014,TV-Y7,18 Aug 2017,,"Animation, Action, Adventure",,,"Mayumi Tanaka, Atsuko Tanaka, Kazuhiro Yamaji",5 teenage girls unleash their inner superheroes to stop King Mercenare from taking over the world.,Japanese,Japan,,https://m.media-amazon.com/images/M/MV5BMTJkZjdjZDUtZTMxYy00OGJiLThiZDUtN2IyMTMwNzkxNzc1XkEyXkFqcGc@._V1_SX300.jpg,"[{'Source': 'Internet Movie Database', 'Value': '6.5/10'}]",,6.5,275,tt4621212,series,,,,,True,1.0,DokiDoki! PreCure
920,Booba,2014–,TV-Y7,10 Nov 2014,96 min,"Animation, Comedy, Family",,,"Roman Karev, Elena Kareva, Artyom Kretov","A family show following the adventures of a joyful, funny and curious little creature called Booba and his friends. They always find themselves in hilarious situations trying to explore the world around them.",,"United Kingdom, Russia",,https://m.media-amazon.com/images/M/MV5BNmM3NGQ3OWQtMTcxMS00MTI1LWEyN2QtYWJkYjYyNDIzYzNhXkEyXkFqcGc@._V1_SX300.jpg,"[{'Source': 'Internet Movie Database', 'Value': '6.8/10'}]",,6.8,603,tt6581428,series,,,,,True,4.0,Booba
921,Hasee Toh Phasee,2014,Not Rated,07 Feb 2014,141 min,"Comedy, Romance",Vinil Mathew,"Harshavardhan Kulkarni, Anurag Kashyap, Purva Naresh","Sidharth Malhotra, Parineeti Chopra, Adah Sharma","Nikhil is re-introduced to Meeta nearly ten years after their first meeting. Now, as Nikhil has one week to prove himself worth enough to marry Meeta's sister Karishma, the old acquaintances become quite close to each other.",Hindi,India,3 wins & 16 nominations,https://m.media-amazon.com/images/M/MV5BMTQ5NTUyMzE3Ml5BMl5BanBnXkFtZTgwOTI5MDEwMTE@._V1_SX300.jpg,"[{'Source': 'Internet Movie Database', 'Value': '6.8/10'}, {'Source': 'Rotten Tomatoes', 'Value': '80%'}]",,6.8,"16,678",tt3173910,movie,,"$646,035",,,True,,Hasee Toh Phasee
922,Zbrodnia,2014–,,16 Oct 2014,60 min,"Action, Crime",,,"Joanna Kulig, Magdalena Boczarska, Wojciech Zielinski",The peaceful lives of the residents inhabiting a seaside town are shaken following a series of macabre crimes.,"Polish, Hungarian, Czech, Romanian",Poland,,https://m.media-amazon.com/images/M/MV5BY2JiMzBmYjUtZTk4My00MjAyLWIzNjAtODc2ZmJjYzIxN2RjXkEyXkFqcGdeQXVyMTMxODk2OTU@._V1_SX300.jpg,"[{'Source': 'Internet Movie Database', 'Value': '6.3/10'}]",,6.3,797,tt4173216,series,,,,,True,2.0,Zbrodnia
923,"The Boss, Anatomy of a Crime",2014,,26 Feb 2015,90 min,"Crime, Drama",Sebastián Schindel,"Nicolás Batlle, Pablo Del Teso, Elías Neuman","Guillermo Pfening, Andrea Garrote, Joaquín Furriel","With dreams of a better life, a humble but illiterate labourer and his wife leave their poor village in Santiago to move to Buenos Aires. However, a sinister boss' promise of a bright future will come at a high price.",Spanish,"Argentina, Venezuela",14 wins & 14 nominations total,https://m.media-amazon.com/images/M/MV5BMjc3N2I2ZTYtNDE5Yy00NmQyLWJkZmYtZjJmNTk3MjJkZmMzXkEyXkFqcGc@._V1_SX300.jpg,"[{'Source': 'Internet Movie Database', 'Value': '7.3/10'}]",,7.3,"2,744",tt3854234,movie,,,,,True,,"The Boss, Anatomy of a Crime"
924,"That Winter, the Wind Blows",2013,,13 Feb 2013,65 min,Drama,,,"Han Jung-hyun, Zo In-sung, Song Hye-kyo",A man who was led to a life of a con artist who preys on rich women meets the sole heir to a fortune who is a blind woman.,Korean,South Korea,8 wins & 14 nominations,https://m.media-amazon.com/images/M/MV5BOWNkMzM4ODMtYjU1MC00ZmFlLTgyMDMtOTRiOGQ3Y2IyZGQ5XkEyXkFqcGc@._V1_SX300.jpg,"[{'Source': 'Internet Movie Database', 'Value': '7.5/10'}]",,7.5,"2,419",tt2806646,series,,,,,True,1.0,"That Winter, the Wind Blows"
925,Jim Jefferies: BARE,2014,TV-MA,29 Aug 2014,77 min,Comedy,Shannon Hartman,Jim Jefferies,Jim Jefferies,Covers topics from gun control to family values.,English,United States,,https://m.media-amazon.com/images/M/MV5BMDY0OGQ1MmQtN2ZkOS00MWFkLTkyODctZDc5N2JhNzQ1MmNlXkEyXkFqcGc@._V1_SX300.jpg,"[{'Source': 'Internet Movie Database', 'Value': '8.0/10'}]",,8.0,"5,889",tt3958494,movie,,,,,True,,Jim Jefferies: BARE
926,Pizza,2012,Not Rated,19 Oct 2012,127 min,"Horror, Mystery, Thriller",Karthik Subbaraj,"Prasath Ramar, Karthik Subbaraj","Vijay Sethupathi, Ramya Nambeeshan, Aadukalam Naren",A pizza delivery boy lands in a mysterious circumstance and it works a dramatic change in his life.,Tamil,India,5 wins & 3 nominations,https://m.media-amazon.com/images/M/MV5BYzUwNTE1MWUtN2M3Mi00MWExLTgxNGItNDE4NDEzNmFkOWJlXkEyXkFqcGc@._V1_SX300.jpg,"[{'Source': 'Internet Movie Database', 'Value': '7.9/10'}]",,7.9,"9,008",tt2585562,movie,,,,,True,,Pizza
927,Boss,2011–2012,TV-MA,21 Oct 2011,1 min,"Crime, Drama",,Farhad Safinia,"Kelsey Grammer, Connie Nielsen, Hannah Ware","Mayor Tom Kane, diagnosed with a dementia disorder, struggles to keep his grip on power in Chicago.",English,United States,1 win & 5 nominations total,https://m.media-amazon.com/images/M/MV5BMjFmNDNjZTYtYTkzYS00MDMxLTljNWItOTdlMDNlNDcwNzM5XkEyXkFqcGc@._V1_SX300.jpg,"[{'Source': 'Internet Movie Database', 'Value': '8.1/10'}]",,8.1,"18,725",tt1833285,series,,,,,True,2.0,Boss
928,Madras Cafe,2013,Not Rated,23 Aug 2013,130 min,"Action, Drama, Thriller",Shoojit Sircar,"Shubhendu Bhattacharya, Juhi Chaturvedi, Somnath Dey","Nargis Fakhri, John Abraham, Raashi Khanna",An Indian intelligence agent journeys to a war-torn coastal island to break a resolute rebel group and meets a passionate journalist.,Hindi,India,12 wins & 16 nominations total,https://m.media-amazon.com/images/M/MV5BMTg1MzU5ODM4Nl5BMl5BanBnXkFtZTcwOTQ3MTM5OQ@@._V1_SX300.jpg,"[{'Source': 'Internet Movie Database', 'Value': '7.6/10'}]",,7.6,"26,052",tt2855648,movie,,,,,True,,Madras Cafe
929,Dharmakshetra,2014–2015,,19 Nov 2014,43 min,Drama,,,"Bajrangbali Singh, Gaurav Ghatnekar, Chandan Anand","After the Mahabharata war, Pandavas and Kauravas face Chitragupta's court to answer for their actions. Each episode features a character answering questions on behalf of others.",Hindi,India,,https://m.media-amazon.com/images/M/MV5BODQ1ODAyZWMtNmY0Ni00ZDVkLTgxZGUtODJiNDUxNTQ5ZTQzXkEyXkFqcGc@._V1_SX300.jpg,"[{'Source': 'Internet Movie Database', 'Value': '8.5/10'}]",,8.5,426,tt6803712,series,,,,,True,1.0,Dharmakshetra
930,Masha's Spooky Stories,2012–2016,,,22 min,Animation,,Oleg Kuzovkov,Tiffany Alexander,"Masha explains why there's no need to be scared of things like monsters, the dark, going to a new school, thunder and other common childhood fears.",English,"United States, Russia",1 nomination,https://m.media-amazon.com/images/M/MV5BZTJkYzczMTAtYzRiNi00NTU5LWEyOTYtMTIwNzZiOWE0YWQ4XkEyXkFqcGc@._V1_SX300.jpg,"[{'Source': 'Internet Movie Database', 'Value': '5.0/10'}]",,5.0,61,tt6979430,series,,,,,True,1.0,Masha's Spooky Stories
931,Ankhon Dekhi,2013,,21 Mar 2014,107 min,"Comedy, Drama",Rajat Kapoor,Rajat Kapoor,"Sanjay Mishra, Seema Pahwa, Rajat Kapoor","After a distressing incident, a Delhi man vows to believe only what he can see, but his new ideals soon take his life in extreme directions.",Hindi,India,8 wins & 11 nominations,https://m.media-amazon.com/images/M/MV5BZmFjMDZkZDktNWQ5Yy00YTZiLTlmNGYtNjZjYmMxNjBmNzM0XkEyXkFqcGc@._V1_SX300.jpg,"[{'Source': 'Internet Movie Database', 'Value': '7.9/10'}]",,7.9,"12,996",tt3614516,movie,,,,,True,,Ankhon Dekhi
932,Kai Po Che,2013,Not Rated,22 Feb 2013,120 min,"Drama, Sport",Abhishek Kapoor,"Chetan Bhagat, Abhishek Kapoor, Supratik Sen","Amit Sadh, Sushant Singh Rajput, Rajkummar Rao",Three friends growing up in India at the turn of the millennium set out to open a training academy to produce the country's next cricket stars.,Hindi,India,12 wins & 36 nominations total,https://m.media-amazon.com/images/M/MV5BMTgwNTAwMjEzMF5BMl5BanBnXkFtZTcwNzMzODY4OA@@._V1_SX300.jpg,"[{'Source': 'Internet Movie Database', 'Value': '7.8/10'}, {'Source': 'Rotten Tomatoes', 'Value': '80%'}, {'Source': 'Metacritic', 'Value': '40/100'}]",40.0,7.8,"39,396",tt2213054,movie,,"$1,122,527",,,True,,Kai Po Che
933,Anjaan,2014,Not Rated,15 Aug 2014,166 min,"Action, Crime, Drama","N. Linguswamy, Suresh","N. Linguswamy, Brindha Sarathy, Shyam Raj","Suriya, Vidyut Jammwal, Samantha Ruth Prabhu","Krishna comes to Mumbai in search of his brother Raju Bhai, an underworld don. Through Raju Bhai's gangster friends, his past life is revealed. What happened to Raju Bhai? Will Krishna find him?",Tamil,India,3 nominations total,https://m.media-amazon.com/images/M/MV5BYTQ5OWY4NWYtOTVkNy00YzEyLWE0NTktOWRkYzQ4MTZjZWYyXkEyXkFqcGc@._V1_SX300.jpg,"[{'Source': 'Internet Movie Database', 'Value': '5.3/10'}]",,5.3,"6,397",tt3563156,movie,,,,,True,,Anjaan
934,ABCD,1999,Unrated,01 Apr 2000,105 min,Drama,Krutin Patel,"James McManus, Krutin Patel","David Ari, Sheetal Sheth, Madhur Jaffrey",The only goal of an ageing Asian-American widow is to see her son and rebellious daughter (described as an American Born Confused Deshi or ABCD) married off to respectable Indian families.,English,United States,1 win,https://m.media-amazon.com/images/M/MV5BMTM0MjI2MzkwOF5BMl5BanBnXkFtZTcwMTgzMjUyMQ@@._V1_SX300.jpg,"[{'Source': 'Internet Movie Database', 'Value': '5.7/10'}, {'Source': 'Rotten Tomatoes', 'Value': '70%'}, {'Source': 'Metacritic', 'Value': '53/100'}]",53.0,5.7,325,tt0221794,movie,,"$83,372",,,True,,ABCD
935,Blind Detective,2013,,04 Jul 2013,130 min,"Action, Comedy, Crime",Johnnie To,"Ryker Chan, Ka-Fai Wai, Nai-Hoi Yau","Andy Lau, Sammi Cheng, Tao Guo","A brilliant detective is forced into early retirement after losing eyesight. Making ends meet by solving cold cases for reward money, he teams up with a rookie lady inspector to solve a case from her personal past.","Cantonese, Mandarin, Portuguese, English","Hong Kong, China",3 wins & 14 nominations,https://m.media-amazon.com/images/M/MV5BNmFhODRhMzEtMDA2OS00YTNhLWI4MmUtNDI3ZmQ0MDI2OGQxXkEyXkFqcGc@._V1_SX300.jpg,"[{'Source': 'Internet Movie Database', 'Value': '6.4/10'}, {'Source': 'Rotten Tomatoes', 'Value': '55%'}]",,6.4,"3,733",tt2332707,movie,,,,,True,,Blind Detective
